<?xml version="1.0" encoding="utf-8" ?>
<CultureStartPositions>
    <CultureStartPosition id="default" x="332.96" y="1056.39"/>
    <CultureStartPosition id="empire" x="593.64" y="913.45"/>
    <CultureStartPosition id="sturgia" x="578.223" y="1159.794"/>
    <CultureStartPosition id="aserai" x="128.82" y="712.62"/>
    <CultureStartPosition id="battania" x="283.33" y="1164.20"/>
    <CultureStartPosition id="khuzait" x="979.78" y="1196.67"/>
    <CultureStartPosition id="vlandia" x="772.27" y="1048.17"/>
    <CultureStartPosition id="ayyubid" x="1057.82" y="579.62"/>
    <CultureStartPosition id="byzantine" x="966.54" y="886.85"/>	
    <CultureStartPosition id="goldenhorde" x="1148.69" y="1109.27"/>	
    <CultureStartPosition id="rus" x="898.861" y="1562.54"/>
    <CultureStartPosition id="sami" x="701.325" y="1374.18"/>
    <CultureStartPosition id="persian" x="1404.651" y="637.691"/>
</CultureStartPositions>