﻿<?xml version="1.0" encoding="utf-8"?>
<Settlements>
  <Settlement id="ferry_point_18" name="Ferry Point" posX="727.62" posY="1271.83" gate_posX="727.81" gate_posY="1271.98" culture="Culture.neutral_culture" prosperity="557" text="A ferry point">
    <Components>
      <FerryTravelPoint id="comp_ferry_point_18" map_icon="bandit_hideout_b" destination_id="ferry_point_17" background_crop_position="0.0" background_mesh="empire_twn_scene_bg" wait_mesh="wait_hideout_desert" gate_rotation="0.0" />
    </Components>
  </Settlement>
  <Settlement id="ferry_point_2" name="Ferry Point" posX="251.11" posY="1099.37" gate_posX="251.23" gate_posY="1099.16" culture="Culture.neutral_culture" prosperity="557" text="A ferry point">
    <Components>
      <FerryTravelPoint id="comp_ferry_point_2" map_icon="bandit_hideout_b" destination_id="ferry_point_1" background_crop_position="0.0" background_mesh="empire_twn_scene_bg" wait_mesh="wait_hideout_desert" gate_rotation="0.0" />
    </Components>
  </Settlement>
  <Settlement id="ferry_point_5" name="Ferry Point" posX="160.91" posY="1153.68" gate_posX="161.12" gate_posY="1153.80" culture="Culture.neutral_culture" prosperity="557" text="A ferry point">
    <Components>
      <FerryTravelPoint id="comp_ferry_point_5" map_icon="bandit_hideout_b" destination_id="ferry_point_6" background_crop_position="0.0" background_mesh="empire_twn_scene_bg" wait_mesh="wait_hideout_desert" gate_rotation="0.0" />
    </Components>
  </Settlement>
  <Settlement id="ferry_point_6" name="Ferry Point" posX="135.16" posY="1165.99" gate_posX="134.93" gate_posY="1165.96" culture="Culture.neutral_culture" prosperity="557" text="A ferry point">
    <Components>
      <FerryTravelPoint id="comp_ferry_point_6" map_icon="bandit_hideout_b" destination_id="ferry_point_5" background_crop_position="0.0" background_mesh="empire_twn_scene_bg" wait_mesh="wait_hideout_desert" gate_rotation="0.0" />
    </Components>
  </Settlement>
  <Settlement id="ferry_point_14" name="Ferry Point" posX="608.83" posY="1269.79" gate_posX="608.95" gate_posY="1269.99" culture="Culture.neutral_culture" prosperity="557" text="A ferry point">
    <Components>
      <FerryTravelPoint id="comp_ferry_point_14" map_icon="bandit_hideout_b" destination_id="ferry_point_13" background_crop_position="0.0" background_mesh="empire_twn_scene_bg" wait_mesh="wait_hideout_desert" gate_rotation="0.0" />
    </Components>
  </Settlement>
  <Settlement id="ferry_point_17" name="Ferry Point" posX="692.11" posY="1276.57" gate_posX="691.88" gate_posY="1276.53" culture="Culture.neutral_culture" prosperity="557" text="A ferry point">
    <Components>
      <FerryTravelPoint id="comp_ferry_point_17" map_icon="bandit_hideout_b" destination_id="ferry_point_18" background_crop_position="0.0" background_mesh="empire_twn_scene_bg" wait_mesh="wait_hideout_desert" gate_rotation="0.0" />
    </Components>
  </Settlement>
  <Settlement id="ferry_point_9" name="Ferry Point" posX="494.12" posY="1275.80" gate_posX="494.36" gate_posY="1275.78" culture="Culture.neutral_culture" prosperity="557" text="A ferry point">
    <Components>
      <FerryTravelPoint id="comp_ferry_point_9" map_icon="bandit_hideout_b" destination_id="ferry_point_10" background_crop_position="0.0" background_mesh="empire_twn_scene_bg" wait_mesh="wait_hideout_desert" gate_rotation="0.0" />
    </Components>
  </Settlement>
  <Settlement id="ferry_point_13" name="Ferry Point" posX="592.97" posY="1260.24" gate_posX="593.06" gate_posY="1260.03" culture="Culture.neutral_culture" prosperity="557" text="A ferry point">
    <Components>
      <FerryTravelPoint id="comp_ferry_point_13" map_icon="bandit_hideout_b" destination_id="ferry_point_14" background_crop_position="0.0" background_mesh="empire_twn_scene_bg" wait_mesh="wait_hideout_desert" gate_rotation="0.0" />
    </Components>
  </Settlement>
  <Settlement id="ferry_point_7" name="Ferry Point" posX="163.61" posY="1230.93" gate_posX="163.83" gate_posY="1231.02" culture="Culture.neutral_culture" prosperity="557" text="A ferry point">
    <Components>
      <FerryTravelPoint id="comp_ferry_point_7" map_icon="bandit_hideout_b" destination_id="ferry_point_8" background_crop_position="0.0" background_mesh="empire_twn_scene_bg" wait_mesh="wait_hideout_desert" gate_rotation="0.0" />
    </Components>
  </Settlement>
  <Settlement id="ferry_point_8" name="Ferry Point" posX="144.93" posY="1232.21" gate_posX="144.75" gate_posY="1232.07" culture="Culture.neutral_culture" prosperity="557" text="A ferry point">
    <Components>
      <FerryTravelPoint id="comp_ferry_point_8" map_icon="bandit_hideout_b" destination_id="ferry_point_7" background_crop_position="0.0" background_mesh="empire_twn_scene_bg" wait_mesh="wait_hideout_desert" gate_rotation="0.0" />
    </Components>
  </Settlement>
  <Settlement id="ferry_point_1" name="Ferry Point" posX="244.42" posY="1126.38" gate_posX="244.26" gate_posY="1126.56" culture="Culture.neutral_culture" prosperity="557" text="A ferry point">
    <Components>
      <FerryTravelPoint id="comp_ferry_point_1" map_icon="bandit_hideout_b" destination_id="ferry_point_2" background_crop_position="0.0" background_mesh="empire_twn_scene_bg" wait_mesh="wait_hideout_desert" gate_rotation="0.0" />
    </Components>
  </Settlement>
  <Settlement id="ferry_point_11" name="Ferry Point" posX="554.37" posY="1243.73" gate_posX="554.31" gate_posY="1243.50" culture="Culture.neutral_culture" prosperity="557" text="A ferry point">
    <Components>
      <FerryTravelPoint id="comp_ferry_point_11" map_icon="bandit_hideout_b" destination_id="ferry_point_12" background_crop_position="0.0" background_mesh="empire_twn_scene_bg" wait_mesh="wait_hideout_desert" gate_rotation="0.0" />
    </Components>
  </Settlement>
  <Settlement id="ferry_point_10" name="Ferry Point" posX="466.02" posY="1302.33" gate_posX="465.79" gate_posY="1302.37" culture="Culture.neutral_culture" prosperity="557" text="A ferry point">
    <Components>
      <FerryTravelPoint id="comp_ferry_point_10" map_icon="bandit_hideout_b" destination_id="ferry_point_9" background_crop_position="0.0" background_mesh="empire_twn_scene_bg" wait_mesh="wait_hideout_desert" gate_rotation="0.0" />
    </Components>
  </Settlement>
  <Settlement id="ferry_point_4" name="Ferry Point" posX="321.31" posY="1140.94" gate_posX="321.08" gate_posY="1140.95" culture="Culture.neutral_culture" prosperity="557" text="A ferry point">
    <Components>
      <FerryTravelPoint id="comp_ferry_point_4" map_icon="bandit_hideout_b" destination_id="ferry_point_3" background_crop_position="0.0" background_mesh="empire_twn_scene_bg" wait_mesh="wait_hideout_desert" gate_rotation="0.0" />
    </Components>
  </Settlement>
  <Settlement id="ferry_point_3" name="Ferry Point" posX="332.11" posY="1130.08" gate_posX="332.32" gate_posY="1129.98" culture="Culture.neutral_culture" prosperity="557" text="A ferry point">
    <Components>
      <FerryTravelPoint id="comp_ferry_point_3" map_icon="bandit_hideout_b" destination_id="ferry_point_4" background_crop_position="0.0" background_mesh="empire_twn_scene_bg" wait_mesh="wait_hideout_desert" gate_rotation="0.0" />
    </Components>
  </Settlement>
  <Settlement id="ferry_point_15" name="Ferry Point" posX="653.01" posY="1208.37" gate_posX="653.24" gate_posY="1208.32" culture="Culture.neutral_culture" prosperity="557" text="A ferry point">
    <Components>
      <FerryTravelPoint id="comp_ferry_point_15" map_icon="bandit_hideout_b" destination_id="ferry_point_16" background_crop_position="0.0" background_mesh="empire_twn_scene_bg" wait_mesh="wait_hideout_desert" gate_rotation="0.0" />
    </Components>
  </Settlement>
  <Settlement id="ferry_point_16" name="Ferry Point" posX="631.37" posY="1214.71" gate_posX="631.18" gate_posY="1214.58" culture="Culture.neutral_culture" prosperity="557" text="A ferry point">
    <Components>
      <FerryTravelPoint id="comp_ferry_point_16" map_icon="bandit_hideout_b" destination_id="ferry_point_15" background_crop_position="0.0" background_mesh="empire_twn_scene_bg" wait_mesh="wait_hideout_desert" gate_rotation="0.0" />
    </Components>
  </Settlement>
  <Settlement id="ferry_point_12" name="Ferry Point" posX="567.33" posY="1245.81" gate_posX="567.42" gate_posY="1246.02" culture="Culture.neutral_culture" prosperity="557" text="A ferry point">
    <Components>
      <FerryTravelPoint id="comp_ferry_point_12" map_icon="bandit_hideout_b" destination_id="ferry_point_11" background_crop_position="0.0" background_mesh="empire_twn_scene_bg" wait_mesh="wait_hideout_desert" gate_rotation="0.0" />
    </Components>
  </Settlement>
  <Settlement id="ferry_point_24" name="Ferry Point" posX="150.82" posY="754.34" gate_posX="150.91" gate_posY="754.13" culture="Culture.neutral_culture" prosperity="557" text="A ferry point">
    <Components>
      <FerryTravelPoint id="comp_ferry_point_24" map_icon="bandit_hideout_b" destination_id="ferry_point_23" background_crop_position="0.0" background_mesh="empire_twn_scene_bg" wait_mesh="wait_hideout_desert" gate_rotation="0.0" />
    </Components>
  </Settlement>
  <Settlement id="ferry_point_23" name="Ferry Point" posX="152.25" posY="765.68" gate_posX="152.16" gate_posY="765.89" culture="Culture.neutral_culture" prosperity="557" text="A ferry point">
    <Components>
      <FerryTravelPoint id="comp_ferry_point_23" map_icon="bandit_hideout_b" destination_id="ferry_point_24" background_crop_position="0.0" background_mesh="empire_twn_scene_bg" wait_mesh="wait_hideout_desert" gate_rotation="0.0" />
    </Components>
  </Settlement>
  <Settlement id="ferry_point_25" name="Ferry Point" posX="238.14" posY="773.01" gate_posX="238.13" gate_posY="773.24" culture="Culture.neutral_culture" prosperity="557" text="A ferry point">
    <Components>
      <FerryTravelPoint id="comp_ferry_point_25" map_icon="bandit_hideout_b" destination_id="ferry_point_26" background_crop_position="0.0" background_mesh="empire_twn_scene_bg" wait_mesh="wait_hideout_desert" gate_rotation="0.0" />
    </Components>
  </Settlement>
  <Settlement id="ferry_point_26" name="Ferry Point" posX="251.02" posY="742.18" gate_posX="251.24" gate_posY="742.09" culture="Culture.neutral_culture" prosperity="557" text="A ferry point">
    <Components>
      <FerryTravelPoint id="comp_ferry_point_26" map_icon="bandit_hideout_b" destination_id="ferry_point_25" background_crop_position="0.0" background_mesh="empire_twn_scene_bg" wait_mesh="wait_hideout_desert" gate_rotation="0.0" />
    </Components>
  </Settlement>
  <Settlement id="ferry_point_27" name="Ferry Point" posX="526.33" posY="922.23" gate_posX="526.14" gate_posY="922.10" culture="Culture.neutral_culture" prosperity="557" text="A ferry point">
    <Components>
      <FerryTravelPoint id="comp_ferry_point_27" map_icon="bandit_hideout_b" destination_id="ferry_point_28" background_crop_position="0.0" background_mesh="empire_twn_scene_bg" wait_mesh="wait_hideout_desert" gate_rotation="0.0" />
    </Components>
  </Settlement>
  <Settlement id="ferry_point_28" name="Ferry Point" posX="555.41" posY="933.48" gate_posX="555.57" gate_posY="933.66" culture="Culture.neutral_culture" prosperity="557" text="A ferry point">
    <Components>
      <FerryTravelPoint id="comp_ferry_point_28" map_icon="bandit_hideout_b" destination_id="ferry_point_27" background_crop_position="0.0" background_mesh="empire_twn_scene_bg" wait_mesh="wait_hideout_desert" gate_rotation="0.0" />
    </Components>
  </Settlement>
  <Settlement id="ferry_point_29" name="Ferry Point" posX="562.32" posY="779.56" gate_posX="562.09" gate_posY="779.52" culture="Culture.neutral_culture" prosperity="557" text="A ferry point">
    <Components>
      <FerryTravelPoint id="comp_ferry_point_29" map_icon="bandit_hideout_b" destination_id="ferry_point_30" background_crop_position="0.0" background_mesh="empire_twn_scene_bg" wait_mesh="wait_hideout_desert" gate_rotation="0.0" />
    </Components>
  </Settlement>
  <Settlement id="ferry_point_30" name="Ferry Point" posX="607.30" posY="801.05" gate_posX="607.26" gate_posY="801.28" culture="Culture.neutral_culture" prosperity="557" text="A ferry point">
    <Components>
      <FerryTravelPoint id="comp_ferry_point_30" map_icon="bandit_hideout_b" destination_id="ferry_point_29" background_crop_position="0.0" background_mesh="empire_twn_scene_bg" wait_mesh="wait_hideout_desert" gate_rotation="0.0" />
    </Components>
  </Settlement>
  <Settlement id="ferry_point_31" name="Ferry Point" posX="749.41" posY="863.31" gate_posX="749.18" gate_posY="863.26" culture="Culture.neutral_culture" prosperity="557" text="A ferry point">
    <Components>
      <FerryTravelPoint id="comp_ferry_point_31" map_icon="bandit_hideout_b" destination_id="ferry_point_32" background_crop_position="0.0" background_mesh="empire_twn_scene_bg" wait_mesh="wait_hideout_desert" gate_rotation="0.0" />
    </Components>
  </Settlement>
  <Settlement id="ferry_point_32" name="Ferry Point" posX="774.02" posY="871.12" gate_posX="774.16" gate_posY="871.31" culture="Culture.neutral_culture" prosperity="557" text="A ferry point">
    <Components>
      <FerryTravelPoint id="comp_ferry_point_32" map_icon="bandit_hideout_b" destination_id="ferry_point_31" background_crop_position="0.0" background_mesh="empire_twn_scene_bg" wait_mesh="wait_hideout_desert" gate_rotation="0.0" />
    </Components>
  </Settlement>
  <Settlement id="ferry_point_33" name="Ferry Point" posX="1144.42" posY="502.38" gate_posX="1144.00" gate_posY="501.85" culture="Culture.neutral_culture" prosperity="557" text="A ferry point">
    <Components>
      <FerryTravelPoint id="comp_ferry_point_33" map_icon="bandit_hideout_b" destination_id="ferry_point_34" background_crop_position="0.0" background_mesh="empire_twn_scene_bg" wait_mesh="wait_hideout_desert" gate_rotation="0.0" />
    </Components>
  </Settlement>
  <Settlement id="ferry_point_34" name="Ferry Point" posX="1193.02" posY="530.50" gate_posX="1193.16" gate_posY="531.34" culture="Culture.neutral_culture" prosperity="557" text="A ferry point">
    <Components>
      <FerryTravelPoint id="comp_ferry_point_34" map_icon="bandit_hideout_b" destination_id="ferry_point_33" background_crop_position="0.0" background_mesh="empire_twn_scene_bg" wait_mesh="wait_hideout_desert" gate_rotation="0.0" />
    </Components>
  </Settlement>
  <Settlement id="ferry_point_35" name="Ferry Point" posX="870.48" posY="767.57" gate_posX="869.66" gate_posY="767.79" culture="Culture.neutral_culture" prosperity="557" text="A ferry point">
    <Components>
      <FerryTravelPoint id="comp_ferry_point_35" map_icon="bandit_hideout_b" destination_id="ferry_point_36" background_crop_position="0.0" background_mesh="empire_twn_scene_bg" wait_mesh="wait_hideout_desert" gate_rotation="0.0" />
    </Components>
  </Settlement>
  <Settlement id="ferry_point_40" name="Ferry Point" posX="1177.75" posY="773.48" gate_posX="1177.51" gate_posY="774.29" culture="Culture.neutral_culture" prosperity="557" text="A ferry point">
    <Components>
      <FerryTravelPoint id="comp_ferry_point_40" map_icon="bandit_hideout_b" destination_id="ferry_point_39" background_crop_position="0.0" background_mesh="empire_twn_scene_bg" wait_mesh="wait_hideout_desert" gate_rotation="0.0" />
    </Components>
  </Settlement>
  <Settlement id="ferry_point_41" name="Ferry Point" posX="987.01" posY="868.73" gate_posX="987.67" gate_posY="868.19" culture="Culture.neutral_culture" prosperity="557" text="A ferry point">
    <Components>
      <FerryTravelPoint id="comp_ferry_point_41" map_icon="bandit_hideout_b" destination_id="ferry_point_42" background_crop_position="0.0" background_mesh="empire_twn_scene_bg" wait_mesh="wait_hideout_desert" gate_rotation="0.0" />
    </Components>
  </Settlement>
  <Settlement id="ferry_point_42" name="Ferry Point" posX="987.26" posY="883.23" gate_posX="986.60" gate_posY="883.76" culture="Culture.neutral_culture" prosperity="557" text="A ferry point">
    <Components>
      <FerryTravelPoint id="comp_ferry_point_42" map_icon="bandit_hideout_b" destination_id="ferry_point_41" background_crop_position="0.0" background_mesh="empire_twn_scene_bg" wait_mesh="wait_hideout_desert" gate_rotation="0.0" />
    </Components>
  </Settlement>
  <Settlement id="ferry_point_39" name="Ferry Point" posX="1154.51" posY="747.51" gate_posX="1154.35" gate_posY="746.68" culture="Culture.neutral_culture" prosperity="557" text="A ferry point">
    <Components>
      <FerryTravelPoint id="comp_ferry_point_39" map_icon="bandit_hideout_b" destination_id="ferry_point_40" background_crop_position="0.0" background_mesh="empire_twn_scene_bg" wait_mesh="wait_hideout_desert" gate_rotation="0.0" />
    </Components>
  </Settlement>
  <Settlement id="ferry_point_36" name="Ferry Point" posX="882.84" posY="744.64" gate_posX="883.64" gate_posY="744.36" culture="Culture.neutral_culture" prosperity="557" text="A ferry point">
    <Components>
      <FerryTravelPoint id="comp_ferry_point_36" map_icon="bandit_hideout_b" destination_id="ferry_point_35" background_crop_position="0.0" background_mesh="empire_twn_scene_bg" wait_mesh="wait_hideout_desert" gate_rotation="0.0" />
    </Components>
  </Settlement>
  <Settlement id="ferry_point_37" name="Ferry Point" posX="948.12" posY="735.81" gate_posX="947.83" gate_posY="735.02" culture="Culture.neutral_culture" prosperity="557" text="A ferry point">
    <Components>
      <FerryTravelPoint id="comp_ferry_point_37" map_icon="bandit_hideout_b" destination_id="ferry_point_38" background_crop_position="0.0" background_mesh="empire_twn_scene_bg" wait_mesh="wait_hideout_desert" gate_rotation="0.0" />
    </Components>
  </Settlement>
  <Settlement id="ferry_point_38" name="Ferry Point" posX="993.31" posY="771.51" gate_posX="993.30" gate_posY="772.36" culture="Culture.neutral_culture" prosperity="557" text="A ferry point">
    <Components>
      <FerryTravelPoint id="comp_ferry_point_38" map_icon="bandit_hideout_b" destination_id="ferry_point_37" background_crop_position="0.0" background_mesh="empire_twn_scene_bg" wait_mesh="wait_hideout_desert" gate_rotation="0.0" />
    </Components>
  </Settlement>
  <Settlement id="ferry_point_43" name="Ferry Point" posX="1015.29" posY="1006.34" gate_posX="1014.94" gate_posY="1007.11" culture="Culture.neutral_culture" prosperity="557" text="A ferry point">
    <Components>
      <FerryTravelPoint id="comp_ferry_point_43" map_icon="bandit_hideout_b" destination_id="ferry_point_44" background_crop_position="0.0" background_mesh="empire_twn_scene_bg" wait_mesh="wait_hideout_desert" gate_rotation="0.0" />
    </Components>
  </Settlement>
  <Settlement id="ferry_point_44" name="Ferry Point" posX="1013.29" posY="995.79" gate_posX="1013.98" gate_posY="995.29" culture="Culture.neutral_culture" prosperity="557" text="A ferry point">
    <Components>
      <FerryTravelPoint id="comp_ferry_point_44" map_icon="bandit_hideout_b" destination_id="ferry_point_43" background_crop_position="0.0" background_mesh="empire_twn_scene_bg" wait_mesh="wait_hideout_desert" gate_rotation="0.0" />
    </Components>
  </Settlement>
  <Settlement id="ferry_point_45" name="Ferry Point" posX="1113.52" posY="1011.53" gate_posX="1112.70" gate_posY="1011.74" culture="Culture.neutral_culture" prosperity="557" text="A ferry point">
    <Components>
      <FerryTravelPoint id="comp_ferry_point_45" map_icon="bandit_hideout_b" destination_id="ferry_point_46" background_crop_position="0.0" background_mesh="empire_twn_scene_bg" wait_mesh="wait_hideout_desert" gate_rotation="0.0" />
    </Components>
  </Settlement>
  <Settlement id="ferry_point_46" name="Ferry Point" posX="1120.90" posY="999.80" gate_posX="1121.73" gate_posY="999.63" culture="Culture.neutral_culture" prosperity="557" text="A ferry point">
    <Components>
      <FerryTravelPoint id="comp_ferry_point_46" map_icon="bandit_hideout_b" destination_id="ferry_point_45" background_crop_position="0.0" background_mesh="empire_twn_scene_bg" wait_mesh="wait_hideout_desert" gate_rotation="0.0" />
    </Components>
  </Settlement>
  <Settlement id="ferry_point_47" name="Ferry Point" posX="1186.13" posY="1018.30" gate_posX="1185.31" gate_posY="1018.51" culture="Culture.neutral_culture" prosperity="557" text="A ferry point">
    <Components>
      <FerryTravelPoint id="comp_ferry_point_47" map_icon="bandit_hideout_b" destination_id="ferry_point_48" background_crop_position="0.0" background_mesh="empire_twn_scene_bg" wait_mesh="wait_hideout_desert" gate_rotation="0.0" />
    </Components>
  </Settlement>
  <Settlement id="ferry_point_48" name="Ferry Point" posX="1216.26" posY="989.31" gate_posX="1217.03" gate_posY="988.97" culture="Culture.neutral_culture" prosperity="557" text="A ferry point">
    <Components>
      <FerryTravelPoint id="comp_ferry_point_48" map_icon="bandit_hideout_b" destination_id="ferry_point_47" background_crop_position="0.0" background_mesh="empire_twn_scene_bg" wait_mesh="wait_hideout_desert" gate_rotation="0.0" />
    </Components>
  </Settlement>
  <Settlement id="ferry_point_49" name="Ferry Point" posX="1357.37" posY="1053.79" gate_posX="1356.55" gate_posY="1053.61" culture="Culture.neutral_culture" prosperity="557" text="A ferry point">
    <Components>
      <FerryTravelPoint id="comp_ferry_point_49" map_icon="bandit_hideout_b" destination_id="ferry_point_50" background_crop_position="0.0" background_mesh="empire_twn_scene_bg" wait_mesh="wait_hideout_desert" gate_rotation="0.0" />
    </Components>
  </Settlement>
  <Settlement id="ferry_point_50" name="Ferry Point" posX="1366.26" posY="1049.80" gate_posX="1367.11" gate_posY="1049.87" culture="Culture.neutral_culture" prosperity="557" text="A ferry point">
    <Components>
      <FerryTravelPoint id="comp_ferry_point_50" map_icon="bandit_hideout_b" destination_id="ferry_point_49" background_crop_position="0.0" background_mesh="empire_twn_scene_bg" wait_mesh="wait_hideout_desert" gate_rotation="0.0" />
    </Components>
  </Settlement>
  <Settlement id="ferry_point_51" name="Ferry Point" posX="1039.08" posY="1250.53" gate_posX="1039.87" gate_posY="1250.24" culture="Culture.neutral_culture" prosperity="557" text="A ferry point">
    <Components>
      <FerryTravelPoint id="comp_ferry_point_51" map_icon="bandit_hideout_b" destination_id="ferry_point_52" background_crop_position="0.0" background_mesh="empire_twn_scene_bg" wait_mesh="wait_hideout_desert" gate_rotation="0.0" />
    </Components>
  </Settlement>
  <Settlement id="ferry_point_52" name="Ferry Point" posX="1035.57" posY="1260.18" gate_posX="1034.79" gate_posY="1260.51" culture="Culture.neutral_culture" prosperity="557" text="A ferry point">
    <Components>
      <FerryTravelPoint id="comp_ferry_point_52" map_icon="bandit_hideout_b" destination_id="ferry_point_51" background_crop_position="0.0" background_mesh="empire_twn_scene_bg" wait_mesh="wait_hideout_desert" gate_rotation="0.0" />
    </Components>
  </Settlement>
  <Settlement id="ferry_point_53" name="Ferry Point" posX="799.93" posY="1462.88" gate_posX="799.08" gate_posY="1462.96" culture="Culture.neutral_culture" prosperity="557" text="A ferry point">
    <Components>
      <FerryTravelPoint id="comp_ferry_point_53" map_icon="bandit_hideout_b" destination_id="ferry_point_54" background_crop_position="0.0" background_mesh="empire_twn_scene_bg" wait_mesh="wait_hideout_desert" gate_rotation="0.0" />
    </Components>
  </Settlement>
  <Settlement id="ferry_point_54" name="Ferry Point" posX="819.42" posY="1434.86" gate_posX="820.26" gate_posY="1434.74" culture="Culture.neutral_culture" prosperity="557" text="A ferry point">
    <Components>
      <FerryTravelPoint id="comp_ferry_point_54" map_icon="bandit_hideout_b" destination_id="ferry_point_53" background_crop_position="0.0" background_mesh="empire_twn_scene_bg" wait_mesh="wait_hideout_desert" gate_rotation="0.0" />
    </Components>
  </Settlement>
  <Settlement id="ferry_point_56" name="Ferry Point" posX="979.32" posY="1519.65" gate_posX="980.11" gate_posY="1519.34" culture="Culture.neutral_culture" prosperity="557" text="A ferry point">
    <Components>
      <FerryTravelPoint id="comp_ferry_point_56" map_icon="bandit_hideout_b" destination_id="ferry_point_55" background_crop_position="0.0" background_mesh="empire_twn_scene_bg" wait_mesh="wait_hideout_desert" gate_rotation="0.0" />
    </Components>
  </Settlement>
  <Settlement id="ferry_point_55" name="Ferry Point" posX="973.03" posY="1533.08" gate_posX="972.19" gate_posY="1532.97" culture="Culture.neutral_culture" prosperity="557" text="A ferry point">
    <Components>
      <FerryTravelPoint id="comp_ferry_point_55" map_icon="bandit_hideout_b" destination_id="ferry_point_56" background_crop_position="0.0" background_mesh="empire_twn_scene_bg" wait_mesh="wait_hideout_desert" gate_rotation="0.0" />
    </Components>
  </Settlement>
  <Settlement id="ferry_point_58" name="Ferry Point" posX="684.38" posY="1547.43" gate_posX="685.05" gate_posY="1546.91" culture="Culture.neutral_culture" prosperity="557" text="A ferry point">
    <Components>
      <FerryTravelPoint id="comp_ferry_point_58" map_icon="bandit_hideout_b" destination_id="ferry_point_57" background_crop_position="0.0" background_mesh="empire_twn_scene_bg" wait_mesh="wait_hideout_desert" gate_rotation="0.0" />
    </Components>
  </Settlement>
  <Settlement id="ferry_point_57" name="Ferry Point" posX="683.38" posY="1571.80" gate_posX="682.64" gate_posY="1572.21" culture="Culture.neutral_culture" prosperity="557" text="A ferry point">
    <Components>
      <FerryTravelPoint id="comp_ferry_point_57" map_icon="bandit_hideout_b" destination_id="ferry_point_58" background_crop_position="0.0" background_mesh="empire_twn_scene_bg" wait_mesh="wait_hideout_desert" gate_rotation="0.0" />
    </Components>
  </Settlement>
</Settlements>