﻿<?xml version="1.0" encoding="utf-8"?>
<Settlements>
  <Settlement id="landing_area_France01" name="Landing Area" posX="258.27" posY="1019.31" gate_posX="257.71" gate_posY="1018.52" culture="Culture.neutral_culture" prosperity="557" text="A Landing Area">
    <Components>
      <LandingArea id="comp_landing_area_France01" map_icon="bandit_hideout_b" landed_ships_x="258.95" landed_ships_y="1020.21" background_crop_position="0.0" background_mesh="empire_twn_scene_bg" wait_mesh="wait_hideout_desert" gate_rotation="0.0" />
    </Components>
  </Settlement>
  <Settlement id="landing_area_England01" name="Landing Area" posX="240.71" posY="1252.90" gate_posX="241.18" gate_posY="1253.77" culture="Culture.neutral_culture" prosperity="557" text="A Landing Area">
    <Components>
      <LandingArea id="comp_landing_area_England01" map_icon="bandit_hideout_b" landed_ships_x="240.17" landed_ships_y="1251.96" background_crop_position="0.0" background_mesh="empire_twn_scene_bg" wait_mesh="wait_hideout_desert" gate_rotation="0.0" />
    </Components>
  </Settlement>
  <Settlement id="landing_area_Afrika01" name="Landing Area" posX="477.69" posY="786.10" gate_posX="478.26" gate_posY="786.90" culture="Culture.neutral_culture" prosperity="557" text="A Landing Area">
    <Components>
      <LandingArea id="comp_landing_area_Afrika01" map_icon="bandit_hideout_b" landed_ships_x="476.96" landed_ships_y="785.28" background_crop_position="0.0" background_mesh="empire_twn_scene_bg" wait_mesh="wait_hideout_desert" gate_rotation="0.0" />
    </Components>
  </Settlement>
  <Settlement id="landing_area_Afrika02" name="Landing Area" posX="644.40" posY="676.79" gate_posX="644.90" gate_posY="677.61" culture="Culture.neutral_culture" prosperity="557" text="A Landing Area">
    <Components>
      <LandingArea id="comp_landing_area_Afrika02" map_icon="bandit_hideout_b" landed_ships_x="643.74" landed_ships_y="675.86" background_crop_position="0.0" background_mesh="empire_twn_scene_bg" wait_mesh="wait_hideout_desert" gate_rotation="0.0" />
    </Components>
  </Settlement>
  <Settlement id="landing_area_croatie01" name="Landing Area" posX="684.16" posY="952.01" gate_posX="684.17" gate_posY="951.05" culture="Culture.neutral_culture" prosperity="557" text="A Landing Area">
    <Components>
      <LandingArea id="comp_landing_area_croatie01" map_icon="bandit_hideout_b" landed_ships_x="684.17" landed_ships_y="953.15" background_crop_position="0.0" background_mesh="empire_twn_scene_bg" wait_mesh="wait_hideout_desert" gate_rotation="0.0" />
    </Components>
  </Settlement>
  <Settlement id="landing_area_grece01" name="Landing Area" posX="818.42" posY="824.37" gate_posX="818.43" gate_posY="823.40" culture="Culture.neutral_culture" prosperity="557" text="A Landing Area">
    <Components>
      <LandingArea id="comp_landing_area_grece01" map_icon="bandit_hideout_b" landed_ships_x="818.43" landed_ships_y="825.50" background_crop_position="0.0" background_mesh="empire_twn_scene_bg" wait_mesh="wait_hideout_desert" gate_rotation="0.0" />
    </Components>
  </Settlement>
  <Settlement id="landing_area_danemark01" name="Landing Area" posX="423.40" posY="1193.64" gate_posX="423.17" gate_posY="1194.57" culture="Culture.neutral_culture" prosperity="557" text="A Landing Area">
    <Components>
      <LandingArea id="comp_landing_area_danemark01" map_icon="bandit_hideout_b" landed_ships_x="423.62" landed_ships_y="1192.51" background_crop_position="0.0" background_mesh="empire_twn_scene_bg" wait_mesh="wait_hideout_desert" gate_rotation="0.0" />
    </Components>
  </Settlement>
  <Settlement id="landing_area_pologne01" name="Landing Area" posX="674.11" posY="1138.07" gate_posX="673.66" gate_posY="1137.26" culture="Culture.neutral_culture" prosperity="557" text="A Landing Area">
    <Components>
      <LandingArea id="comp_landing_area_pologne01" map_icon="bandit_hideout_b" landed_ships_x="674.71" landed_ships_y="1139.08" background_crop_position="0.0" background_mesh="empire_twn_scene_bg" wait_mesh="wait_hideout_desert" gate_rotation="0.0" />
    </Components>
  </Settlement>
  <Settlement id="landing_area_ayyubid01" name="Landing Area" posX="1147.00" posY="633.98" gate_posX="1146.18" gate_posY="635.17" culture="Culture.neutral_culture" prosperity="557" text="A Landing Area">
    <Components>
      <LandingArea id="comp_landing_area_ayyubid01" map_icon="bandit_hideout_b" landed_ships_x="1147.51" landed_ships_y="632.93" background_crop_position="0.0" background_mesh="empire_twn_scene_bg" wait_mesh="wait_hideout_desert" gate_rotation="0.0" />
    </Components>
  </Settlement>
  <Settlement id="landing_area_roumanie01" name="Landing Area" posX="926.23" posY="1078.54" gate_posX="925.66" gate_posY="1079.28" culture="Culture.neutral_culture" prosperity="557" text="A Landing Area">
    <Components>
      <LandingArea id="comp_landing_area_roumanie01" map_icon="bandit_hideout_b" landed_ships_x="926.92" landed_ships_y="1077.59" background_crop_position="0.0" background_mesh="empire_twn_scene_bg" wait_mesh="wait_hideout_desert" gate_rotation="0.0" />
    </Components>
  </Settlement>
  <Settlement id="landing_area_turquie01" name="Landing Area" posX="1267.36" posY="856.02" gate_posX="1267.69" gate_posY="856.92" culture="Culture.neutral_culture" prosperity="557" text="A Landing Area">
    <Components>
      <LandingArea id="comp_landing_area_turquie01" map_icon="bandit_hideout_b" landed_ships_x="1266.93" landed_ships_y="854.95" background_crop_position="0.0" background_mesh="empire_twn_scene_bg" wait_mesh="wait_hideout_desert" gate_rotation="0.0" />
    </Components>
  </Settlement>
  <Settlement id="landing_area_Golden01" name="Landing Area" posX="1093.58" posY="1098.29" gate_posX="1093.63" gate_posY="1097.35" culture="Culture.neutral_culture" prosperity="557" text="A Landing Area">
    <Components>
      <LandingArea id="comp_landing_area_Golden01" map_icon="bandit_hideout_b" landed_ships_x="1093.55" landed_ships_y="1099.45" background_crop_position="0.0" background_mesh="empire_twn_scene_bg" wait_mesh="wait_hideout_desert" gate_rotation="0.0" />
    </Components>
  </Settlement>
  <Settlement id="landing_area_Golden02n" name="Landing Area" posX="1318.41" posY="1106.55" gate_posX="1318.35" gate_posY="1105.61" culture="Culture.neutral_culture" prosperity="557" text="A Landing Area">
    <Components>
      <LandingArea id="comp_landing_area_Golden02n" map_icon="bandit_hideout_b" landed_ships_x="1318.48" landed_ships_y="1107.71" background_crop_position="0.0" background_mesh="empire_twn_scene_bg" wait_mesh="wait_hideout_desert" gate_rotation="0.0" />
    </Components>
  </Settlement>
  <Settlement id="landing_area_Golden03" name="Landing Area" posX="1335.13" posY="913.03" gate_posX="1334.60" gate_posY="912.29" culture="Culture.neutral_culture" prosperity="557" text="A Landing Area">
    <Components>
      <LandingArea id="comp_landing_area_Golden03" map_icon="bandit_hideout_b" landed_ships_x="1335.83" landed_ships_y="913.98" background_crop_position="0.0" background_mesh="empire_twn_scene_bg" wait_mesh="wait_hideout_desert" gate_rotation="0.0" />
    </Components>
  </Settlement>
  <Settlement id="landing_area_Kievan02" name="Landing Area" posX="1244.39" posY="1312.98" gate_posX="1244.35" gate_posY="1313.78" culture="Culture.neutral_culture" prosperity="557" text="A Landing Area">
    <Components>
      <LandingArea id="comp_landing_area_Kievan02" map_icon="bandit_hideout_b" landed_ships_x="1244.97" landed_ships_y="1311.71" background_crop_position="0.0" background_mesh="empire_twn_scene_bg" wait_mesh="wait_hideout_desert" gate_rotation="0.0" />
    </Components>
  </Settlement>
  <Settlement id="landing_area_Kievan03" name="Landing Area" posX="890.79" posY="1319.83" gate_posX="890.79" gate_posY="1318.86" culture="Culture.neutral_culture" prosperity="557" text="A Landing Area">
    <Components>
      <LandingArea id="comp_landing_area_Kievan03" map_icon="bandit_hideout_b" landed_ships_x="890.80" landed_ships_y="1320.96" background_crop_position="0.0" background_mesh="empire_twn_scene_bg" wait_mesh="wait_hideout_desert" gate_rotation="0.0" />
    </Components>
  </Settlement>
  <Settlement id="landing_area_Sami01" name="Landing Area" posX="918.33" posY="1364.83" gate_posX="918.98" gate_posY="1364.11" culture="Culture.neutral_culture" prosperity="557" text="A Landing Area">
    <Components>
      <LandingArea id="comp_landing_area_Sami01" map_icon="bandit_hideout_b" landed_ships_x="917.61" landed_ships_y="1365.70" background_crop_position="0.0" background_mesh="empire_twn_scene_bg" wait_mesh="wait_hideout_desert" gate_rotation="0.0" />
    </Components>
  </Settlement>
  <Settlement id="landing_area_Sami02" name="Landing Area" posX="852.36" posY="1510.06" gate_posX="853.03" gate_posY="1509.32" culture="Culture.neutral_culture" prosperity="557" text="A Landing Area">
    <Components>
      <LandingArea id="comp_landing_area_Sami02" map_icon="bandit_hideout_b" landed_ships_x="851.57" landed_ships_y="1511.23" background_crop_position="0.0" background_mesh="empire_twn_scene_bg" wait_mesh="wait_hideout_desert" gate_rotation="0.0" />
    </Components>
  </Settlement>
</Settlements>