﻿<?xml version="1.0" encoding="utf-8"?>
<Settlements>
  <Settlement id="port_of_Ayyubid_town_A8" name="{=tZMsW93JKJ}Port of {SETTLEMENT_NAME}" posX="1037.31" posY="636.47" gate_posX="1035.60" gate_posY="635.21" culture="Culture.neutral_culture" prosperity="557" text="{=tZMsW93JKJ}Port of {SETTLEMENT_NAME}">
    <Components>
      <Port id="comp_port_of_Ayyubid_town_A8" port_of="Ayyubid_town_A8" map_icon="bandit_hideout_b" background_crop_position="0.0" background_mesh="empire_twn_scene_bg" wait_mesh="wait_hideout_desert" gate_rotation="0.0">
        <Connections>
          <Connection id="Ayyubid_town_A3" />
          <Connection id="Ayyubid_town_A4" />
          <Connection id="Ayyubid_town_A6" />
          <Connection id="Byzantine_town_ES5" />
        </Connections>
      </Port>
    </Components>
  </Settlement>
  <Settlement id="port_of_Byzantine_town_ES2" name="{=tZMsW93JKJ}Port of {SETTLEMENT_NAME}" posX="875.67" posY="800.79" gate_posX="877.51" gate_posY="801.37" culture="Culture.neutral_culture" prosperity="557" text="{=tZMsW93JKJ}Port of {SETTLEMENT_NAME}">
    <Components>
      <Port id="comp_port_of_Byzantine_town_ES2" port_of="Byzantine_town_ES2" map_icon="bandit_hideout_b" background_crop_position="0.0" background_mesh="empire_twn_scene_bg" wait_mesh="wait_hideout_desert" gate_rotation="0.0">
        <Connections>
          <Connection id="Byzantine_town_ES1" />
          <Connection id="Byzantine_town_ES3" />
          <Connection id="Byzantine_town_ES5" />
          <Connection id="town_ES2" />
          <Connection id="Ayyubid_town_A3" />
        </Connections>
      </Port>
    </Components>
  </Settlement>
  <Settlement id="port_of_town_A4" name="{=tZMsW93JKJ}Port of {SETTLEMENT_NAME}" posX="538.29" posY="795.03" gate_posX="538.05" gate_posY="794.17" culture="Culture.neutral_culture" prosperity="557" text="{=tZMsW93JKJ}Port of {SETTLEMENT_NAME}">
    <Components>
      <Port id="comp_port_of_town_A4" port_of="town_A4" map_icon="bandit_hideout_b" background_crop_position="0.0" background_mesh="empire_twn_scene_bg" wait_mesh="wait_hideout_desert" gate_rotation="0.0">
        <Connections>
          <Connection id="town_ES7" />
          <Connection id="town_A6" />
          <Connection id="Ayyubid_town_A3" />
        </Connections>
      </Port>
    </Components>
  </Settlement>
  <Settlement id="port_of_town_ES3" name="{=tZMsW93JKJ}Port of {SETTLEMENT_NAME}" posX="614.70" posY="815.80" gate_posX="616.71" gate_posY="816.21" culture="Culture.neutral_culture" prosperity="557" text="{=tZMsW93JKJ}Port of {SETTLEMENT_NAME}">
    <Components>
      <Port id="comp_port_of_town_ES3" port_of="town_ES3" map_icon="bandit_hideout_b" background_crop_position="0.0" background_mesh="empire_twn_scene_bg" wait_mesh="wait_hideout_desert" gate_rotation="0.0">
        <Connections>
          <Connection id="town_ES5" />
          <Connection id="town_ES7" />
          <Connection id="Ayyubid_town_A3" />
        </Connections>
      </Port>
    </Components>
  </Settlement>
  <Settlement id="port_of_town_SAM7" name="{=tZMsW93JKJ}Port of {SETTLEMENT_NAME}" posX="1036.32" posY="1619.07" gate_posX="1036.83" gate_posY="1618.50" culture="Culture.neutral_culture" prosperity="557" text="{=tZMsW93JKJ}Port of {SETTLEMENT_NAME}">
    <Components>
      <Port id="comp_port_of_town_SAM7" port_of="town_SAM7" map_icon="bandit_hideout_b" background_crop_position="0.0" background_mesh="empire_twn_scene_bg" wait_mesh="wait_hideout_desert" gate_rotation="0.0">
        <Connections>
          <Connection id="town_SAM1" />
          <Connection id="town_SAM2" />
          <Connection id="town_SAM3" />
        </Connections>
      </Port>
    </Components>
  </Settlement>
  <Settlement id="port_of_town_B3" name="{=tZMsW93JKJ}Port of {SETTLEMENT_NAME}" posX="173.38" posY="1148.97" gate_posX="174.08" gate_posY="1148.41" culture="Culture.neutral_culture" prosperity="557" text="{=tZMsW93JKJ}Port of {SETTLEMENT_NAME}">
    <Components>
      <Port id="comp_port_of_town_B3" port_of="town_B3" map_icon="bandit_hideout_b" background_crop_position="0.0" background_mesh="empire_twn_scene_bg" wait_mesh="wait_hideout_desert" gate_rotation="0.0">
        <Connections>
          <Connection id="town_B4" />
          <Connection id="town_B1" />
          <Connection id="town_B2" />
          <Connection id="town_V5" />
        </Connections>
      </Port>
    </Components>
  </Settlement>
  <Settlement id="port_of_town_EN2" name="{=tZMsW93JKJ}Port of {SETTLEMENT_NAME}" posX="535.73" posY="1187.08" gate_posX="536.63" gate_posY="1185.94" culture="Culture.neutral_culture" prosperity="557" text="{=tZMsW93JKJ}Port of {SETTLEMENT_NAME}">
    <Components>
      <Port id="comp_port_of_town_EN2" port_of="town_EN2" map_icon="bandit_hideout_b" background_crop_position="0.0" background_mesh="empire_twn_scene_bg" wait_mesh="wait_hideout_desert" gate_rotation="0.0">
        <Connections>
          <Connection id="town_B4" />
          <Connection id="town_V8" />
          <Connection id="town_S2" />
          <Connection id="town_S3" />
          <Connection id="town_S7" />
          <Connection id="town_S1" />
        </Connections>
      </Port>
    </Components>
  </Settlement>
  <Settlement id="port_of_town_S1" name="{=tZMsW93JKJ}Port of {SETTLEMENT_NAME}" posX="430.25" posY="1378.05" gate_posX="428.69" gate_posY="1378.08" culture="Culture.neutral_culture" prosperity="557" text="{=tZMsW93JKJ}Port of {SETTLEMENT_NAME}">
    <Components>
      <Port id="comp_port_of_town_S1" port_of="town_S1" map_icon="bandit_hideout_b" background_crop_position="0.0" background_mesh="empire_twn_scene_bg" wait_mesh="wait_hideout_desert" gate_rotation="0.0">
        <Connections>
          <Connection id="town_V8" />
          <Connection id="town_EN2" />
          <Connection id="town_SAM3" />
          <Connection id="town_SAM4" />
        </Connections>
      </Port>
    </Components>
  </Settlement>
  <Settlement id="port_of_Golden_town_K6" name="{=tZMsW93JKJ}Port of {SETTLEMENT_NAME}" posX="1524.67" posY="1244.77" gate_posX="1525.31" gate_posY="1245.11" culture="Culture.neutral_culture" prosperity="557" text="{=tZMsW93JKJ}Port of {SETTLEMENT_NAME}">
    <Components>
      <Port id="comp_port_of_Golden_town_K6" port_of="Golden_town_K6" map_icon="bandit_hideout_b" background_crop_position="0.0" background_mesh="empire_twn_scene_bg" wait_mesh="wait_hideout_desert" gate_rotation="0.0">
        <Connections>
          <Connection id="Golden_town_K1" />
          <Connection id="town_KR7" />
        </Connections>
      </Port>
    </Components>
  </Settlement>
  <Settlement id="port_of_town_KR7" name="{=tZMsW93JKJ}Port of {SETTLEMENT_NAME}" posX="1240.78" posY="1337.46" gate_posX="1240.73" gate_posY="1338.27" culture="Culture.neutral_culture" prosperity="557" text="{=tZMsW93JKJ}Port of {SETTLEMENT_NAME}">
    <Components>
      <Port id="comp_port_of_town_KR7" port_of="town_KR7" map_icon="bandit_hideout_b" background_crop_position="0.0" background_mesh="empire_twn_scene_bg" wait_mesh="wait_hideout_desert" gate_rotation="0.0">
        <Connections>
          <Connection id="Golden_town_K6" />
          <Connection id="Golden_town_K1" />
        </Connections>
      </Port>
    </Components>
  </Settlement>
  <Settlement id="port_of_town_B2" name="{=tZMsW93JKJ}Port of {SETTLEMENT_NAME}" posX="169.83" posY="1250.79" gate_posX="169.07" gate_posY="1250.31" culture="Culture.neutral_culture" prosperity="557" text="{=tZMsW93JKJ}Port of {SETTLEMENT_NAME}">
    <Components>
      <Port id="comp_port_of_town_B2" port_of="town_B2" map_icon="bandit_hideout_b" background_crop_position="0.0" background_mesh="empire_twn_scene_bg" wait_mesh="wait_hideout_desert" gate_rotation="0.0">
        <Connections>
          <Connection id="town_B3" />
          <Connection id="town_B1" />
        </Connections>
      </Port>
    </Components>
  </Settlement>
  <Settlement id="port_of_town_S3" name="{=tZMsW93JKJ}Port of {SETTLEMENT_NAME}" posX="587.45" posY="1306.55" gate_posX="586.20" gate_posY="1307.18" culture="Culture.neutral_culture" prosperity="557" text="{=tZMsW93JKJ}Port of {SETTLEMENT_NAME}">
    <Components>
      <Port id="comp_port_of_town_S3" port_of="town_S3" map_icon="bandit_hideout_b" background_crop_position="0.0" background_mesh="empire_twn_scene_bg" wait_mesh="wait_hideout_desert" gate_rotation="0.0">
        <Connections>
          <Connection id="town_EN2" />
          <Connection id="town_S2" />
          <Connection id="town_S7" />
        </Connections>
      </Port>
    </Components>
  </Settlement>
  <Settlement id="port_of_town_SAM3" name="{=tZMsW93JKJ}Port of {SETTLEMENT_NAME}" posX="874.64" posY="1606.75" gate_posX="875.42" gate_posY="1606.97" culture="Culture.neutral_culture" prosperity="557" text="{=tZMsW93JKJ}Port of {SETTLEMENT_NAME}">
    <Components>
      <Port id="comp_port_of_town_SAM3" port_of="town_SAM3" map_icon="bandit_hideout_b" background_crop_position="0.0" background_mesh="empire_twn_scene_bg" wait_mesh="wait_hideout_desert" gate_rotation="0.0">
        <Connections>
          <Connection id="town_SAM7" />
          <Connection id="town_SAM4" />
          <Connection id="town_S1" />
        </Connections>
      </Port>
    </Components>
  </Settlement>
  <Settlement id="port_of_town_EN1" name="{=tZMsW93JKJ}Port of {SETTLEMENT_NAME}" posX="744.85" posY="1231.95" gate_posX="744.49" gate_posY="1233.23" culture="Culture.neutral_culture" prosperity="557" text="{=tZMsW93JKJ}Port of {SETTLEMENT_NAME}">
    <Components>
      <Port id="comp_port_of_town_EN1" port_of="town_EN1" map_icon="bandit_hideout_b" background_crop_position="0.0" background_mesh="empire_twn_scene_bg" wait_mesh="wait_hideout_desert" gate_rotation="0.0">
        <Connections>
          <Connection id="town_S7" />
          <Connection id="town_S6" />
          <Connection id="town_S4" />
          <Connection id="town_KR5" />
          <Connection id="town_KR4" />
          <Connection id="town_SAM5" />
          <Connection id="town_SAM1" />
          <Connection id="town_SAM2" />
        </Connections>
      </Port>
    </Components>
  </Settlement>
  <Settlement id="port_of_Golden_town_K3" name="{=tZMsW93JKJ}Port of {SETTLEMENT_NAME}" posX="1056.14" posY="1016.10" gate_posX="1056.95" gate_posY="1014.25" culture="Culture.neutral_culture" prosperity="557" text="{=tZMsW93JKJ}Port of {SETTLEMENT_NAME}">
    <Components>
      <Port id="comp_port_of_Golden_town_K3" port_of="Golden_town_K3" map_icon="bandit_hideout_b" background_crop_position="0.0" background_mesh="empire_twn_scene_bg" wait_mesh="wait_hideout_desert" gate_rotation="0.0">
        <Connections>
          <Connection id="Golden_town_K2" />
          <Connection id="Golden_town_K5" />
          <Connection id="Byzantine_town_ES3" />
          <Connection id="Byzantine_town_ES5" />
          <Connection id="town_KR1" />
        </Connections>
      </Port>
    </Components>
  </Settlement>
  <Settlement id="port_of_Byzantine_town_ES1" name="{=tZMsW93JKJ}Port of {SETTLEMENT_NAME}" posX="861.68" posY="865.08" gate_posX="863.38" gate_posY="864.56" culture="Culture.neutral_culture" prosperity="557" text="{=tZMsW93JKJ}Port of {SETTLEMENT_NAME}">
    <Components>
      <Port id="comp_port_of_Byzantine_town_ES1" port_of="Byzantine_town_ES1" map_icon="bandit_hideout_b" background_crop_position="0.0" background_mesh="empire_twn_scene_bg" wait_mesh="wait_hideout_desert" gate_rotation="0.0">
        <Connections>
          <Connection id="Byzantine_town_ES3" />
          <Connection id="Byzantine_town_ES5" />
          <Connection id="Byzantine_town_ES2" />
        </Connections>
      </Port>
    </Components>
  </Settlement>
  <Settlement id="port_of_town_EW2" name="{=tZMsW93JKJ}Port of {SETTLEMENT_NAME}" posX="56.93" posY="828.52" gate_posX="55.38" gate_posY="829.37" culture="Culture.neutral_culture" prosperity="557" text="{=tZMsW93JKJ}Port of {SETTLEMENT_NAME}">
    <Components>
      <Port id="comp_port_of_town_EW2" port_of="town_EW2" map_icon="bandit_hideout_b" background_crop_position="0.0" background_mesh="empire_twn_scene_bg" wait_mesh="wait_hideout_desert" gate_rotation="0.0">
        <Connections>
          <Connection id="town_EW5" />
          <Connection id="town_EW3" />
        </Connections>
      </Port>
    </Components>
  </Settlement>
  <Settlement id="port_of_town_S7" name="{=tZMsW93JKJ}Port of {SETTLEMENT_NAME}" posX="597.16" posY="1245.23" gate_posX="598.21" gate_posY="1245.93" culture="Culture.neutral_culture" prosperity="557" text="{=tZMsW93JKJ}Port of {SETTLEMENT_NAME}">
    <Components>
      <Port id="comp_port_of_town_S7" port_of="town_S7" map_icon="bandit_hideout_b" background_crop_position="0.0" background_mesh="empire_twn_scene_bg" wait_mesh="wait_hideout_desert" gate_rotation="0.0">
        <Connections>
          <Connection id="town_EN2" />
          <Connection id="town_S3" />
          <Connection id="town_S2" />
          <Connection id="town_EN1" />
          <Connection id="town_S4" />
          <Connection id="town_KR4" />
          <Connection id="town_SAM1" />
        </Connections>
      </Port>
    </Components>
  </Settlement>
  <Settlement id="port_of_town_ES1" name="{=tZMsW93JKJ}Port of {SETTLEMENT_NAME}" posX="625.09" posY="950.40" gate_posX="626.37" gate_posY="950.22" culture="Culture.neutral_culture" prosperity="557" text="{=tZMsW93JKJ}Port of {SETTLEMENT_NAME}">
    <Components>
      <Port id="comp_port_of_town_ES1" port_of="town_ES1" map_icon="bandit_hideout_b" background_crop_position="0.0" background_mesh="empire_twn_scene_bg" wait_mesh="wait_hideout_desert" gate_rotation="0.0">
        <Connections>
          <Connection id="town_ES2" />
        </Connections>
      </Port>
    </Components>
  </Settlement>
  <Settlement id="port_of_Ayyubid_town_A6" name="{=tZMsW93JKJ}Port of {SETTLEMENT_NAME}" posX="1069.31" posY="537.65" gate_posX="1067.37" gate_posY="537.98" culture="Culture.neutral_culture" prosperity="557" text="{=tZMsW93JKJ}Port of {SETTLEMENT_NAME}">
    <Components>
      <Port id="comp_port_of_Ayyubid_town_A6" port_of="Ayyubid_town_A6" map_icon="bandit_hideout_b" background_crop_position="0.0" background_mesh="empire_twn_scene_bg" wait_mesh="wait_hideout_desert" gate_rotation="0.0">
        <Connections>
          <Connection id="Ayyubid_town_A8" />
          <Connection id="Ayyubid_town_A4" />
        </Connections>
      </Port>
    </Components>
  </Settlement>
  <Settlement id="port_of_town_ES5" name="{=tZMsW93JKJ}Port of {SETTLEMENT_NAME}" posX="632.93" posY="884.23" gate_posX="633.06" gate_posY="882.65" culture="Culture.neutral_culture" prosperity="557" text="{=tZMsW93JKJ}Port of {SETTLEMENT_NAME}">
    <Components>
      <Port id="comp_port_of_town_ES5" port_of="town_ES5" map_icon="bandit_hideout_b" background_crop_position="0.0" background_mesh="empire_twn_scene_bg" wait_mesh="wait_hideout_desert" gate_rotation="0.0">
        <Connections>
          <Connection id="town_ES6" />
          <Connection id="town_ES3" />
          <Connection id="town_ES7" />
        </Connections>
      </Port>
    </Components>
  </Settlement>
  <Settlement id="port_of_town_EW3" name="{=tZMsW93JKJ}Port of {SETTLEMENT_NAME}" posX="144.63" posY="790.72" gate_posX="146.04" gate_posY="792.02" culture="Culture.neutral_culture" prosperity="557" text="{=tZMsW93JKJ}Port of {SETTLEMENT_NAME}">
    <Components>
      <Port id="comp_port_of_town_EW3" port_of="town_EW3" map_icon="bandit_hideout_b" background_crop_position="0.0" background_mesh="empire_twn_scene_bg" wait_mesh="wait_hideout_desert" gate_rotation="0.0">
        <Connections>
          <Connection id="town_EW2" />
          <Connection id="town_A8" />
          <Connection id="town_EW1" />
        </Connections>
      </Port>
    </Components>
  </Settlement>
  <Settlement id="port_of_Byzantine_town_ES5" name="{=tZMsW93JKJ}Port of {SETTLEMENT_NAME}" posX="968.84" posY="814.97" gate_posX="968.23" gate_posY="817.09" culture="Culture.neutral_culture" prosperity="557" text="{=tZMsW93JKJ}Port of {SETTLEMENT_NAME}">
    <Components>
      <Port id="comp_port_of_Byzantine_town_ES5" port_of="Byzantine_town_ES5" map_icon="bandit_hideout_b" background_crop_position="0.0" background_mesh="empire_twn_scene_bg" wait_mesh="wait_hideout_desert" gate_rotation="0.0">
        <Connections>
          <Connection id="Byzantine_town_ES1" />
          <Connection id="Byzantine_town_ES3" />
          <Connection id="Byzantine_town_ES2" />
          <Connection id="Ayyubid_town_A3" />
          <Connection id="Ayyubid_town_A8" />
          <Connection id="Golden_town_K3" />
        </Connections>
      </Port>
    </Components>
  </Settlement>
  <Settlement id="port_of_Byzantine_town_ES3" name="{=tZMsW93JKJ}Port of {SETTLEMENT_NAME}" posX="1014.57" posY="878.93" gate_posX="1016.58" gate_posY="879.62" culture="Culture.neutral_culture" prosperity="557" text="{=tZMsW93JKJ}Port of {SETTLEMENT_NAME}">
    <Components>
      <Port id="comp_port_of_Byzantine_town_ES3" port_of="Byzantine_town_ES3" map_icon="bandit_hideout_b" background_crop_position="0.0" background_mesh="empire_twn_scene_bg" wait_mesh="wait_hideout_desert" gate_rotation="0.0">
        <Connections>
          <Connection id="Byzantine_town_ES1" />
          <Connection id="Byzantine_town_ES5" />
          <Connection id="Byzantine_town_ES2" />
          <Connection id="Golden_town_K3" />
          <Connection id="town_KR1" />
        </Connections>
      </Port>
    </Components>
  </Settlement>
  <Settlement id="port_of_town_B1" name="{=tZMsW93JKJ}Port of {SETTLEMENT_NAME}" posX="139.49" posY="1189.52" gate_posX="140.38" gate_posY="1189.39" culture="Culture.neutral_culture" prosperity="557" text="{=tZMsW93JKJ}Port of {SETTLEMENT_NAME}">
    <Components>
      <Port id="comp_port_of_town_B1" port_of="town_B1" map_icon="bandit_hideout_b" background_crop_position="0.0" background_mesh="empire_twn_scene_bg" wait_mesh="wait_hideout_desert" gate_rotation="0.0">
        <Connections>
          <Connection id="town_B3" />
          <Connection id="town_B2" />
        </Connections>
      </Port>
    </Components>
  </Settlement>
  <Settlement id="port_of_town_S6" name="{=tZMsW93JKJ}Port of {SETTLEMENT_NAME}" posX="735.58" posY="1436.01" gate_posX="736.45" gate_posY="1434.88" culture="Culture.neutral_culture" prosperity="557" text="{=tZMsW93JKJ}Port of {SETTLEMENT_NAME}">
    <Components>
      <Port id="comp_port_of_town_S6" port_of="town_S6" map_icon="bandit_hideout_b" background_crop_position="0.0" background_mesh="empire_twn_scene_bg" wait_mesh="wait_hideout_desert" gate_rotation="0.0">
        <Connections>
          <Connection id="town_S4" />
          <Connection id="town_EN1" />
          <Connection id="town_KR5" />
          <Connection id="town_KR4" />
          <Connection id="town_SAM5" />
          <Connection id="town_SAM1" />
        </Connections>
      </Port>
    </Components>
  </Settlement>
  <Settlement id="port_of_Golden_town_K1" name="{=tZMsW93JKJ}Port of {SETTLEMENT_NAME}" posX="1484.80" posY="941.64" gate_posX="1485.49" gate_posY="940.18" culture="Culture.neutral_culture" prosperity="557" text="{=tZMsW93JKJ}Port of {SETTLEMENT_NAME}">
    <Components>
      <Port id="comp_port_of_Golden_town_K1" port_of="Golden_town_K1" map_icon="bandit_hideout_b" background_crop_position="0.0" background_mesh="empire_twn_scene_bg" wait_mesh="wait_hideout_desert" gate_rotation="0.0">
        <Connections>
          <Connection id="Golden_town_K6" />
          <Connection id="town_KR7" />
        </Connections>
      </Port>
    </Components>
  </Settlement>
  <Settlement id="port_of_Ayyubid_town_A4" name="{=tZMsW93JKJ}Port of {SETTLEMENT_NAME}" posX="1067.96" posY="614.51" gate_posX="1067.18" gate_posY="616.44" culture="Culture.neutral_culture" prosperity="557" text="{=tZMsW93JKJ}Port of {SETTLEMENT_NAME}">
    <Components>
      <Port id="comp_port_of_Ayyubid_town_A4" port_of="Ayyubid_town_A4" map_icon="bandit_hideout_b" background_crop_position="0.0" background_mesh="empire_twn_scene_bg" wait_mesh="wait_hideout_desert" gate_rotation="0.0">
        <Connections>
          <Connection id="Ayyubid_town_A3" />
          <Connection id="Ayyubid_town_A8" />
          <Connection id="Ayyubid_town_A6" />
        </Connections>
      </Port>
    </Components>
  </Settlement>
  <Settlement id="port_of_town_V6" name="{=tZMsW93JKJ}Port of {SETTLEMENT_NAME}" posX="318.28" posY="1028.93" gate_posX="316.98" gate_posY="1028.65" culture="Culture.neutral_culture" prosperity="557" text="{=tZMsW93JKJ}Port of {SETTLEMENT_NAME}">
    <Components>
      <Port id="comp_port_of_town_V6" port_of="town_V6" map_icon="bandit_hideout_b" background_crop_position="0.0" background_mesh="empire_twn_scene_bg" wait_mesh="wait_hideout_desert" gate_rotation="0.0">
        <Connections>
          <Connection id="town_V5" />
          <Connection id="town_V2" />
        </Connections>
      </Port>
    </Components>
  </Settlement>
  <Settlement id="port_of_town_B4" name="{=tZMsW93JKJ}Port of {SETTLEMENT_NAME}" posX="284.07" posY="1154.01" gate_posX="284.41" gate_posY="1153.18" culture="Culture.neutral_culture" prosperity="557" text="{=tZMsW93JKJ}Port of {SETTLEMENT_NAME}">
    <Components>
      <Port id="comp_port_of_town_B4" port_of="town_B4" map_icon="bandit_hideout_b" background_crop_position="0.0" background_mesh="empire_twn_scene_bg" wait_mesh="wait_hideout_desert" gate_rotation="0.0">
        <Connections>
          <Connection id="town_V8" />
          <Connection id="town_EN2" />
          <Connection id="town_B3" />
          <Connection id="town_V5" />
          <Connection id="town_V2" />
          <Connection id="town_S1" />
        </Connections>
      </Port>
    </Components>
  </Settlement>
  <Settlement id="port_of_town_S2" name="{=tZMsW93JKJ}Port of {SETTLEMENT_NAME}" posX="562.33" posY="1364.23" gate_posX="563.22" gate_posY="1362.97" culture="Culture.neutral_culture" prosperity="557" text="{=tZMsW93JKJ}Port of {SETTLEMENT_NAME}">
    <Components>
      <Port id="comp_port_of_town_S2" port_of="town_S2" map_icon="bandit_hideout_b" background_crop_position="0.0" background_mesh="empire_twn_scene_bg" wait_mesh="wait_hideout_desert" gate_rotation="0.0">
        <Connections>
          <Connection id="town_EN2" />
          <Connection id="town_S3" />
          <Connection id="town_S7" />
        </Connections>
      </Port>
    </Components>
  </Settlement>
  <Settlement id="port_of_Golden_town_K5" name="{=tZMsW93JKJ}Port of {SETTLEMENT_NAME}" posX="1202.39" posY="981.86" gate_posX="1201.23" gate_posY="981.06" culture="Culture.neutral_culture" prosperity="557" text="{=tZMsW93JKJ}Port of {SETTLEMENT_NAME}">
    <Components>
      <Port id="comp_port_of_Golden_town_K5" port_of="Golden_town_K5" map_icon="bandit_hideout_b" background_crop_position="0.0" background_mesh="empire_twn_scene_bg" wait_mesh="wait_hideout_desert" gate_rotation="0.0">
        <Connections>
          <Connection id="Golden_town_K2" />
          <Connection id="Golden_town_K3" />
          <Connection id="town_KR1" />
        </Connections>
      </Port>
    </Components>
  </Settlement>
  <Settlement id="port_of_town_EW4" name="{=tZMsW93JKJ}Port of {SETTLEMENT_NAME}" posX="341.42" posY="890.89" gate_posX="342.08" gate_posY="891.95" culture="Culture.neutral_culture" prosperity="557" text="{=tZMsW93JKJ}Port of {SETTLEMENT_NAME}">
    <Components>
      <Port id="comp_port_of_town_EW4" port_of="town_EW4" map_icon="bandit_hideout_b" background_crop_position="0.0" background_mesh="empire_twn_scene_bg" wait_mesh="wait_hideout_desert" gate_rotation="0.0">
        <Connections>
          <Connection id="town_EW1" />
          <Connection id="town_V7" />
        </Connections>
      </Port>
    </Components>
  </Settlement>
  <Settlement id="port_of_town_V8" name="{=tZMsW93JKJ}Port of {SETTLEMENT_NAME}" posX="337.66" posY="1067.99" gate_posX="338.23" gate_posY="1068.68" culture="Culture.neutral_culture" prosperity="557" text="{=tZMsW93JKJ}Port of {SETTLEMENT_NAME}">
    <Components>
      <Port id="comp_port_of_town_V8" port_of="town_V8" map_icon="bandit_hideout_b" background_crop_position="0.0" background_mesh="empire_twn_scene_bg" wait_mesh="wait_hideout_desert" gate_rotation="0.0">
        <Connections>
          <Connection id="town_B4" />
          <Connection id="town_EN2" />
          <Connection id="town_V5" />
          <Connection id="town_S1" />
        </Connections>
      </Port>
    </Components>
  </Settlement>
  <Settlement id="port_of_town_S4" name="{=tZMsW93JKJ}Port of {SETTLEMENT_NAME}" posX="733.29" posY="1343.00" gate_posX="734.84" gate_posY="1343.94" culture="Culture.neutral_culture" prosperity="557" text="{=tZMsW93JKJ}Port of {SETTLEMENT_NAME}">
    <Components>
      <Port id="comp_port_of_town_S4" port_of="town_S4" map_icon="bandit_hideout_b" background_crop_position="0.0" background_mesh="empire_twn_scene_bg" wait_mesh="wait_hideout_desert" gate_rotation="0.0">
        <Connections>
          <Connection id="town_S7" />
          <Connection id="town_S6" />
          <Connection id="town_EN1" />
          <Connection id="town_KR5" />
          <Connection id="town_KR4" />
          <Connection id="town_SAM5" />
          <Connection id="town_SAM1" />
          <Connection id="town_SAM2" />
        </Connections>
      </Port>
    </Components>
  </Settlement>
  <Settlement id="port_of_town_SAM4" name="{=tZMsW93JKJ}Port of {SETTLEMENT_NAME}" posX="663.47" posY="1568.33" gate_posX="664.23" gate_posY="1569.48" culture="Culture.neutral_culture" prosperity="557" text="{=tZMsW93JKJ}Port of {SETTLEMENT_NAME}">
    <Components>
      <Port id="comp_port_of_town_SAM4" port_of="town_SAM4" map_icon="bandit_hideout_b" background_crop_position="0.0" background_mesh="empire_twn_scene_bg" wait_mesh="wait_hideout_desert" gate_rotation="0.0">
        <Connections>
          <Connection id="town_SAM3" />
          <Connection id="town_S1" />
        </Connections>
      </Port>
    </Components>
  </Settlement>
  <Settlement id="port_of_town_SAM2" name="{=tZMsW93JKJ}Port of {SETTLEMENT_NAME}" posX="825.41" posY="1488.16" gate_posX="824.53" gate_posY="1488.04" culture="Culture.neutral_culture" prosperity="557" text="{=tZMsW93JKJ}Port of {SETTLEMENT_NAME}">
    <Components>
      <Port id="comp_port_of_town_SAM2" port_of="town_SAM2" map_icon="bandit_hideout_b" background_crop_position="0.0" background_mesh="empire_twn_scene_bg" wait_mesh="wait_hideout_desert" gate_rotation="0.0">
        <Connections>
          <Connection id="town_SAM1" />
          <Connection id="town_SAM7" />
          <Connection id="town_SAM5" />
          <Connection id="town_KR4" />
          <Connection id="town_S4" />
          <Connection id="town_EN1" />
        </Connections>
      </Port>
    </Components>
  </Settlement>
  <Settlement id="port_of_town_KR5" name="{=tZMsW93JKJ}Port of {SETTLEMENT_NAME}" posX="1005.32" posY="1267.38" gate_posX="1004.23" gate_posY="1267.81" culture="Culture.neutral_culture" prosperity="557" text="{=tZMsW93JKJ}Port of {SETTLEMENT_NAME}">
    <Components>
      <Port id="comp_port_of_town_KR5" port_of="town_KR5" map_icon="bandit_hideout_b" background_crop_position="0.0" background_mesh="empire_twn_scene_bg" wait_mesh="wait_hideout_desert" gate_rotation="0.0">
        <Connections>
          <Connection id="town_KR4" />
          <Connection id="town_S6" />
          <Connection id="town_S4" />
          <Connection id="town_EN1" />
          <Connection id="town_SAM1" />
        </Connections>
      </Port>
    </Components>
  </Settlement>
  <Settlement id="port_of_town_KR4" name="{=tZMsW93JKJ}Port of {SETTLEMENT_NAME}" posX="903.53" posY="1285.41" gate_posX="902.96" gate_posY="1284.07" culture="Culture.neutral_culture" prosperity="557" text="{=tZMsW93JKJ}Port of {SETTLEMENT_NAME}">
    <Components>
      <Port id="comp_port_of_town_KR4" port_of="town_KR4" map_icon="bandit_hideout_b" background_crop_position="0.0" background_mesh="empire_twn_scene_bg" wait_mesh="wait_hideout_desert" gate_rotation="0.0">
        <Connections>
          <Connection id="town_KR5" />
          <Connection id="town_S6" />
          <Connection id="town_S4" />
          <Connection id="town_EN1" />
          <Connection id="town_S7" />
          <Connection id="town_SAM5" />
          <Connection id="town_SAM1" />
          <Connection id="town_SAM2" />
        </Connections>
      </Port>
    </Components>
  </Settlement>
  <Settlement id="port_of_Ayyubid_town_A3" name="{=tZMsW93JKJ}Port of {SETTLEMENT_NAME}" posX="826.24" posY="656.39" gate_posX="824.59" gate_posY="658.30" culture="Culture.neutral_culture" prosperity="557" text="{=tZMsW93JKJ}Port of {SETTLEMENT_NAME}">
    <Components>
      <Port id="comp_port_of_Ayyubid_town_A3" port_of="Ayyubid_town_A3" map_icon="bandit_hideout_b" background_crop_position="0.0" background_mesh="empire_twn_scene_bg" wait_mesh="wait_hideout_desert" gate_rotation="0.0">
        <Connections>
          <Connection id="town_ES3" />
          <Connection id="town_A4" />
          <Connection id="Ayyubid_town_A4" />
          <Connection id="Ayyubid_town_A8" />
          <Connection id="Byzantine_town_ES2" />
          <Connection id="Byzantine_town_ES5" />
        </Connections>
      </Port>
    </Components>
  </Settlement>
  <Settlement id="port_of_town_EW1" name="{=tZMsW93JKJ}Port of {SETTLEMENT_NAME}" posX="286.07" posY="843.71" gate_posX="287.16" gate_posY="842.71" culture="Culture.neutral_culture" prosperity="557" text="{=tZMsW93JKJ}Port of {SETTLEMENT_NAME}">
    <Components>
      <Port id="comp_port_of_town_EW1" port_of="town_EW1" map_icon="bandit_hideout_b" background_crop_position="0.0" background_mesh="empire_twn_scene_bg" wait_mesh="wait_hideout_desert" gate_rotation="0.0">
        <Connections>
          <Connection id="town_EW3" />
          <Connection id="town_EW4" />
        </Connections>
      </Port>
    </Components>
  </Settlement>
  <Settlement id="port_of_town_ES6" name="{=tZMsW93JKJ}Port of {SETTLEMENT_NAME}" posX="512.02" posY="971.32" gate_posX="512.37" gate_posY="969.81" culture="Culture.neutral_culture" prosperity="557" text="{=tZMsW93JKJ}Port of {SETTLEMENT_NAME}">
    <Components>
      <Port id="comp_port_of_town_ES6" port_of="town_ES6" map_icon="bandit_hideout_b" background_crop_position="0.0" background_mesh="empire_twn_scene_bg" wait_mesh="wait_hideout_desert" gate_rotation="0.0">
        <Connections>
          <Connection id="town_V7" />
          <Connection id="town_ES5" />
          <Connection id="town_ES7" />
        </Connections>
      </Port>
    </Components>
  </Settlement>
  <Settlement id="port_of_town_A8" name="{=tZMsW93JKJ}Port of {SETTLEMENT_NAME}" posX="125.34" posY="720.77" gate_posX="126.00" gate_posY="720.17" culture="Culture.neutral_culture" prosperity="557" text="{=tZMsW93JKJ}Port of {SETTLEMENT_NAME}">
    <Components>
      <Port id="comp_port_of_town_A8" port_of="town_A8" map_icon="bandit_hideout_b" background_crop_position="0.0" background_mesh="empire_twn_scene_bg" wait_mesh="wait_hideout_desert" gate_rotation="0.0">
        <Connections>
          <Connection id="town_EW3" />
        </Connections>
      </Port>
    </Components>
  </Settlement>
  <Settlement id="port_of_town_V5" name="{=tZMsW93JKJ}Port of {SETTLEMENT_NAME}" posX="256.80" posY="1033.83" gate_posX="256.45" gate_posY="1032.63" culture="Culture.neutral_culture" prosperity="557" text="{=tZMsW93JKJ}Port of {SETTLEMENT_NAME}">
    <Components>
      <Port id="comp_port_of_town_V5" port_of="town_V5" map_icon="bandit_hideout_b" background_crop_position="0.0" background_mesh="empire_twn_scene_bg" wait_mesh="wait_hideout_desert" gate_rotation="0.0">
        <Connections>
          <Connection id="town_B4" />
          <Connection id="town_V2" />
          <Connection id="town_V8" />
          <Connection id="town_B3" />
          <Connection id="town_V6" />
        </Connections>
      </Port>
    </Components>
  </Settlement>
  <Settlement id="port_of_town_V2" name="{=tZMsW93JKJ}Port of {SETTLEMENT_NAME}" posX="263.41" posY="978.56" gate_posX="262.39" gate_posY="977.20" culture="Culture.neutral_culture" prosperity="557" text="{=tZMsW93JKJ}Port of {SETTLEMENT_NAME}">
    <Components>
      <Port id="comp_port_of_town_V2" port_of="town_V2" map_icon="bandit_hideout_b" background_crop_position="0.0" background_mesh="empire_twn_scene_bg" wait_mesh="wait_hideout_desert" gate_rotation="0.0">
        <Connections>
          <Connection id="town_B4" />
          <Connection id="town_V5" />
          <Connection id="town_EW5" />
          <Connection id="town_V6" />
        </Connections>
      </Port>
    </Components>
  </Settlement>
  <Settlement id="port_of_town_V7" name="{=tZMsW93JKJ}Port of {SETTLEMENT_NAME}" posX="397.45" posY="946.01" gate_posX="398.83" gate_posY="945.37" culture="Culture.neutral_culture" prosperity="557" text="{=tZMsW93JKJ}Port of {SETTLEMENT_NAME}">
    <Components>
      <Port id="comp_port_of_town_V7" port_of="town_V7" map_icon="bandit_hideout_b" background_crop_position="0.0" background_mesh="empire_twn_scene_bg" wait_mesh="wait_hideout_desert" gate_rotation="0.0">
        <Connections>
          <Connection id="town_EW4" />
          <Connection id="town_ES6" />
        </Connections>
      </Port>
    </Components>
  </Settlement>
  <Settlement id="port_of_town_KR1" name="{=tZMsW93JKJ}Port of {SETTLEMENT_NAME}" posX="1052.15" posY="1144.52" gate_posX="1053.00" gate_posY="1144.94" culture="Culture.neutral_culture" prosperity="557" text="{=tZMsW93JKJ}Port of {SETTLEMENT_NAME}">
    <Components>
      <Port id="comp_port_of_town_KR1" port_of="town_KR1" map_icon="bandit_hideout_b" background_crop_position="0.0" background_mesh="empire_twn_scene_bg" wait_mesh="wait_hideout_desert" gate_rotation="0.0">
        <Connections>
          <Connection id="Golden_town_K3" />
          <Connection id="Golden_town_K5" />
          <Connection id="Byzantine_town_ES3" />
        </Connections>
      </Port>
    </Components>
  </Settlement>
  <Settlement id="port_of_town_SAM5" name="{=tZMsW93JKJ}Port of {SETTLEMENT_NAME}" posX="1023.29" posY="1365.10" gate_posX="1023.34" gate_posY="1365.97" culture="Culture.neutral_culture" prosperity="557" text="{=tZMsW93JKJ}Port of {SETTLEMENT_NAME}">
    <Components>
      <Port id="comp_port_of_town_SAM5" port_of="town_SAM5" map_icon="bandit_hideout_b" background_crop_position="0.0" background_mesh="empire_twn_scene_bg" wait_mesh="wait_hideout_desert" gate_rotation="0.0">
        <Connections>
          <Connection id="town_KR4" />
          <Connection id="town_SAM1" />
          <Connection id="town_S4" />
          <Connection id="town_EN1" />
          <Connection id="town_S6" />
          <Connection id="town_SAM2" />
        </Connections>
      </Port>
    </Components>
  </Settlement>
  <Settlement id="port_of_town_SAM1" name="{=tZMsW93JKJ}Port of {SETTLEMENT_NAME}" posX="834.55" posY="1352.10" gate_posX="834.02" gate_posY="1353.18" culture="Culture.neutral_culture" prosperity="557" text="{=tZMsW93JKJ}Port of {SETTLEMENT_NAME}">
    <Components>
      <Port id="comp_port_of_town_SAM1" port_of="town_SAM1" map_icon="bandit_hideout_b" background_crop_position="0.0" background_mesh="empire_twn_scene_bg" wait_mesh="wait_hideout_desert" gate_rotation="0.0">
        <Connections>
          <Connection id="town_SAM5" />
          <Connection id="town_KR5" />
          <Connection id="town_KR4" />
          <Connection id="town_EN1" />
          <Connection id="town_S4" />
          <Connection id="town_S7" />
          <Connection id="town_S6" />
          <Connection id="town_SAM2" />
          <Connection id="town_SAM7" />
        </Connections>
      </Port>
    </Components>
  </Settlement>
  <Settlement id="port_of_town_ES2" name="{=tZMsW93JKJ}Port of {SETTLEMENT_NAME}" posX="600.08" posY="993.27" gate_posX="601.74" gate_posY="994.46" culture="Culture.neutral_culture" prosperity="557" text="{=tZMsW93JKJ}Port of {SETTLEMENT_NAME}">
    <Components>
      <Port id="comp_port_of_town_ES2" port_of="town_ES2" map_icon="bandit_hideout_b" background_crop_position="0.0" background_mesh="empire_twn_scene_bg" wait_mesh="wait_hideout_desert" gate_rotation="0.0">
        <Connections>
          <Connection id="town_ES1" />
          <Connection id="Byzantine_town_ES2" />
        </Connections>
      </Port>
    </Components>
  </Settlement>
  <Settlement id="port_of_town_EW5" name="{=tZMsW93JKJ}Port of {SETTLEMENT_NAME}" posX="80.18" posY="914.37" gate_posX="78.52" gate_posY="914.65" culture="Culture.neutral_culture" prosperity="557" text="{=tZMsW93JKJ}Port of {SETTLEMENT_NAME}">
    <Components>
      <Port id="comp_port_of_town_EW5" port_of="town_EW5" map_icon="bandit_hideout_b" background_crop_position="0.0" background_mesh="empire_twn_scene_bg" wait_mesh="wait_hideout_desert" gate_rotation="0.0">
        <Connections>
          <Connection id="town_V2" />
          <Connection id="town_EW2" />
        </Connections>
      </Port>
    </Components>
  </Settlement>
  <Settlement id="port_of_town_ES7" name="{=tZMsW93JKJ}Port of {SETTLEMENT_NAME}" posX="512.97" posY="835.08" gate_posX="513.75" gate_posY="834.07" culture="Culture.neutral_culture" prosperity="557" text="{=tZMsW93JKJ}Port of {SETTLEMENT_NAME}">
    <Components>
      <Port id="comp_port_of_town_ES7" port_of="town_ES7" map_icon="bandit_hideout_b" background_crop_position="0.0" background_mesh="empire_twn_scene_bg" wait_mesh="wait_hideout_desert" gate_rotation="0.0">
        <Connections>
          <Connection id="town_ES3" />
          <Connection id="town_ES6" />
          <Connection id="town_ES5" />
          <Connection id="town_A4" />
        </Connections>
      </Port>
    </Components>
  </Settlement>
  <Settlement id="port_of_Golden_town_K2" name="{=tZMsW93JKJ}Port of {SETTLEMENT_NAME}" posX="1286.59" posY="1170.91" gate_posX="1288.11" gate_posY="1171.67" culture="Culture.neutral_culture" prosperity="557" text="{=tZMsW93JKJ}Port of {SETTLEMENT_NAME}">
    <Components>
      <Port id="comp_port_of_Golden_town_K2" port_of="Golden_town_K2" map_icon="bandit_hideout_b" background_crop_position="0.0" background_mesh="empire_twn_scene_bg" wait_mesh="wait_hideout_desert" gate_rotation="0.0">
        <Connections>
          <Connection id="Golden_town_K5" />
          <Connection id="Golden_town_K3" />
        </Connections>
      </Port>
    </Components>
  </Settlement>
  <Settlement id="port_of_town_A6" name="{=tZMsW93JKJ}Port of {SETTLEMENT_NAME}" posX="328.98" posY="769.49" gate_posX="329.81" gate_posY="769.79" culture="Culture.neutral_culture" prosperity="557" text="{=tZMsW93JKJ}Port of {SETTLEMENT_NAME}">
    <Components>
      <Port id="comp_port_of_town_A6" port_of="town_A6" map_icon="bandit_hideout_b" background_crop_position="0.0" background_mesh="empire_twn_scene_bg" wait_mesh="wait_hideout_desert" gate_rotation="0.0">
        <Connections>
          <Connection id="town_A4" />
        </Connections>
      </Port>
    </Components>
  </Settlement>
</Settlements>