<Module>
  <Name value="CA_EagleRising_EuropeMap"/>
  <Id value="CA_EagleRising_EuropeMap"/>
  <Version value="v3.2.7.1"/>
  <ModuleCategory value="Singleplayer"/>
  <Official value="false" />
  <DependedModules>
    <DependedModule Id="Native" DependentVersion="v1.2.9" Optional="true"/>
    <DependedModule Id="SandBoxCore" DependentVersion="v1.2.9" Optional="true"/>
    <DependedModule Id="Sandbox" DependentVersion="v1.2.9" Optional="true"/>
    <DependedModule Id="CustomBattle" DependentVersion="v1.2.9" Optional="true"/>
    <DependedModule Id="StoryMode" DependentVersion="v1.2.9" Optional="true"/>
    <DependedModule Id="RBM" Optional="false"/>
    <DependedModule Id="Europe_LemmyProject" Optional="false"/>
    <DependedModule Id="CA_EagleRising" Optional="false"/>
  </DependedModules>
  <ModulesToLoadAfterThis>
  </ModulesToLoadAfterThis>
  <IncompatibleModules>
  </IncompatibleModules>
<SubModules>
</SubModules>
<Xmls>
    <XmlNode>                
			<XmlName id="Settlements" path="settlements"/>
			<IncludedGameTypes>
				<GameType value = "Campaign"/>
				<GameType value = "CampaignStoryMode"/>
				<GameType value = "CustomGame"/>
				<GameType value = "EditorGame"/>
			</IncludedGameTypes>
	</XmlNode>    
	<XmlNode>                
			<XmlName id="Settlements" path="ELPData/LandingAreas"/>
			<IncludedGameTypes>
				<GameType value = "Campaign"/>
				<GameType value = "CampaignStoryMode"/>
				<GameType value = "CustomGame"/>
				<GameType value = "EditorGame"/>
			</IncludedGameTypes>
	</XmlNode>
		<XmlNode>                
			<XmlName id="Settlements" path="ELPData/Ports"/>
			<IncludedGameTypes>
				<GameType value = "Campaign"/>
				<GameType value = "CampaignStoryMode"/>
				<GameType value = "CustomGame"/>
				<GameType value = "EditorGame"/>
			</IncludedGameTypes>
	</XmlNode>
		<XmlNode>                
			<XmlName id="Settlements" path="ELPData/FerryPoints"/>
			<IncludedGameTypes>
				<GameType value = "Campaign"/>
				<GameType value = "CampaignStoryMode"/>
				<GameType value = "CustomGame"/>
				<GameType value = "EditorGame"/>
			</IncludedGameTypes>
	</XmlNode>
   <XmlNode>                
			<XmlName id="NPCCharacters" path="lords"/>
			<IncludedGameTypes>
				<GameType value = "Campaign"/>
				<GameType value = "CampaignStoryMode"/>
				<GameType value = "CustomGame"/>
				<GameType value = "EditorGame"/>
			</IncludedGameTypes>
   </XmlNode>
   <XmlNode>                
			<XmlName id="NPCCharacters" path="troops"/>
			<IncludedGameTypes>
				<GameType value = "Campaign"/>
				<GameType value = "CampaignStoryMode"/>
				<GameType value = "CustomGame"/>
				<GameType value = "EditorGame"/>
			</IncludedGameTypes>
   </XmlNode>
   <XmlNode>                
			<XmlName id="NPCCharacters" path="spnpccharacters"/>
			<IncludedGameTypes>
				<GameType value = "Campaign"/>
				<GameType value = "CampaignStoryMode"/>
				<GameType value = "CustomGame"/>
				<GameType value = "EditorGame"/>
			</IncludedGameTypes>
   </XmlNode>
   <XmlNode>                
			<XmlName id="NPCCharacters" path="spspecialcharacters"/>
			<IncludedGameTypes>
				<GameType value = "Campaign"/>
				<GameType value = "CampaignStoryMode"/>
				<GameType value = "CustomGame"/>
				<GameType value = "EditorGame"/>
			</IncludedGameTypes>
   </XmlNode>
   <XmlNode>                
			<XmlName id="NPCCharacters" path="bandits"/>
			<IncludedGameTypes>
				<GameType value = "Campaign"/>
				<GameType value = "CampaignStoryMode"/>
				<GameType value = "CustomGame"/>
				<GameType value = "EditorGame"/>
			</IncludedGameTypes>
   </XmlNode>
    <XmlNode>                
			<XmlName id="Kingdoms" path="spkingdoms"/>
			<IncludedGameTypes>
				<GameType value = "Campaign"/>
				<GameType value = "CampaignStoryMode"/>
				<GameType value = "CustomGame"/>
				<GameType value = "EditorGame"/>
			</IncludedGameTypes>
	</XmlNode>
	<XmlNode>
			<XmlName id="Factions" path="spclans"/>
			<IncludedGameTypes>
				<GameType value = "Campaign"/>
				<GameType value = "CampaignStoryMode"/>
				<GameType value = "CustomGame"/>
				<GameType value = "EditorGame"/>
			</IncludedGameTypes>
	</XmlNode>
    <XmlNode>                
			<XmlName id="SPCultures" path="spcultures"/>
			<IncludedGameTypes>
				<GameType value = "Campaign"/>
				<GameType value = "CampaignStoryMode"/>
				<GameType value = "CustomGame"/>
				<GameType value = "EditorGame"/>
			</IncludedGameTypes>
	</XmlNode>
	<XmlNode>
			<XmlName id="partyTemplates" path="partyTemplates"/>
			<IncludedGameTypes>
				<GameType value = "Campaign"/>
				<GameType value = "CampaignStoryMode"/>
				<GameType value = "CustomGame"/>
				<GameType value = "EditorGame"/>
			</IncludedGameTypes>
	</XmlNode>
	<XmlNode>                
			<XmlName id="GameText" path="module_strings"/>
			<IncludedGameTypes>
				<GameType value = "Campaign"/>
				<GameType value = "CampaignStoryMode"/>
				<GameType value = "CustomGame"/>
				<GameType value = "EditorGame"/>
			</IncludedGameTypes>
	</XmlNode>
    <XmlNode>
			<XmlName id="CultureStartPositions" path="ELPData/CultureStartPositions"/>
			<IncludedGameTypes>
				<GameType value = "Campaign"/>
				<GameType value = "CampaignStoryMode"/>
			</IncludedGameTypes>
		</XmlNode>
  </Xmls>	
</Module>