<?xml version="1.0" encoding="utf-8"?>

<NPCCharacters> 
  
<!--sami-->

  <NPCCharacter id="lord_sami_1a"
                name="{=Sami_Curtnaš}Curtnaš"
                voice="softspoken"
                age="50"
                is_female="false"
                is_hero="true"
                culture="Culture.sami"
                occupation="Lord"
                default_group="Cavalry">
    <face>
<BodyProperties version="4" age="22.17" weight="0.5625" build="0.5"  key="00020C0A400030037C7664876753888A7577866254C69643C4B647398C95A0370097860309A7497300000000000000000000000000000000000000003B2C7002"  />
    </face>
	<skills>
<skill id="Engineering" value="81" />
<skill id="Medicine" value="184" />
<skill id="Leadership" value="161" />
<skill id="Steward" value="94" />
<skill id="Trade" value="70" />
<skill id="Charm" value="34" />
<skill id="Roguery" value="93" />
<skill id="Scouting" value="27" />
<skill id="Tactics" value="44" />
<skill id="Crafting" value="118" />
<skill id="Athletics" value="58" />
<skill id="Riding" value="47" />
<skill id="Throwing" value="35" />
<skill id="Crossbow" value="77" />
<skill id="Bow" value="159" />
<skill id="Polearm" value="65" />
<skill id="TwoHanded" value="194" />
<skill id="OneHanded" value="146" />
</skills>
    <Traits>
<Trait id="Mercy" value="-1" />
<Trait id="Valor" value="0" />
<Trait id="Honor" value="1" />
<Trait id="Generosity" value="0" />
<Trait id="Calculating" value="2" />
<Trait id="Egalitarian" value="0" />
<Trait id="Oligarchic" value="1" />
<Trait id="Authoritarian" value="2" />
</Traits>
    <Equipments>
      <EquipmentSet id="stu_bat_template_medium" />
      <EquipmentSet id="stu_civ_template_default"
                    civilian="true" />
    </Equipments>
  </NPCCharacter>  
  
 <NPCCharacter id="lord_sami_1b"
                name="{=Sami_Janihtá}Janihtá"
                voice="softspoken"
                age="25"
                is_female="true"
                is_hero="true"
                culture="Culture.sami"
                occupation="Lord"
                default_group="Cavalry">
    <face>
<BodyProperties version="4" age="22.17" weight="0.5625" build="0.5"  key="00020C0A400030037C7664876753888A7577866254C69643C4B647398C95A0370077860307A7497300000000000000000000000000000000000000003ADC4003"  />
    </face>
	<skills>
<skill id="Engineering" value="83" />
<skill id="Medicine" value="84" />
<skill id="Leadership" value="43" />
<skill id="Steward" value="51" />
<skill id="Trade" value="28" />
<skill id="Charm" value="95" />
<skill id="Roguery" value="65" />
<skill id="Scouting" value="29" />
<skill id="Crafting" value="31" />
</skills>
    <Traits>
<Trait id="Mercy" value="0" />
<Trait id="Valor" value="-1" />
<Trait id="Honor" value="2" />
<Trait id="Generosity" value="1" />
<Trait id="Calculating" value="-1" />
<Trait id="Egalitarian" value="-2" />
<Trait id="Oligarchic" value="-1" />
<Trait id="Authoritarian" value="0" />
</Traits>
    <Equipments>
      <EquipmentSet id="stu_bat_template_medium" />
      <EquipmentSet id="stu_civ_template_woodsman"
                    civilian="true" />
    </Equipments>
  </NPCCharacter>  
  
  <NPCCharacter id="lord_sami_1c"
                name="{=Sami_Biejan}Biejan"
                voice="softspoken"
                age="30"
                is_female="false"
                is_hero="true"
                culture="Culture.sami"
                occupation="Lord"
                default_group="Cavalry">
    <face>
<BodyProperties version="4" age="22.17" weight="0.5023" build="0.5"  key="00020C0A400011857CD8A607A739A7887577866254C69643C4B647398C95A0370077860307A7497300000000000000000000000000000000000000003ADC7002"  />
    </face>
	<skills>
<skill id="Leadership" value="155" />
<skill id="Scouting" value="177" />
<skill id="Tactics" value="49" />
<skill id="Athletics" value="131" />
<skill id="Riding" value="132" />
<skill id="Throwing" value="79" />
<skill id="Crossbow" value="117" />
<skill id="Bow" value="197" />
<skill id="Polearm" value="31" />
<skill id="TwoHanded" value="40" />
<skill id="OneHanded" value="164" />
</skills>
    <Traits>
<Trait id="Mercy" value="0" />
<Trait id="Valor" value="0" />
<Trait id="Honor" value="2" />
<Trait id="Generosity" value="-1" />
<Trait id="Calculating" value="2" />
<Trait id="Egalitarian" value="2" />
<Trait id="Oligarchic" value="0" />
<Trait id="Authoritarian" value="-1" />
</Traits>
    <Equipments>
      <EquipmentSet id="stu_bat_template_medium" />
      <EquipmentSet id="stu_civ_template_default"
                    civilian="true" />
    </Equipments>
  </NPCCharacter>  
  
 <NPCCharacter id="lord_sami_1d"
                name="{=Sami_Aliinná}Aliinná"
                voice="softspoken"
                age="15"
                is_female="true"
                is_hero="true"
                culture="Culture.sami"
                occupation="Lord"
                default_group="Cavalry">
    <face>
<BodyProperties version="4" age="22.17" weight="0.5023" build="0.4398"  key="00020C0A400030017CD8A607A739A7887577866254C69643C4B647398C95A0370077860307A7497300000000000000000000000000000000000000003ADC4003"  />
    </face>
	<skills>
<skill id="Engineering" value="36" />
<skill id="Medicine" value="6" />
<skill id="Leadership" value="71" />
<skill id="Steward" value="74" />
<skill id="Trade" value="95" />
<skill id="Charm" value="85" />
<skill id="Roguery" value="93" />
<skill id="Scouting" value="7" />
<skill id="Crafting" value="13" />
</skills>
    <Traits>
<Trait id="Mercy" value="-2" />
<Trait id="Valor" value="0" />
<Trait id="Honor" value="-2" />
<Trait id="Generosity" value="1" />
<Trait id="Calculating" value="1" />
<Trait id="Egalitarian" value="2" />
<Trait id="Oligarchic" value="2" />
<Trait id="Authoritarian" value="2" />
</Traits>
    <Equipments>
      <EquipmentSet id="stu_bat_template_medium" />
      <EquipmentSet id="stu_civ_template_woodsman"
                    civilian="true" />
    </Equipments>
  </NPCCharacter> 
  
  <NPCCharacter id="lord_sami_1e"
                name="{=Sami_Silvu}Silvu"
                voice="softspoken"
                age="35"
                is_female="false"
                is_hero="true"
                culture="Culture.sami"
                occupation="Lord"
                default_group="Cavalry">
    <face>
<BodyProperties version="4" age="22.17" weight="0.5023" build="0.6389"  key="00020C0A400022027C659BB7AA76521A7577866254C69643C4B647398C95A037009A860309A7497300000000000000000000000000000000000000003B2C7002"  />
    </face>
	<skills>
<skill id="Leadership" value="70" />
<skill id="Scouting" value="101" />
<skill id="Tactics" value="28" />
<skill id="Athletics" value="64" />
<skill id="Riding" value="32" />
<skill id="Throwing" value="39" />
<skill id="Crossbow" value="23" />
<skill id="Bow" value="133" />
<skill id="Polearm" value="83" />
<skill id="TwoHanded" value="66" />
<skill id="OneHanded" value="58" />
</skills>
    <Traits>
<Trait id="Mercy" value="-2" />
<Trait id="Valor" value="2" />
<Trait id="Honor" value="2" />
<Trait id="Generosity" value="-1" />
<Trait id="Calculating" value="1" />
<Trait id="Egalitarian" value="-2" />
<Trait id="Oligarchic" value="2" />
<Trait id="Authoritarian" value="0" />
</Traits>
    <Equipments>
      <EquipmentSet id="stu_bat_template_medium" />
      <EquipmentSet id="stu_civ_template_default"
                    civilian="true" />
    </Equipments>
  </NPCCharacter>  
  
 <NPCCharacter id="lord_sami_1f"
                name="{=Sami_Olgá}Olgá"
                voice="softspoken"
                age="30"
                is_female="true"
                is_hero="true"
                culture="Culture.sami"
                occupation="Lord"
                default_group="Cavalry">
    <face>
<BodyProperties version="4" age="22.17" weight="0.5023" build="0.6389"  key="00020C0A400030077C659BB7AA76521A7577866254C69643C4B647398C95A037009A860309A7497300000000000000000000000000000000000000003B2C4003"  />
    </face>
	<skills>
<skill id="Engineering" value="35" />
<skill id="Medicine" value="13" />
<skill id="Leadership" value="71" />
<skill id="Steward" value="0" />
<skill id="Trade" value="7" />
<skill id="Charm" value="44" />
<skill id="Roguery" value="50" />
<skill id="Scouting" value="70" />
<skill id="Crafting" value="81" />
</skills>
    <Traits>
<Trait id="Mercy" value="0" />
<Trait id="Valor" value="2" />
<Trait id="Honor" value="1" />
<Trait id="Generosity" value="1" />
<Trait id="Calculating" value="2" />
<Trait id="Egalitarian" value="-2" />
<Trait id="Oligarchic" value="1" />
<Trait id="Authoritarian" value="-2" />
</Traits>
    <Equipments>
      <EquipmentSet id="stu_bat_template_medium" />
      <EquipmentSet id="stu_civ_template_woodsman"
                    civilian="true" />
    </Equipments>
  </NPCCharacter> 
  
  <NPCCharacter id="lord_sami_2a"
                name="{=Sami_Nihkke}Nihkke"
                voice="softspoken"
                age="47"
                is_female="false"
                is_hero="true"
                culture="Culture.sami"
                occupation="Lord"
                default_group="Cavalry">
    <face>
<BodyProperties version="4" age="22.17" weight="0.5023" build="0.6389"  key="00020C0A400023427C659BB7AA76521A7577866254C69643C4B647398C95A037005A860305A7497300000000000000000000000000000000000000003AAC7002"  />
    </face>
	<skills>
<skill id="Leadership" value="101" />
<skill id="Scouting" value="169" />
<skill id="Tactics" value="188" />
<skill id="Athletics" value="135" />
<skill id="Riding" value="172" />
<skill id="Throwing" value="90" />
<skill id="Crossbow" value="151" />
<skill id="Bow" value="39" />
<skill id="Polearm" value="27" />
<skill id="TwoHanded" value="73" />
<skill id="OneHanded" value="4" />
</skills>
    <Traits>
<Trait id="Mercy" value="2" />
<Trait id="Valor" value="2" />
<Trait id="Honor" value="-1" />
<Trait id="Generosity" value="0" />
<Trait id="Calculating" value="1" />
<Trait id="Egalitarian" value="-2" />
<Trait id="Oligarchic" value="0" />
<Trait id="Authoritarian" value="0" />
</Traits>
    <Equipments>
      <EquipmentSet id="stu_bat_template_medium" />
      <EquipmentSet id="stu_civ_template_default"
                    civilian="true" />
    </Equipments>
  </NPCCharacter>  
  
 <NPCCharacter id="lord_sami_2b"
                name="{=Sami_Lindá}Lindá"
                voice="softspoken"
                age="39"
                is_female="true"
                is_hero="true"
                culture="Culture.sami"
                occupation="Lord"
                default_group="Cavalry">
    <face>
<BodyProperties version="4" age="22.17" weight="0.5023" build="0.3657"  key="00020C0A4000200D7CB5A3BC247D76867577866254C69643C4B647398C95A0370055860305A7497300000000000000000000000000000000000000003AAC4003"  />
    </face>
	<skills>
<skill id="Engineering" value="4" />
<skill id="Medicine" value="15" />
<skill id="Leadership" value="81" />
<skill id="Steward" value="87" />
<skill id="Trade" value="32" />
<skill id="Charm" value="92" />
<skill id="Roguery" value="85" />
<skill id="Scouting" value="85" />
<skill id="Crafting" value="26" />
</skills>
    <Traits>
<Trait id="Mercy" value="-1" />
<Trait id="Valor" value="2" />
<Trait id="Honor" value="1" />
<Trait id="Generosity" value="0" />
<Trait id="Calculating" value="0" />
<Trait id="Egalitarian" value="0" />
<Trait id="Oligarchic" value="0" />
<Trait id="Authoritarian" value="-2" />
</Traits>
    <Equipments>
      <EquipmentSet id="stu_bat_template_medium" />
      <EquipmentSet id="stu_civ_template_woodsman"
                    civilian="true" />
    </Equipments>
  </NPCCharacter>
  
  <NPCCharacter id="lord_sami_2c"
                name="{=Sami_Fretterat}Fretterat"
                voice="softspoken"
                age="24"
                is_female="false"
                is_hero="true"
                culture="Culture.sami"
                occupation="Lord"
                default_group="Cavalry">
    <face>
<BodyProperties version="4" age="22.17" weight="0.5023" build="0.3657"  key="00020C0A400014067CD38D89AA88A82E25F9866254C69643C4B64739989C78C300B586030BA7497300000000000000000000000000000000000000003B647002"  />
    </face>
	<skills>
<skill id="Leadership" value="104" />
<skill id="Scouting" value="142" />
<skill id="Tactics" value="91" />
<skill id="Athletics" value="155" />
<skill id="Riding" value="145" />
<skill id="Throwing" value="114" />
<skill id="Crossbow" value="170" />
<skill id="Bow" value="138" />
<skill id="Polearm" value="177" />
<skill id="TwoHanded" value="184" />
<skill id="OneHanded" value="135" />
</skills>
    <Traits>
<Trait id="Mercy" value="-1" />
<Trait id="Valor" value="-2" />
<Trait id="Honor" value="-1" />
<Trait id="Generosity" value="0" />
<Trait id="Calculating" value="1" />
<Trait id="Egalitarian" value="0" />
<Trait id="Oligarchic" value="0" />
<Trait id="Authoritarian" value="1" />
</Traits>
    <Equipments>
      <EquipmentSet id="stu_bat_template_medium" />
      <EquipmentSet id="stu_civ_template_default"
                    civilian="true" />
    </Equipments>
  </NPCCharacter>  
  
  <NPCCharacter id="lord_sami_2d"
                name="{=Sami_Emel}Emel"
                voice="softspoken"
                age="23"
                is_female="false"
                is_hero="true"
                culture="Culture.sami"
                occupation="Lord"
                default_group="Cavalry">
    <face>
<BodyProperties version="4" age="22.17" weight="0.5023" build="0.3657"  key="00020C0A400014037CD38D89AA88A82E25F9866254C69643C4B64739989C78C30075860307A7497300000000000000000000000000000000000000003AE47002"  />
    </face>
	<skills>
<skill id="Leadership" value="48" />
<skill id="Scouting" value="142" />
<skill id="Tactics" value="147" />
<skill id="Athletics" value="48" />
<skill id="Riding" value="58" />
<skill id="Throwing" value="52" />
<skill id="Crossbow" value="82" />
<skill id="Bow" value="36" />
<skill id="Polearm" value="61" />
<skill id="TwoHanded" value="99" />
<skill id="OneHanded" value="72" />
</skills>
    <Traits>
<Trait id="Mercy" value="-2" />
<Trait id="Valor" value="2" />
<Trait id="Honor" value="0" />
<Trait id="Generosity" value="1" />
<Trait id="Calculating" value="2" />
<Trait id="Egalitarian" value="1" />
<Trait id="Oligarchic" value="-1" />
<Trait id="Authoritarian" value="0" />
</Traits>
    <Equipments>
      <EquipmentSet id="stu_bat_template_medium" />
      <EquipmentSet id="stu_civ_template_default"
                    civilian="true" />
    </Equipments>
  </NPCCharacter>  
  
  <NPCCharacter id="lord_sami_2e"
                name="{=Sami_Gáktu}Gáktu"
                voice="softspoken"
                age="20"
                is_female="false"
                is_hero="true"
                culture="Culture.sami"
                occupation="Lord"
                default_group="Cavalry">
    <face>
<BodyProperties version="4" age="22.17" weight="0.5023" build="0.3657"  key="00020C0A400025507C884381B791A38225F9866254C69643C4B64739989C78C30075860307A7497300000000000000000000000000000000000000003AE47002"  />
    </face>
	<skills>
<skill id="Leadership" value="24" />
<skill id="Scouting" value="61" />
<skill id="Tactics" value="123" />
<skill id="Athletics" value="118" />
<skill id="Riding" value="131" />
<skill id="Throwing" value="14" />
<skill id="Crossbow" value="119" />
<skill id="Bow" value="123" />
<skill id="Polearm" value="118" />
<skill id="TwoHanded" value="127" />
<skill id="OneHanded" value="193" />
</skills>
    <Traits>
<Trait id="Mercy" value="-2" />
<Trait id="Valor" value="0" />
<Trait id="Honor" value="0" />
<Trait id="Generosity" value="-2" />
<Trait id="Calculating" value="-2" />
<Trait id="Egalitarian" value="2" />
<Trait id="Oligarchic" value="2" />
<Trait id="Authoritarian" value="0" />
</Traits>
    <Equipments>
      <EquipmentSet id="stu_bat_template_medium" />
      <EquipmentSet id="stu_civ_template_default"
                    civilian="true" />
    </Equipments>
  </NPCCharacter>  
  
  <NPCCharacter id="lord_sami_2f"
                name="{=Sami_Máren}Máren"
                voice="softspoken"
                age="5"
                is_female="true"
                is_hero="true"
                culture="Culture.sami"
                occupation="Lord"
                default_group="Cavalry">
    <face>
<BodyProperties version="4" age="22.17" weight="0.5023" build="0.3657"  key="00020C0A4000200D7C884381B791A38225F9866254C69643C4B64739989C78C30075860307A7497300000000000000000000000000000000000000003AE44003"  />
    </face>
	<skills>
<skill id="Engineering" value="6" />
<skill id="Medicine" value="71" />
<skill id="Leadership" value="40" />
<skill id="Steward" value="20" />
<skill id="Trade" value="11" />
<skill id="Charm" value="54" />
<skill id="Roguery" value="28" />
<skill id="Scouting" value="64" />
<skill id="Crafting" value="1" />
</skills>
    <Traits>
<Trait id="Mercy" value="2" />
<Trait id="Valor" value="2" />
<Trait id="Honor" value="-1" />
<Trait id="Generosity" value="-2" />
<Trait id="Calculating" value="0" />
<Trait id="Egalitarian" value="0" />
<Trait id="Oligarchic" value="-1" />
<Trait id="Authoritarian" value="0" />
</Traits>
    <Equipments>
      <EquipmentSet id="stu_bat_template_medium" />
      <EquipmentSet id="stu_civ_template_woodsman"
                    civilian="true" />
    </Equipments>
  </NPCCharacter>
  
  <NPCCharacter id="lord_sami_2g"
                name="{=Sami_Lenne}Lenne"
                voice="softspoken"
                age="18"
                is_female="false"
                is_hero="true"
                culture="Culture.sami"
                occupation="Lord"
                default_group="Cavalry">
    <face>
<BodyProperties version="4" age="22.17" weight="0.5023" build="0.5231"  key="00020C0B800034D27C8E46967777364725F9866254C69643C4B64739989C78C300A886030AA7497300000000000000000000000000000000000000003B547002"  />
    </face>
	<skills>
<skill id="Leadership" value="114" />
<skill id="Scouting" value="182" />
<skill id="Tactics" value="79" />
<skill id="Athletics" value="37" />
<skill id="Riding" value="0" />
<skill id="Throwing" value="197" />
<skill id="Crossbow" value="2" />
<skill id="Bow" value="128" />
<skill id="Polearm" value="41" />
<skill id="TwoHanded" value="131" />
<skill id="OneHanded" value="142" />
</skills>
    <Traits>
<Trait id="Mercy" value="-1" />
<Trait id="Valor" value="1" />
<Trait id="Honor" value="-1" />
<Trait id="Generosity" value="2" />
<Trait id="Calculating" value="-2" />
<Trait id="Egalitarian" value="0" />
<Trait id="Oligarchic" value="-2" />
<Trait id="Authoritarian" value="2" />
</Traits>
    <Equipments>
      <EquipmentSet id="stu_bat_template_medium" />
      <EquipmentSet id="stu_civ_template_default"
                    civilian="true" />
    </Equipments>
  </NPCCharacter>  
  
  <NPCCharacter id="lord_sami_2h"
                name="{=Sami_Násti}Násti"
                voice="softspoken"
                age="18"
                is_female="true"
                is_hero="true"
                culture="Culture.sami"
                occupation="Lord"
                default_group="Cavalry">
    <face>
<BodyProperties version="4" age="22.17" weight="0.5023" build="0.4537"  key="00020C0B800020107C8E46967777364725F9866254C69643C4B64739989C78C300A786030AA7497300000000000000000000000000000000000000003B544003"  />
    </face>
	<skills>
<skill id="Engineering" value="97" />
<skill id="Medicine" value="16" />
<skill id="Leadership" value="50" />
<skill id="Steward" value="88" />
<skill id="Trade" value="72" />
<skill id="Charm" value="33" />
<skill id="Roguery" value="52" />
<skill id="Scouting" value="43" />
<skill id="Crafting" value="54" />
</skills>
    <Traits>
<Trait id="Mercy" value="-1" />
<Trait id="Valor" value="-1" />
<Trait id="Honor" value="-2" />
<Trait id="Generosity" value="2" />
<Trait id="Calculating" value="1" />
<Trait id="Egalitarian" value="-1" />
<Trait id="Oligarchic" value="-2" />
<Trait id="Authoritarian" value="0" />
</Traits>
    <Equipments>
      <EquipmentSet id="stu_bat_template_medium" />
      <EquipmentSet id="stu_civ_template_woodsman"
                    civilian="true" />
    </Equipments>
  </NPCCharacter>
  
  <NPCCharacter id="lord_sami_2i"
                name="{=Sami_Uvllá}Uvllá"
                voice="softspoken"
                age="17"
                is_female="false"
                is_hero="true"
                culture="Culture.sami"
                occupation="Lord"
                default_group="Cavalry">
    <face>
<BodyProperties version="4" age="22.17" weight="0.5023" build="0.4537"  key="00020C0B800035017C8E46967777364725F9866254C69643C4B64739989C78C30087860308A7497300000000000000000000000000000000000000003B047002"  />
    </face>
	<skills>
<skill id="Leadership" value="46" />
<skill id="Scouting" value="96" />
<skill id="Tactics" value="104" />
<skill id="Athletics" value="25" />
<skill id="Riding" value="74" />
<skill id="Throwing" value="67" />
<skill id="Crossbow" value="142" />
<skill id="Bow" value="73" />
<skill id="Polearm" value="49" />
<skill id="TwoHanded" value="33" />
<skill id="OneHanded" value="115" />
</skills>
    <Traits>
<Trait id="Mercy" value="1" />
<Trait id="Valor" value="1" />
<Trait id="Honor" value="-1" />
<Trait id="Generosity" value="-2" />
<Trait id="Calculating" value="1" />
<Trait id="Egalitarian" value="2" />
<Trait id="Oligarchic" value="1" />
<Trait id="Authoritarian" value="-1" />
</Traits>
    <Equipments>
      <EquipmentSet id="stu_bat_template_medium" />
      <EquipmentSet id="stu_civ_template_default"
                    civilian="true" />
    </Equipments>
  </NPCCharacter>
  
  <NPCCharacter id="lord_sami_3a"
                name="{=Sami_Viggu}Viggu"
                voice="softspoken"
                age="49"
                is_female="false"
                is_hero="true"
                culture="Culture.sami"
                occupation="Lord"
                default_group="Cavalry">
    <face>
<BodyProperties version="4" age="22.17" weight="0.5023" build="0.4537"  key="00020C0B800038427C8E46967777364725F9866254C69643C4B64739989C78C30087860308A7497300000000000000000000000000000000000000003B047002"  />
    </face>
	<skills>
<skill id="Leadership" value="141" />
<skill id="Scouting" value="3" />
<skill id="Tactics" value="133" />
<skill id="Athletics" value="25" />
<skill id="Riding" value="132" />
<skill id="Throwing" value="52" />
<skill id="Crossbow" value="41" />
<skill id="Bow" value="8" />
<skill id="Polearm" value="9" />
<skill id="TwoHanded" value="94" />
<skill id="OneHanded" value="156" />
</skills>
    <Traits>
<Trait id="Mercy" value="1" />
<Trait id="Valor" value="-1" />
<Trait id="Honor" value="1" />
<Trait id="Generosity" value="0" />
<Trait id="Calculating" value="-2" />
<Trait id="Egalitarian" value="2" />
<Trait id="Oligarchic" value="-2" />
<Trait id="Authoritarian" value="2" />
</Traits>
    <Equipments>
      <EquipmentSet id="stu_bat_template_medium" />
      <EquipmentSet id="stu_civ_template_default"
                    civilian="true" />
    </Equipments>
  </NPCCharacter>
  
  <NPCCharacter id="lord_sami_3b"
                name="{=Sami_Biijá}Biijá"
                voice="softspoken"
                age="45"
                is_female="true"
                is_hero="true"
                culture="Culture.sami"
                occupation="Lord"
                default_group="Cavalry">
    <face>
<BodyProperties version="4" age="22.17" weight="0.5023" build="0.5139"  key="00020C0B800020157C8E46967777364725F9866254C69643C4B64739989C78C30088860308A7497300000000000000000000000000000000000000003B044003"  />
    </face>
	<skills>
<skill id="Engineering" value="31" />
<skill id="Medicine" value="81" />
<skill id="Leadership" value="91" />
<skill id="Steward" value="1" />
<skill id="Trade" value="43" />
<skill id="Charm" value="80" />
<skill id="Roguery" value="77" />
<skill id="Scouting" value="53" />
<skill id="Crafting" value="95" />
</skills>
    <Traits>
<Trait id="Mercy" value="1" />
<Trait id="Valor" value="-1" />
<Trait id="Honor" value="-2" />
<Trait id="Generosity" value="1" />
<Trait id="Calculating" value="-2" />
<Trait id="Egalitarian" value="0" />
<Trait id="Oligarchic" value="2" />
<Trait id="Authoritarian" value="2" />
</Traits>
    <Equipments>
      <EquipmentSet id="stu_bat_template_medium" />
      <EquipmentSet id="stu_civ_template_woodsman"
                    civilian="true" />
    </Equipments>
  </NPCCharacter>
  
  <NPCCharacter id="lord_sami_3c"
                name="{=Sami_Ásllat}Ásllat"
                voice="softspoken"
                age="20"
                is_female="false"
                is_hero="true"
                culture="Culture.sami"
                occupation="Lord"
                default_group="Cavalry">
    <face>
<BodyProperties version="4" age="22.17" weight="0.5023" build="0.5139"  key="00020C0B800039467C8E46967777364725F9866254C69643C4B64739989C78C30088860308A7497300000000000000000000000000000000000000003B047002"  />
    </face>
	<skills>
<skill id="Leadership" value="69" />
<skill id="Scouting" value="122" />
<skill id="Tactics" value="37" />
<skill id="Athletics" value="166" />
<skill id="Riding" value="184" />
<skill id="Throwing" value="7" />
<skill id="Crossbow" value="144" />
<skill id="Bow" value="93" />
<skill id="Polearm" value="52" />
<skill id="TwoHanded" value="117" />
<skill id="OneHanded" value="61" />
</skills>
    <Traits>
<Trait id="Mercy" value="1" />
<Trait id="Valor" value="-1" />
<Trait id="Honor" value="2" />
<Trait id="Generosity" value="2" />
<Trait id="Calculating" value="-1" />
<Trait id="Egalitarian" value="0" />
<Trait id="Oligarchic" value="-2" />
<Trait id="Authoritarian" value="1" />
</Traits>
    <Equipments>
      <EquipmentSet id="stu_bat_template_medium" />
      <EquipmentSet id="stu_civ_template_default"
                    civilian="true" />
    </Equipments>
  </NPCCharacter>
  
  <NPCCharacter id="lord_sami_4a"
                name="{=Sami_Bierdna}Bierdna"
                voice="softspoken"
                age="30"
                is_female="false"
                is_hero="true"
                culture="Culture.sami"
                occupation="Lord"
                default_group="Cavalry">
    <face>
<BodyProperties version="4" age="22.17" weight="0.5023" build="0.5139"  key="00020C0B800039827C8E46967777364725F9866254C69643C4B64739989C78C30088860308A7497300000000000000000000000000000000000000003B047002"  />
    </face>
	<skills>
<skill id="Leadership" value="44" />
<skill id="Scouting" value="135" />
<skill id="Tactics" value="177" />
<skill id="Athletics" value="95" />
<skill id="Riding" value="104" />
<skill id="Throwing" value="153" />
<skill id="Crossbow" value="63" />
<skill id="Bow" value="69" />
<skill id="Polearm" value="148" />
<skill id="TwoHanded" value="87" />
<skill id="OneHanded" value="111" />
</skills>
    <Traits>
<Trait id="Mercy" value="1" />
<Trait id="Valor" value="0" />
<Trait id="Honor" value="-2" />
<Trait id="Generosity" value="-1" />
<Trait id="Calculating" value="0" />
<Trait id="Egalitarian" value="-1" />
<Trait id="Oligarchic" value="1" />
<Trait id="Authoritarian" value="-1" />
</Traits>
    <Equipments>
      <EquipmentSet id="stu_bat_template_medium" />
      <EquipmentSet id="stu_civ_template_default"
                    civilian="true" />
    </Equipments>
  </NPCCharacter>
  
  <NPCCharacter id="lord_sami_4b"
                name="{=Sami_Sofe}Sofe"
                voice="softspoken"
                age="25"
                is_female="true"
                is_hero="true"
                culture="Culture.sami"
                occupation="Lord"
                default_group="Cavalry">
    <face>
<BodyProperties version="4" age="22.17" weight="0.5023" build="0.3912"  key="00020C0B800030067C64B9657ED7BB3925F9866254C69643C4B64739989C78C30046860304A7497300000000000000000000000000000000000000003A8C4003"  />
    </face>
	<skills>
<skill id="Engineering" value="77" />
<skill id="Medicine" value="23" />
<skill id="Leadership" value="65" />
<skill id="Steward" value="60" />
<skill id="Trade" value="14" />
<skill id="Charm" value="71" />
<skill id="Roguery" value="32" />
<skill id="Scouting" value="37" />
<skill id="Crafting" value="84" />
</skills>
    <Traits>
<Trait id="Mercy" value="-1" />
<Trait id="Valor" value="2" />
<Trait id="Honor" value="2" />
<Trait id="Generosity" value="-2" />
<Trait id="Calculating" value="-2" />
<Trait id="Egalitarian" value="1" />
<Trait id="Oligarchic" value="2" />
<Trait id="Authoritarian" value="1" />
</Traits>
    <Equipments>
      <EquipmentSet id="stu_bat_template_medium" />
      <EquipmentSet id="stu_civ_template_woodsman"
                    civilian="true" />
    </Equipments>
  </NPCCharacter>
  
  <NPCCharacter id="lord_sami_5a"
                name="{=Sami_Hegon}Hegon"
                voice="softspoken"
                age="48"
                is_female="false"
                is_hero="true"
                culture="Culture.sami"
                occupation="Lord"
                default_group="Cavalry">
    <face>
<BodyProperties version="4" age="22.17" weight="0.5023" build="0.3912"  key="00020C0B800036C27C64B9657ED7BB3925F9866254C69643C4B64739989C78C30046860304A7497300000000000000000000000000000000000000003A8C7002"  />
    </face>
	<skills>
<skill id="Leadership" value="127" />
<skill id="Scouting" value="192" />
<skill id="Tactics" value="21" />
<skill id="Athletics" value="189" />
<skill id="Riding" value="117" />
<skill id="Throwing" value="105" />
<skill id="Crossbow" value="163" />
<skill id="Bow" value="184" />
<skill id="Polearm" value="69" />
<skill id="TwoHanded" value="184" />
<skill id="OneHanded" value="70" />
</skills>
    <Traits>
<Trait id="Mercy" value="-2" />
<Trait id="Valor" value="0" />
<Trait id="Honor" value="2" />
<Trait id="Generosity" value="-2" />
<Trait id="Calculating" value="0" />
<Trait id="Egalitarian" value="0" />
<Trait id="Oligarchic" value="-2" />
<Trait id="Authoritarian" value="-1" />
</Traits>
    <Equipments>
      <EquipmentSet id="stu_bat_template_medium" />
      <EquipmentSet id="stu_civ_template_default"
                    civilian="true" />
    </Equipments>
  </NPCCharacter>
  
  <NPCCharacter id="lord_sami_5b"
                name="{=Sami_Mariánne}Mariánne"
                voice="softspoken"
                age="30"
                is_female="true"
                is_hero="true"
                culture="Culture.sami"
                occupation="Lord"
                default_group="Cavalry">
    <face>
<BodyProperties version="4" age="22.17" weight="0.5023" build="0.3912"  key="00020C0B800030067C64B9657ED7BB3925F9866254C69643C4B64739989C78C30096860309A7497300000000000000000000000000000000000000003B244003"  />
    </face>
	<skills>
<skill id="Engineering" value="83" />
<skill id="Medicine" value="71" />
<skill id="Leadership" value="23" />
<skill id="Steward" value="49" />
<skill id="Trade" value="67" />
<skill id="Charm" value="48" />
<skill id="Roguery" value="35" />
<skill id="Scouting" value="46" />
<skill id="Crafting" value="21" />
</skills>
    <Traits>
<Trait id="Mercy" value="-1" />
<Trait id="Valor" value="0" />
<Trait id="Honor" value="0" />
<Trait id="Generosity" value="-1" />
<Trait id="Calculating" value="2" />
<Trait id="Egalitarian" value="2" />
<Trait id="Oligarchic" value="-1" />
<Trait id="Authoritarian" value="-2" />
</Traits>
    <Equipments>
      <EquipmentSet id="stu_bat_template_medium" />
      <EquipmentSet id="stu_civ_template_woodsman"
                    civilian="true" />
    </Equipments>
  </NPCCharacter>
  
   <NPCCharacter id="lord_sami_5c"
                name="{=Sami_Jáhkot}Jáhkot"
                voice="softspoken"
                age="6"
                is_female="false"
                is_hero="true"
                culture="Culture.sami"
                occupation="Lord"
                default_group="Cavalry">
    <face>
<BodyProperties version="4" age="22.17" weight="0.5023" build="0.3912"  key="00020C0B800036C27C64B9657ED7BB3925F9866254C69643C4B64739989C78C30096860309A7497300000000000000000000000000000000000000003B247002"  />
    </face>
	<skills>

</skills>
    <Traits>

</Traits>
    <Equipments>
      <EquipmentSet id="stu_bat_template_medium" />
      <EquipmentSet id="stu_civ_template_default"
                    civilian="true" />
    </Equipments>
  </NPCCharacter>
  
  <NPCCharacter id="lord_sami_5d"
                name="{=Sami_Iŋgir}Iŋgir"
                voice="softspoken"
                age="5"
                is_female="true"
                is_hero="true"
                culture="Culture.sami"
                occupation="Lord"
                default_group="Cavalry">
    <face>
<BodyProperties version="4" age="22.17" weight="0.5023" build="0.3912"  key="00020C0B800030067C64B9657ED7BB3925F9866254C69643C4B64739989C78C30096860309A7497300000000000000000000000000000000000000003B244003"  />
    </face>
	<skills>

</skills>
    <Traits>

</Traits>
    <Equipments>
      <EquipmentSet id="stu_bat_template_medium" />
      <EquipmentSet id="stu_civ_template_woodsman"
                    civilian="true" />
    </Equipments>
  </NPCCharacter>
  
   <NPCCharacter id="lord_sami_5e"
                name="{=Sami_Áillon}Áillon"
                voice="softspoken"
                age="4"
                is_female="false"
                is_hero="true"
                culture="Culture.sami"
                occupation="Lord"
                default_group="Cavalry">
    <face>
<BodyProperties version="4" age="22.17" weight="0.5023" build="0.3912"  key="00020C0B800016C17C3AA76956259DBC25F9866254C69643C4B64739989C78C30096860309A7497300000000000000000000000000000000000000003B247002"  />
    </face>
	<skills>

</skills>
    <Traits>

</Traits>
    <Equipments>
      <EquipmentSet id="stu_bat_template_medium" />
      <EquipmentSet id="stu_civ_template_default"
                    civilian="true" />
    </Equipments>
  </NPCCharacter>
  
  <NPCCharacter id="lord_sami_6a"
                name="{=Sami_Filpa}Filpa"
                voice="softspoken"
                age="20"
                is_female="false"
                is_hero="true"
                culture="Culture.sami"
                occupation="Lord"
                default_group="Cavalry">
    <face>
<BodyProperties version="4" age="22.17" weight="0.5602" build="0.8843"  key="00020C0B800018037C3AA76956259DBC25F9866254C69643C4B64739989C78C3009D860309A7497300000000000000000000000000000000000000003B247002"  />
    </face>
	<skills>
<skill id="Leadership" value="79" />
<skill id="Scouting" value="46" />
<skill id="Tactics" value="173" />
<skill id="Athletics" value="99" />
<skill id="Riding" value="3" />
<skill id="Throwing" value="128" />
<skill id="Crossbow" value="57" />
<skill id="Bow" value="128" />
<skill id="Polearm" value="86" />
<skill id="TwoHanded" value="182" />
<skill id="OneHanded" value="166" />
</skills>
    <Traits>
<Trait id="Mercy" value="-1" />
<Trait id="Valor" value="0" />
<Trait id="Honor" value="1" />
<Trait id="Generosity" value="0" />
<Trait id="Calculating" value="0" />
<Trait id="Egalitarian" value="2" />
<Trait id="Oligarchic" value="1" />
<Trait id="Authoritarian" value="-2" />
</Traits>
    <Equipments>
      <EquipmentSet id="stu_bat_template_medium" />
      <EquipmentSet id="stu_civ_template_default"
                    civilian="true" />
    </Equipments>
  </NPCCharacter>
  
   <NPCCharacter id="lord_sami_7a"
                name="{=Sami_Leammá}Leammá"
                voice="softspoken"
                age="24"
                is_female="false"
                is_hero="true"
                culture="Culture.sami"
                occupation="Lord"
                default_group="Cavalry">
    <face>
<BodyProperties version="4" age="22.17" weight="0.5602" build="0.8843"  key="00020C0B800029047C63496D961285DA25F9866254C69643C4B64739989C78C3009D860309A7497300000000000000000000000000000000000000003B247002"  />
    </face>
	<skills>
<skill id="Leadership" value="93" />
<skill id="Scouting" value="74" />
<skill id="Tactics" value="60" />
<skill id="Athletics" value="137" />
<skill id="Riding" value="146" />
<skill id="Throwing" value="60" />
<skill id="Crossbow" value="165" />
<skill id="Bow" value="187" />
<skill id="Polearm" value="173" />
<skill id="TwoHanded" value="120" />
<skill id="OneHanded" value="176" />
</skills>
    <Traits>
<Trait id="Mercy" value="1" />
<Trait id="Valor" value="2" />
<Trait id="Honor" value="2" />
<Trait id="Generosity" value="2" />
<Trait id="Calculating" value="0" />
<Trait id="Egalitarian" value="1" />
<Trait id="Oligarchic" value="0" />
<Trait id="Authoritarian" value="0" />
</Traits>
    <Equipments>
      <EquipmentSet id="stu_bat_template_medium" />
      <EquipmentSet id="stu_civ_template_default"
                    civilian="true" />
    </Equipments>
  </NPCCharacter>
  
  <NPCCharacter id="lord_sami_7b"
                name="{=Sami_Livli}Livli"
                voice="softspoken"
                age="23"
                is_female="true"
                is_hero="true"
                culture="Culture.sami"
                occupation="Lord"
                default_group="Cavalry">
    <face>
<BodyProperties version="4" age="22.17" weight="0.4282" build="0.6157"  key="00020C0B800030017C63496D961285DA25F9866254C69643C4B64739989C78C30079660307A7497300000000000000000000000000000000000000003AE44003"  />
    </face>
	<skills>
<skill id="Engineering" value="97" />
<skill id="Medicine" value="62" />
<skill id="Leadership" value="87" />
<skill id="Steward" value="33" />
<skill id="Trade" value="52" />
<skill id="Charm" value="84" />
<skill id="Roguery" value="98" />
<skill id="Scouting" value="57" />
<skill id="Crafting" value="55" />
</skills>
    <Traits>
<Trait id="Mercy" value="-2" />
<Trait id="Valor" value="-2" />
<Trait id="Honor" value="1" />
<Trait id="Generosity" value="1" />
<Trait id="Calculating" value="-1" />
<Trait id="Egalitarian" value="2" />
<Trait id="Oligarchic" value="-1" />
<Trait id="Authoritarian" value="1" />
</Traits>
    <Equipments>
      <EquipmentSet id="stu_bat_template_medium" />
      <EquipmentSet id="stu_civ_template_woodsman"
                    civilian="true" />
    </Equipments>
  </NPCCharacter>
  
   <NPCCharacter id="lord_sami_7c"
                name="{=Sami_Bijáš}Bijáš"
                voice="softspoken"
                age="3"
                is_female="false"
                is_hero="true"
                culture="Culture.sami"
                occupation="Lord"
                default_group="Cavalry">
    <face>
<BodyProperties version="4" age="22.17" weight="0.4282" build="0.6157"  key="00020C0B800029047C63496D961285DA25F9866254C69643C4B64739989C78C30079660307A7497300000000000000000000000000000000000000003AE47002"  />
    </face>
	<skills>

</skills>
    <Traits>

</Traits>
    <Equipments>
      <EquipmentSet id="stu_bat_template_medium" />
      <EquipmentSet id="stu_civ_template_default"
                    civilian="true" />
    </Equipments>
  </NPCCharacter>
  
  <NPCCharacter id="lord_sami_7d"
                name="{=Sami_Sáddja}Sáddja"
                voice="softspoken"
                age="5"
                is_female="true"
                is_hero="true"
                culture="Culture.sami"
                occupation="Lord"
                default_group="Cavalry">
    <face>
<BodyProperties version="4" age="22.17" weight="0.4282" build="0.6157"  key="00020C0B800030017C63496D961285DA25F9866254C69643C4B64739989C78C30079660307A7497300000000000000000000000000000000000000003AE44003"  />
    </face>
	<skills>

</skills>
    <Traits>

</Traits>
    <Equipments>
      <EquipmentSet id="stu_bat_template_medium" />
      <EquipmentSet id="stu_civ_template_woodsman"
                    civilian="true" />
    </Equipments>
  </NPCCharacter>
  
</NPCCharacters>