<NPCCharacters>
<!-- ayyubid -->
	<!-- Clan 1 -->
  <NPCCharacter id="lord_ayyubid_3_1"
                name="{=Ayyubid_Ayyubid_r3oIoCr8}As-Salih Ayyub"
                age="44"
                voice="ironic"
                culture="Culture.ayyubid"
                occupation="Lord"
                is_hero="true"
                default_group="Cavalry"
                face_mesh_cache="true">
    <face>
      <BodyProperties version="4"
                      key="0028280FD7FC23C299C2761C4AC1A5954778548899A66659788878746A9D9629000F16530FA7699C000000000000000000000000000000000000000000F47140" />
    </face>
    <skills></skills>
    <Traits>
      <Trait id="BalancedFightingSkills"
             value="3" />
      <Trait id="Commander"
             value="7" />
      <Trait id="Politician"
             value="7" />
      <Trait id="Manager"
             value="7" />
      <Trait id="Valor"
             value="-1" />
      <Trait id="Generosity"
             value="1" />
      <Trait id="Calculating"
             value="1" />
      <Trait id="Oligarchic"
             value="1" />
    </Traits>
    <Equipments>
      <EquipmentRoster />
      <EquipmentSet id="ase_bat_template_flamboyant" />
      <EquipmentSet id="ase_civ_template_flamboyant"
                    civilian="true" />
    </Equipments>
  </NPCCharacter>
  <NPCCharacter id="lord_ayyubid_3_2"
                name="{=Ayyubid_Ayyubid_JhLPgr5x}Jinda Ayyub"
                age="45"
                voice="curt"
                is_female="true"
                culture="Culture.ayyubid"
                occupation="Lord"
                is_hero="true"
                default_group="Cavalry"
                face_mesh_cache="true">
    <face>
      <BodyProperties version="4"
                      key="0022500FD13C0001A7E3C8A64757B4876BA6785E867C96D8249D763F3BB7D86400000C5401A663680000000000000CE600000000000000000000000000286000" />
    </face>
    <skills></skills>
    <Traits>
      <Trait id="Politician"
             value="7" />
      <Trait id="Manager"
             value="7" />
      <Trait id="Mercy"
             value="-1" />
      <Trait id="Generosity"
             value="-1" />
      <Trait id="Calculating"
             value="-1" />
    </Traits>
    <Equipments>
      <EquipmentSet id="ase_bat_template_lady" />
      <EquipmentSet id="ase_noncom_template_flamboyant"
                    civilian="true" />
    </Equipments>
  </NPCCharacter>
  <NPCCharacter id="lord_ayyubid_3_7"
                name="{=Ayyubid_xC3kCGte}Dhiyul "
                age="24"
                voice="earnest"
                default_group="Cavalry"
                is_hero="true"
                culture="Culture.ayyubid"
                occupation="Lord"
                face_mesh_cache="true">
    <face>
      <BodyProperties version="4"
                      weight="0.5262"
                      build="0.6404"
                      key="001CC80A00000341AB86473C7577ACD8BB5C83453698737279B68E18780D2B26029A86240968931500000000000000000000000000000000000000001D3C3002" />
    </face>
    <skills></skills>
    <Traits>
      <Trait id="CavalryFightingSkills"
             value="3" />
      <Trait id="Commander"
             value="2" />
      <Trait id="Politician"
             value="7" />
      <Trait id="Manager"
             value="4" />
      <Trait id="Valor"
             value="-1" />
      <Trait id="Calculating"
             value="-1" />
      <Trait id="Generosity"
             value="1" />
      <Trait id="Mercy"
             value="1" />
    </Traits>
    <Equipments>
      <EquipmentRoster />
      <EquipmentSet id="ase_bat_template_flamboyant" />
      <EquipmentSet id="ase_civ_template_flamboyant"
                    civilian="true" />
    </Equipments>
  </NPCCharacter>
  <NPCCharacter id="lord_ayyubid_3_10"
                name="{=Ayyubid_TfNSLFNF}Anidha Ayyub"
                age="20"
                voice="earnest"
                default_group="Infantry"
                is_hero="true"
                is_female="true"
                culture="Culture.ayyubid"
                occupation="Lord"
                face_mesh_cache="true">
    <face>
      <BodyProperties version="4"
                      key="002DDC0E4000040497D3427635D69CA7A837954A579662459958A8898646766A0007600307B767790000000000000CE600000000000000000000000000500000" />
    </face>
    <skills></skills>
    <Traits>
      <Trait id="Politician"
             value="4" />
      <Trait id="Manager"
             value="5" />
      <Trait id="Valor"
             value="-1" />
      <Trait id="Calculating"
             value="1" />
    </Traits>
    <Equipments>
      <EquipmentSet id="ase_bat_template_lady" />
      <EquipmentSet id="ase_noncom_template_default"
                    civilian="true" />
    </Equipments>
  </NPCCharacter>
  <NPCCharacter id="lord_ayyubid_3_13"
                name="{=Ayyubid_WTCIOhvV}Nuqar Ayyub"
                age="38"
                voice="curt"
                default_group="Cavalry"
                is_hero="true"
                culture="Culture.ayyubid"
                occupation="Lord"
                face_mesh_cache="true">
    <face>
      <BodyProperties version="4"
                      weight="0.5519"
                      build="0.7167"
                      key="0022F80880002794C782350B3B71AFB7098A8017A2755525A9B9AD468B0C5D68055B80570564A704000000000000000000000000000000000000000060A87042" />
    </face>
    <skills></skills>
    <Traits>
      <Trait id="CavalryFightingSkills"
             value="8" />
      <Trait id="Commander"
             value="6" />
      <Trait id="Politician"
             value="3" />
      <Trait id="Manager"
             value="4" />
      <Trait id="Valor"
             value="1" />
      <Trait id="Honor"
             value="-1" />
    </Traits>
    <Equipments>
      <EquipmentRoster />
      <EquipmentSet id="ase_bat_template_bedouin" />
      <EquipmentSet id="ase_civ_template_bedouin"
                    civilian="true" />
    </Equipments>
  </NPCCharacter>
  <NPCCharacter id="lord_ayyubid_3_13_1"
                name="{=Ayyubid_psnfaZbC}Sira Ayyub"
                is_female="true"
                age="37"
                voice="softspoken"
                default_group="Cavalry"
                is_hero="true"
                culture="Culture.ayyubid"
                occupation="Lord"
                face_mesh_cache="true">
    <face>
      <BodyProperties version="4"
                      weight="0.5"
                      build="0.5"
                      key="0022880E504430048D6DA84AA9B668434696F8AC7F826778683B65553B844B7A01A776130A85794900000000000000000000000000000000000000005D542044" />
    </face>
    <skills></skills>
    <Traits>
      <Trait id="Manager"
             value="5" />
      <Trait id="Honor"
             value="1" />
    </Traits>
    <Equipments>
      <EquipmentRoster />
      <EquipmentSet id="ase_bat_template_lady" />
      <EquipmentSet id="ase_noncom_template_default"
                    civilian="true" />
    </Equipments>
  </NPCCharacter>
  <NPCCharacter id="lord_ayyubid_3_13_2"
                name="{=Ayyubid_13YN3S79}Razana Ayyub"
                age="17"
                voice="curt"
                default_group="Cavalry"
                is_hero="true"
                culture="Culture.ayyubid"
                occupation="Lord"
                face_mesh_cache="true">
    <face>
      <BodyProperties version="4"
                      weight="0.5"
                      build="0.5"
                      key="0028D40B51FC000279615D88977453634B8B895C74B382164C93D947647785A7016776130625634100000000000000000000000000000000000000006ACC40C3" />
    </face>
    <skills></skills>
    <Traits>
      <Trait id="Manager"
             value="1" />
      <Trait id="Honor"
             value="1" />
    </Traits>
    <Equipments>
      <EquipmentRoster />
      <EquipmentSet id="ase_bat_template_lady" />
      <EquipmentSet id="ase_noncom_template_default"
                    civilian="true" />
    </Equipments>
  </NPCCharacter>

	<!-- Clan 2 -->
  <NPCCharacter id="lord_ayyubid_3_3"
                name="{=Ayyubid_n2FdWOtE}Al-Salih Ismail"
                age="49"
                voice="ironic"
                default_group="Cavalry"
                is_hero="true"
                culture="Culture.ayyubid"
                occupation="Lord"
                face_mesh_cache="true">
    <face>
      <BodyProperties version="4"
                      weight="0.7762"
                      build="0.7083"
                      key="0028F40E5A000189869C5A8B7780749AAB77564639947345843A8657994575E505BBC0560B9687970000000000000CE600000000000000000000000001680000" />
    </face>
    <skills></skills>
    <Traits>
      <Trait id="BalancedFightingSkills"
             value="5" />
      <Trait id="Commander"
             value="8" />
      <Trait id="Politician"
             value="6" />
      <Trait id="Manager"
             value="7" />
      <Trait id="Calculating"
             value="1" />
      <Trait id="Generosity"
             value="1" />
    </Traits>
    <Equipments>
      <EquipmentRoster />
      <EquipmentSet id="ase_bat_template_heavy" />
      <EquipmentSet id="ase_civ_template_default"
                    civilian="true" />
    </Equipments>
  </NPCCharacter>
  <NPCCharacter id="lord_ayyubid_3_3_1"
                name="{=Ayyubid_JPBz1blG}Tariq Ismail"
                age="19"
                voice="curt"
                default_group="Cavalry"
                is_hero="true"
                culture="Culture.ayyubid"
                occupation="Lord"
                face_mesh_cache="true">
    <face>
      <BodyProperties version="4"
                      age="30.2"
                      weight="0"
                      build="0"
                      key="001C900FC0FC180886899931423946DB88E588765AA3947958825CAD467C7D4701E006890E57A12A000000000000000000000000000000000000000000843044" />
    </face>
    <skills></skills>
    <Traits>
      <Trait id="BalancedFightingSkills"
             value="3" />
      <Trait id="Commander"
             value="5" />
      <Trait id="Politician"
             value="4" />
      <Trait id="Manager"
             value="3" />
      <Trait id="Calculating"
             value="1" />
      <Trait id="Generosity"
             value="1" />
    </Traits>
    <Equipments>
      <EquipmentRoster />
      <EquipmentSet id="ase_bat_template_medium" />
      <EquipmentSet id="ase_civ_template_default"
                    civilian="true" />
    </Equipments>
  </NPCCharacter>
  <NPCCharacter id="lord_ayyubid_3_4"
                name="{=Ayyubid_6WWJpv88}Maraa Ismail"
                age="45"
                voice="ironic"
                default_group="Cavalry"
                is_hero="true"
                is_female="true"
                culture="Culture.ayyubid"
                occupation="Lord"
                face_mesh_cache="true">
    <face>
      <BodyProperties version="4"
                      key="002DD40E40000001869C5A8B7786749AAB77564639947345843A8657994575E5000E00040E9687970000000000000CE600000000000000000000000001E00000" />
    </face>
    <skills>
    </skills>
    <Traits>
      <Trait id="Politician"
             value="4" />
      <Trait id="Manager"
             value="6" />
      <Trait id="Honor"
             value="1" />
      <Trait id="Generosity"
             value="1" />
    </Traits>
    <Equipments>
      <EquipmentSet id="ase_bat_template_lady" />
      <EquipmentSet id="ase_noncom_template_flamboyant"
                    civilian="true" />
    </Equipments>
  </NPCCharacter>
  <NPCCharacter id="lord_ayyubid_3_8"
                name="{=Ayyubid_saaeExBg}Addas Ismail"
                age="24"
                voice="ironic"
                default_group="Infantry"
                is_hero="true"
                culture="Culture.ayyubid"
                occupation="Lord"
                face_mesh_cache="true">
    <face>
      <BodyProperties version="4"
                      weight="0.5959"
                      build="0.39"
                      key="002DD008800017569A8325164C717EB41DB68247C1766706898A77398C1C655704469045046695710000000000000000000000000000000000000000308850C5" />
    </face>
    <skills></skills>
    <Traits>
      <Trait id="BalancedFightingSkills"
             value="8" />
      <Trait id="Commander"
             value="4" />
      <Trait id="Politician"
             value="4" />
      <Trait id="Manager"
             value="2" />
      <Trait id="Valor"
             value="1" />
      <Trait id="Generosity"
             value="1" />
      <Trait id="Honor"
             value="-1" />
      <Trait id="Calculating"
             value="-1" />
      <Trait id="Egalitarian"
             value="1" />
    </Traits>
    <Equipments>
      <EquipmentRoster />
      <EquipmentSet id="ase_bat_template_bedouin" />
      <EquipmentSet id="ase_civ_template_bedouin"
                    civilian="true" />
    </Equipments>
  </NPCCharacter>
  <NPCCharacter id="lord_ayyubid_3_11"
                name="{=Ayyubid_vAKB54zO}Arwa Ismail"
                age="22"
                voice="ironic"
                default_group="Cavalry"
                is_hero="true"
                is_female="true"
                culture="Culture.ayyubid"
                occupation="Lord"
                face_mesh_cache="true">
    <face>
      <BodyProperties version="4"
                      weight="0.7"
                      build="0.5337"
                      key="00268C0C110030026982442CABD127719C46724BA187A130BBA3EA457A6C57470288B6240802B35C000000000000000000000000000000000000000059044001" />
    </face>
    <skills></skills>
    <Traits>
      <Trait id="CavalryFightingSkills"
             value="7" />
      <Trait id="Commander"
             value="6" />
      <Trait id="Politician"
             value="7" />
      <Trait id="Manager"
             value="3" />
      <Trait id="Valor"
             value="1" />
      <Trait id="Generosity"
             value="1" />
      <Trait id="Honor"
             value="-1" />
      <Trait id="Egalitarian"
             value="1" />
    </Traits>
    <Equipments>
      <EquipmentRoster />
      <EquipmentSet id="ase_bat_template_medium" />
      <EquipmentSet id="ase_civ_template_bedouin"
                    civilian="true" />
    </Equipments>
  </NPCCharacter>

	<!-- Clan 3 -->
  <NPCCharacter id="lord_ayyubid_3_5"
                name="{=Ayyubid_iOZtAOgk}al-Nasir Dawud"
                age="45"
                voice="curt"
                default_group="HorseArcher"
                is_hero="true"
                culture="Culture.ayyubid"
                occupation="Lord"
                face_mesh_cache="true">
    <face>
      <BodyProperties version="4"
                      weight="0.5192"
                      build="0.5431"
                      key="001CE008800023959B83263A29717DE32CD881249354432699A85C598A0A58590588805708986484000000000000000000000000000000000000000035085041" />
    </face>
    <skills></skills>
    <Traits>
      <Trait id="BalancedFightingSkills"
             value="6" />
      <Trait id="Commander"
             value="4" />
      <Trait id="Politician"
             value="5" />
      <Trait id="Manager"
             value="6" />
      <Trait id="Calculating"
             value="1" />
      <Trait id="Honor"
             value="1" />
      <Trait id="Mercy"
             value="-1" />
      <Trait id="Generosity"
             value="-1" />
    </Traits>
    <Equipments>
      <EquipmentRoster />
      <EquipmentSet id="ase_bat_template_flamboyant" />
      <EquipmentSet id="ase_civ_template_flamboyant"
                    civilian="true" />
    </Equipments>
  </NPCCharacter>
  <NPCCharacter id="lord_ayyubid_3_51"
                name="{=Ayyubid_891zDKIl}Haqan Dawud"
                age="19"
                voice="curt"
                default_group="HorseArcher"
                is_hero="true"
                culture="Culture.ayyubid"
                occupation="Lord"
                face_mesh_cache="true">
    <face>
      <BodyProperties version="4"
                      weight="0.526"
                      build="0.7128"
                      key="0022B00880003012988235094C712BA509598337A14534159A897A068A1E4933034B80350473C822000000000000000000000000000000000000000038807044" />
    </face>
    <skills></skills>
    <Traits>
      <Trait id="BalancedFightingSkills"
             value="5" />
      <Trait id="Commander"
             value="5" />
      <Trait id="Politician"
             value="3" />
      <Trait id="Manager"
             value="3" />
      <Trait id="Calculating"
             value="1" />
      <Trait id="Honor"
             value="1" />
      <Trait id="Mercy"
             value="-1" />
      <Trait id="Generosity"
             value="-1" />
    </Traits>
    <Equipments>
      <EquipmentRoster />
      <EquipmentSet id="ase_bat_template_medium" />
      <EquipmentSet id="ase_civ_template_default"
                    civilian="true" />
    </Equipments>
  </NPCCharacter>
  <NPCCharacter id="lord_ayyubid_3_6"
                name="{=Ayyubid_nBDKxiyC}Ruma Dawud"
                age="41"
                voice="curt"
                is_female="true"
                default_group="Infantry"
                is_hero="true"
                culture="Culture.ayyubid"
                occupation="Lord"
                face_mesh_cache="true">
    <face>
      <BodyProperties version="4"
                      weight="0.3981"
                      build="0.2729"
                      key="0022D80B400020128982510588A2A7348A60717AC375A0229E99C736896F575501A466130A1CB332000000000000000000000000000000000000000007542043" />
    </face>
    <skills></skills>
    <Traits>
      <Trait id="Politician"
             value="6" />
      <Trait id="Manager"
             value="5" />
      <Trait id="Honor"
             value="1" />
      <Trait id="Generosity"
             value="-1" />
    </Traits>
    <Equipments>
      <EquipmentSet id="ase_bat_template_lady" />
      <EquipmentSet id="ase_noncom_template_bedouin"
                    civilian="true" />
    </Equipments>
  </NPCCharacter>
  <NPCCharacter id="lord_ayyubid_3_9"
                name="{=Ayyubid_LJ6Intaq}Usair Dawud"
                age="21"
                voice="earnest"
                default_group="HorseArcher"
                is_hero="true"
                culture="Culture.ayyubid"
                occupation="Lord"
                face_mesh_cache="true">
    <face>
      <BodyProperties version="4"
                      weight="0.7171"
                      build="0.6445"
                      key="001CF40880002959988044094881DCF25D518415A18656179A8899478D2C5A5304AAB0460A3CC435000000000000000000000000000000000000000037402000" />
    </face>
    <skills></skills>
    <Traits>
      <Trait id="CavalryFightingSkills"
             value="6" />
      <Trait id="Commander"
             value="6" />
      <Trait id="Politician"
             value="5" />
      <Trait id="Manager"
             value="6" />
      <Trait id="Honor"
             value="1" />
      <Trait id="Generosity"
             value="1" />
      <Trait id="Mercy"
             value="-1" />
    </Traits>
    <Equipments>
      <EquipmentRoster />
      <EquipmentSet id="ase_bat_template_bedouin" />
      <EquipmentSet id="ase_civ_template_bedouin"
                    civilian="true" />
    </Equipments>
  </NPCCharacter>
  <NPCCharacter id="lord_ayyubid_3_12"
                name="{=Ayyubid_MlmPJ502}Manan Dawud"
                age="22"
                voice="earnest"
                default_group="Cavalry"
                is_hero="true"
                is_female="true"
                culture="Culture.ayyubid"
                occupation="Lord"
                face_mesh_cache="true">
    <face>
      <BodyProperties version="4"
                      weight="0.7751"
                      build="0.2584"
                      key="0022D80A800030055C816132B9B2D7429B34737A82668521BAD6A558884D5C690394C635093568AC00000000000000000000000000000000000000002B2C2044" />
    </face>
    <Traits>
      <Trait id="Politician"
             value="7" />
      <Trait id="Manager"
             value="3" />
      <Trait id="Mercy"
             value="1" />
      <Trait id="Calculating"
             value="1" />
    </Traits>
    <Equipments>
      <EquipmentSet id="ase_bat_template_lady" />
      <EquipmentSet id="ase_noncom_template_default"
                    civilian="true" />
    </Equipments>
  </NPCCharacter>
  <NPCCharacter id="lord_ayyubid_3_20"
                name="{=Ayyubid_IgSZcCW0}Karith Dawud"
                age="36"
                voice="curt"
                default_group="Cavalry"
                is_hero="true"
                culture="Culture.ayyubid"
                occupation="Lord"
                face_mesh_cache="true">
    <face>
      <BodyProperties version="4"
                      weight="0.3371"
                      build="0.6152"
                      key="0028B00880001A14A78244373A714DB139C2813792826026AA79AC688B185E4503295035024675B0000000000000000000000000000000000000000068486084" />
    </face>
    <skills></skills>
    <Traits>
      <Trait id="BalancedFightingSkills"
             value="7" />
      <Trait id="Commander"
             value="8" />
      <Trait id="Politician"
             value="5" />
      <Trait id="Manager"
             value="6" />
      <Trait id="Mercy"
             value="-1" />
      <Trait id="Generosity"
             value="-1" />
    </Traits>
    <Equipments>
      <EquipmentRoster />
      <EquipmentSet id="ase_bat_template_medium" />
      <EquipmentSet id="ase_civ_template_default"
                    civilian="true" />
    </Equipments>
  </NPCCharacter>
  <NPCCharacter id="lord_ayyubid_3_20_1"
                name="{=Ayyubid_NiOxe8Y2}Judira Dawud"
                age="35"
                voice="softspoken"
                is_female="true"
                default_group="Cavalry"
                is_hero="true"
                culture="Culture.ayyubid"
                occupation="Lord"
                face_mesh_cache="true">
    <face>
      <BodyProperties version="4"
                      weight="0.5"
                      build="0.5"
                      key="0028A40CD21410068A9277BB6B3788C8B8A9C36AB6AAC46A436AB719877B887401B776130BA539B70000000000000000000000000000000000000000197C3003" />
    </face>
    <Traits>
      <Trait id="Manager"
             value="4" />
      <Trait id="Generosity"
             value="-1" />
    </Traits>
    <Equipments>
      <EquipmentRoster />
      <EquipmentSet id="ase_bat_template_lady" />
      <EquipmentSet id="ase_noncom_template_default"
                    civilian="true" />
    </Equipments>
  </NPCCharacter>
  <NPCCharacter id="lord_ayyubid_3_20_2"
                name="{=Ayyubid_brZGZw7D}Azina Dawud"
                age="16"
                voice="earnest"
                is_female="true"
                default_group="Cavalry"
                is_hero="true"
                culture="Culture.ayyubid"
                occupation="Lord"
                face_mesh_cache="true">
    <face>
      <BodyProperties version="4"
                      weight="0.5"
                      build="0.5"
                      key="0028540FD114000ABB6D8984A3778C5557A97866E85A9D87A87587757CA534BB0187761308A5866B00000000000000000000000000000000000000006D042003" />
    </face>
    <Traits>
    </Traits>
    <Equipments>
      <EquipmentRoster />
      <EquipmentSet id="ase_bat_template_lady" />
      <EquipmentSet id="ase_noncom_template_default"
                    civilian="true" />
    </Equipments>
  </NPCCharacter>

	<!-- Clan 4 -->
  <NPCCharacter id="lord_ayyubid_3_14"
                name="{=Ayyubid_HSlqsoPK}Thamza Muhammad"
                age="47"
                voice="softspoken"
                default_group="HorseArcher"
                is_hero="true"
                culture="Culture.ayyubid"
                occupation="Lord"
                face_mesh_cache="true">
    <face>
      <BodyProperties version="4"
                      weight="0.7752"
                      build="0.5081"
                      key="001C980880001612BC80243829815A955AA18339B27543258DB878188B178D450368C0350659885500000000000000000000000000000000000000006AD07081" />
    </face>
    <skills></skills>
    <Traits>
      <Trait id="BalancedFightingSkills"
             value="4" />
      <Trait id="Commander"
             value="7" />
      <Trait id="Politician"
             value="5" />
      <Trait id="Manager"
             value="5" />
      <Trait id="Honor"
             value="1" />
      <Trait id="Calculating"
             value="1" />
    </Traits>
    <Equipments>
      <EquipmentRoster />
      <EquipmentSet id="ase_bat_template_heavy" />
      <EquipmentSet id="ase_civ_template_bedouin"
                    civilian="true" />
    </Equipments>
  </NPCCharacter>
  <NPCCharacter id="lord_ayyubid_3_14_1"
                name="{=Ayyubid_sPSqyA4R}Sasaitha Muhammad"
                age="25"
                is_female="true"
                voice="softspoken"
                default_group="HorseArcher"
                is_hero="true"
                culture="Culture.ayyubid"
                occupation="Lord"
                face_mesh_cache="true">
    <face>
      <BodyProperties version="4"
                      weight="0.5"
                      build="0.5"
                      key="002D700CD0881003A5C589888A5675AAC7B2869B794AB978A79C47747B19B58801577613057CC3E6000000000000000000000000000000000000000042B41003" />
    </face>
    <skills></skills>
    <Traits>
      <Trait id="Politician"
             value="7" />
      <Trait id="Manager"
             value="3" />
      <Trait id="Calculating"
             value="1" />
    </Traits>
    <Equipments>
      <EquipmentRoster />
      <EquipmentSet id="ase_bat_template_lady" />
      <EquipmentSet id="ase_noncom_template_bedouin"
                    civilian="true" />
    </Equipments>
  </NPCCharacter>
  <NPCCharacter id="lord_ayyubid_3_15"
                name="{=Ayyubid_NOchnEwX}Ghuzid Muhammad"
                age="31"
                voice="curt"
                default_group="Cavalry"
                is_hero="true"
                culture="Culture.ayyubid"
                occupation="Lord"
                face_mesh_cache="true">
    <face>
      <BodyProperties version="4"
                      weight="0.5"
                      build="0.6"
                      key="003F000FD6FC29DA0CFC208F1001FBEF2D01FA0000F01110500B1EF068E672B006B970670B0D87810000000000000000000000000000000000000000217800C2" />
    </face>
    <skills></skills>
    <Traits>
      <Trait id="BalancedFightingSkills"
             value="9" />
      <Trait id="Commander"
             value="4" />
      <Trait id="Politician"
             value="4" />
      <Trait id="Manager"
             value="5" />
      <Trait id="Valor"
             value="1" />
      <Trait id="Calculating"
             value="-1" />
      <Trait id="Generosity"
             value="-1" />
    </Traits>
    <Equipments>
      <EquipmentRoster />
      <EquipmentSet id="ase_bat_template_heavy" />
      <EquipmentSet id="ase_civ_template_bedouin"
                    civilian="true" />
    </Equipments>
  </NPCCharacter>
  <NPCCharacter id="lord_ayyubid_3_15_1"
                name="{=Ayyubid_VPnW6rA1}Shimra Muhammad"
                age="26"
                voice="softspoken"
                is_female="true"
                default_group="Cavalry"
                is_hero="true"
                culture="Culture.ayyubid"
                occupation="Lord"
                face_mesh_cache="true">
    <face>
      <BodyProperties version="4"
                      weight="0.5"
                      build="0.5"
                      key="00288C0CD2880004A395E7AA463A6E1C4BAA43633B1986E5A89857745CAB736C0167761306667684000000000000000000000000000000000000000066C410C3" />
    </face>
    <skills></skills>
    <Traits>
      <Trait id="Politician"
             value="5" />
      <Trait id="Manager"
             value="5" />
      <Trait id="Generosity"
             value="1" />
    </Traits>
    <Equipments>
      <EquipmentRoster />
      <EquipmentSet id="ase_bat_template_lady" />
      <EquipmentSet id="ase_noncom_template_default"
                    civilian="true" />
    </Equipments>
  </NPCCharacter>
  <NPCCharacter id="lord_ayyubid_3_15_2"
                name="{=Ayyubid_DADHWcX4}Bushila Muhammad"
                age="5"
                voice="softspoken"
                is_female="true"
                default_group="Cavalry"
                is_hero="true"
                culture="Culture.ayyubid"
                occupation="Lord"
                face_mesh_cache="true">
    <face>
      <BodyProperties version="4"
                      weight="0.5"
                      build="0.5"
                      key="0022500CD2E4000457A8EAA7469C9552DEABB756A9349BC76A7768A8D898CA880187761308BAA6890000000000000000000000000000000000000000731C0083" />
    </face>
    <skills></skills>
    <Traits>
    </Traits>
    <Equipments>
      <EquipmentRoster />
      <EquipmentSet id="ase_bat_template_lady" />
      <EquipmentSet id="ase_noncom_template_default"
                    civilian="true" />
    </Equipments>
  </NPCCharacter>
  <NPCCharacter id="lord_ayyubid_3_16"
                name="{=Ayyubid_Er3eFLdH}al-Nasir Muhammad"
                age="28"
                voice="softspoken"
                default_group="Cavalry"
                is_hero="true"
                culture="Culture.ayyubid"
                occupation="Lord"
                face_mesh_cache="true">
    <face>
      <BodyProperties version="4"
                      weight="0.6299"
                      build="0.6072"
                      key="001CD808800003D2998335193B81CD944A998317B1718116AA98A7278C098A440399903509299520000000000000000000000000000000000000000057281041" />
    </face>
    <skills></skills>
    <Traits>
      <Trait id="BalancedFightingSkills"
             value="5" />
      <Trait id="Commander"
             value="6" />
      <Trait id="Politician"
             value="9" />
      <Trait id="Manager"
             value="5" />
      <Trait id="Valor"
             value="-1" />
      <Trait id="Honor"
             value="-1" />
      <Trait id="Calculating"
             value="1" />
    </Traits>
    <Equipments>
      <EquipmentRoster />
      <EquipmentSet id="ase_bat_template_medium" />
      <EquipmentSet id="ase_civ_template_default"
                    civilian="true" />
    </Equipments>
  </NPCCharacter>
  <NPCCharacter id="lord_ayyubid_3_16_1"
                name="{=Ayyubid_aVkqqEOx}Farina Muhammad"
                age="24"
                voice="softspoken"
                is_female="true"
                default_group="Cavalry"
                is_hero="true"
                culture="Culture.ayyubid"
                occupation="Lord"
                face_mesh_cache="true">
    <face>
      <BodyProperties version="4"
                      weight="0.5"
                      build="0.5"
                      key="001CA80CD1883007A555B462CE8A55A6578B58BB799A8ACCAA7D8CC7765CB31201277613025AAA3B0000000000000000000000000000000000000000583C4043" />
    </face>
    <skills></skills>
    <Traits>
      <Trait id="Politician"
             value="5" />
      <Trait id="Manager"
             value="3" />
      <Trait id="Honor"
             value="-1" />
      <Trait id="Calculating"
             value="1" />
    </Traits>
    <Equipments>
      <EquipmentRoster />
      <EquipmentSet id="ase_bat_template_lady" />
      <EquipmentSet id="ase_noncom_template_flamboyant"
                    civilian="true" />
    </Equipments>
  </NPCCharacter>

	<!-- Clan 5 -->
  <NPCCharacter id="lord_ayyubid_3_17"
                name="{=Ayyubid_kvxnbHjF}Iyalas"
                age="28"
                voice="softspoken"
                default_group="Cavalry"
                is_hero="true"
                culture="Culture.ayyubid"
                occupation="Lord"
                face_mesh_cache="true">
    <face>
      <BodyProperties version="4"
                      weight="0.568"
                      build="0.5195"
                      key="0022EC08800018D57881460A2B7129E25BAA85149355561688997A298E1A795304689046064BC72600000000000000000000000000000000000000001CC070C5" />
    </face>
    <skills></skills>
    <Traits>
      <Trait id="BalancedFightingSkills"
             value="7" />
      <Trait id="Commander"
             value="5" />
      <Trait id="Politician"
             value="5" />
      <Trait id="Manager"
             value="7" />
      <Trait id="Honor"
             value="1" />
      <Trait id="Mercy"
             value="1" />
    </Traits>
    <Equipments>
      <EquipmentRoster />
      <EquipmentSet id="ase_bat_template_medium" />
      <EquipmentSet id="ase_civ_template_default"
                    civilian="true" />
    </Equipments>
  </NPCCharacter>
  <NPCCharacter id="lord_ayyubid_3_17_1"
                name="{=Ayyubid_Atuo4eR7}Shaima"
                age="26"
                voice="curt"
                is_female="true"
                default_group="Cavalry"
                is_hero="true"
                culture="Culture.ayyubid"
                occupation="Lord"
                face_mesh_cache="true">
    <face>
      <BodyProperties version="4"
                      weight="0.5"
                      build="0.5"
                      key="003F880FC0B4000D22AA8868B68367A9346A54A66984B75BB1AA59782B2B6773015776130586542600000000000000000000000000000000000000003E9C2043" />
    </face>
    <skills></skills>
    <Traits>
      <Trait id="Commander"
             value="2" />
      <Trait id="Politician"
             value="2" />
      <Trait id="Manager"
             value="3" />
      <Trait id="Mercy"
             value="1" />
    </Traits>
    <Equipments>
      <EquipmentRoster />
      <EquipmentSet id="ase_bat_template_lady" />
      <EquipmentSet id="ase_noncom_template_default"
                    civilian="true" />
    </Equipments>
  </NPCCharacter>
  <NPCCharacter id="lord_ayyubid_3_17_2"
                name="{=Ayyubid_DsduCz91}Sanit"
                age="6"
                voice="curt"
                is_female="true"
                default_group="Cavalry"
                is_hero="true"
                culture="Culture.ayyubid"
                occupation="Lord"
                face_mesh_cache="true">
    <face>
      <BodyProperties version="4"
                      weight="0.5"
                      build="0.5"
                      key="0028A40FC044200D7BA421B1984A6141392DDD94B48251365E6857BBD67B978B01C776130C9683850000000000000000000000000000000000000000338C3003" />
    </face>
    <skills></skills>
    <Traits></Traits>
    <Equipments>
      <EquipmentRoster />
      <EquipmentSet id="ase_bat_template_lady" />
      <EquipmentSet id="ase_noncom_template_default"
                    civilian="true" />
    </Equipments>
  </NPCCharacter>
  <NPCCharacter id="lord_ayyubid_3_21"
                name="{=Ayyubid_gQ1JZ8ow}Ukhai"
                age="28"
                voice="earnest"
                default_group="Cavalry"
                is_hero="true"
                culture="Culture.ayyubid"
                occupation="Lord"
                face_mesh_cache="true">
    <face>
      <BodyProperties version="4"
                      weight="0.7348"
                      build="0.4839"
                      key="001CD40A00001582C9823315378118F46C84843482727016978A6A088D2B4E480487B04608774A7100000000000000000000000000000000000000003F182083" />
    </face>
    <skills></skills>
    <Traits>
      <Trait id="BalancedFightingSkills"
             value="8" />
      <Trait id="Commander"
             value="6" />
      <Trait id="Politician"
             value="4" />
      <Trait id="Manager"
             value="5" />
      <Trait id="Valor"
             value="1" />
      <Trait id="Honor"
             value="1" />
    </Traits>
    <Equipments>
      <EquipmentRoster />
      <EquipmentSet id="ase_bat_template_heavy" />
      <EquipmentSet id="ase_civ_template_default"
                    civilian="true" />
    </Equipments>
  </NPCCharacter>
  <NPCCharacter id="lord_ayyubid_3_21_1"
                name="{=Ayyubid_5xOBW2Qz}Ashisa"
                age="25"
                is_female="true"
                voice="earnest"
                default_group="Cavalry"
                is_hero="true"
                culture="Culture.ayyubid"
                occupation="Lord"
                face_mesh_cache="true">
    <face>
      <BodyProperties version="4"
                      weight="0.5"
                      build="0.5"
                      key="0039580CD1A0000598A7094768948C7BBC777A3B9939A865A968C3CE8A95D3CA0137761303865A560000000000000000000000000000000000000000587440C3" />
    </face>
    <skills></skills>
    <Traits>
      <Trait id="Manager"
             value="3" />
      <Trait id="Generosity"
             value="-1" />
      <Trait id="Honor"
             value="1" />
    </Traits>
    <Equipments>
      <EquipmentRoster />
      <EquipmentSet id="ase_bat_template_lady" />
      <EquipmentSet id="ase_noncom_template_default"
                    civilian="true" />
    </Equipments>
  </NPCCharacter>

	<!-- Clan 6 -->
  <NPCCharacter id="lord_ayyubid_3_18"
                name="{=Ayyubid_VAAIYJqI}Talas"
                age="48"
                voice="ironic"
                default_group="Cavalry"
                is_hero="true"
                culture="Culture.ayyubid"
                occupation="Lord"
                face_mesh_cache="true">
    <face>
      <BodyProperties version="4"
                      weight="0.6768"
                      build="0.6779"
                      key="001CA40880001141A982443A39718ED53DA28416A353712599A86A478E184657066AA068065A8854000000000000000000000000000000000000000008C040C4" />
    </face>
    <skills></skills>
    <Traits>
      <Trait id="CavalryFightingSkills"
             value="6" />
      <Trait id="Commander"
             value="5" />
      <Trait id="Politician"
             value="3" />
      <Trait id="Manager"
             value="5" />
      <Trait id="Generosity"
             value="1" />
      <Trait id="Honor"
             value="-1" />
      <Trait id="Calculating"
             value="-1" />
    </Traits>
    <Equipments>
      <EquipmentRoster />
      <EquipmentSet id="ase_bat_template_flamboyant" />
      <EquipmentSet id="ase_civ_template_flamboyant"
                    civilian="true" />
    </Equipments>
  </NPCCharacter>
  <NPCCharacter id="lord_ayyubid_3_18_1"
                name="{=Ayyubid_DuTdWRbB}Farzana"
                age="22"
                voice="softspoken"
                is_female="true"
                default_group="Cavalry"
                is_hero="true"
                culture="Culture.ayyubid"
                occupation="Lord"
                face_mesh_cache="true">
    <face>
      <BodyProperties version="4"
                      weight="0.5"
                      build="0.5"
                      key="00333C0E502C10107A75B5227776955DAA32B8696C098CE8698934134582A37801A776130AC954A5000000000000000000000000000000000000000031440003" />
    </face>
    <skills></skills>
    <Traits>
      <Trait id="Manager"
             value="3" />
      <Trait id="Generosity"
             value="1" />
      <Trait id="Honor"
             value="1" />
    </Traits>
    <Equipments>
      <EquipmentRoster />
      <EquipmentSet id="ase_bat_template_lady" />
      <EquipmentSet id="ase_noncom_template_default"
                    civilian="true" />
    </Equipments>
  </NPCCharacter>
  <NPCCharacter id="lord_ayyubid_3_18_2"
                name="{=Ayyubid_t31RboMa}Hafisa"
                age="20"
                voice="ironic"
                is_female="true"
                default_group="Cavalry"
                is_hero="true"
                culture="Culture.ayyubid"
                occupation="Lord"
                face_mesh_cache="true">
    <face>
      <BodyProperties version="4"
                      weight="0.5"
                      build="0.5"
                      key="00281C0B40FC10014495955AC76645777ACE633B7A944788995887A99C8DDBA50157761305557C45000000000000000000000000000000000000000030B410C3" />
    </face>
    <skills></skills>
    <Traits>
      <Trait id="Manager"
             value="5" />
      <Trait id="Generosity"
             value="1" />
      <Trait id="Honor"
             value="1" />
      <Trait id="Calculating"
             value="1" />
    </Traits>
    <Equipments>
      <EquipmentRoster />
      <EquipmentSet id="ase_bat_template_lady" />
      <EquipmentSet id="ase_noncom_template_bedouin"
                    civilian="true" />
    </Equipments>
  </NPCCharacter>
  <NPCCharacter id="lord_ayyubid_3_18_3"
                name="{=Ayyubid_OtzsT453}Zuad"
                age="18"
                voice="ironic"
                is_female="true"
                default_group="Cavalry"
                is_hero="true"
                culture="Culture.ayyubid"
                occupation="Lord"
                face_mesh_cache="true">
    <face>
      <BodyProperties version="4"
                      weight="0.5"
                      build="0.5"
                      key="0033640B52FC3011677343968A67954791464A7576DB8A4BD358B8497D53B6AB0187761308C59A69000000000000000000000000000000000000000031042003" />
    </face>
    <skills></skills>
    <Traits>
      <Trait id="CavalryFightingSkills"
             value="3" />
      <Trait id="Commander"
             value="3" />
      <Trait id="Valor"
             value="1" />
      <Trait id="Generosity"
             value="1" />
      <Trait id="Calculating"
             value="-1" />
    </Traits>
    <Equipments>
      <EquipmentRoster />
      <EquipmentSet id="ase_bat_template_bedouin" />
      <EquipmentSet id="ase_civ_template_bedouin"
                    civilian="true" />
    </Equipments>
  </NPCCharacter>
  <NPCCharacter id="lord_ayyubid_3_18_4"
                name="{=Ayyubid_FP1nudkE}Jalfar"
                age="7"
                voice="ironic"
                default_group="Cavalry"
                is_hero="true"
                culture="Culture.ayyubid"
                occupation="Lord"
                face_mesh_cache="true">
    <face>
      <BodyProperties version="4"
                      weight="0.5"
                      build="0.5"
                      key="0028580E40CC130D755797AA334A25ED82C384356C3687C239B7CAA5876879580137761303A69CA6000000000000000000000000000000000000000030541002" />
    </face>
    <skills></skills>
    <Traits>
    </Traits>
    <Equipments>
      <EquipmentRoster />
      <EquipmentSet id="ase_bat_template_medium" />
      <EquipmentSet id="ase_civ_template_default"
                    civilian="true" />
    </Equipments>
  </NPCCharacter>

	<!-- Clan 7 -->
  <NPCCharacter id="lord_ayyubid_3_19"
                name="{=Ayyubid_sABDrRyF}Awdhan"
                age="48"
                voice="curt"
                default_group="Cavalry"
                is_hero="true"
                culture="Culture.ayyubid"
                occupation="Lord"
                face_mesh_cache="true">
    <face>
      <BodyProperties version="4"
                      weight="0.4784"
                      build="0.5191"
                      key="0016C80880001597BA83341737814FC43B578027A2557115ABB98E678A0A6867049870460979E5240000000000000000000000000000000000000000253850C0" />
    </face>
    <skills></skills>
    <Traits>
      <Trait id="BalancedFightingSkills"
             value="7" />
      <Trait id="Commander"
             value="8" />
      <Trait id="Politician"
             value="5" />
      <Trait id="Manager"
             value="6" />
      <Trait id="Valor"
             value="1" />
      <Trait id="Calculating"
             value="1" />
    </Traits>
    <Equipments>
      <EquipmentRoster />
      <EquipmentSet id="ase_bat_template_medium" />
      <EquipmentSet id="ase_civ_template_default"
                    civilian="true" />
    </Equipments>
  </NPCCharacter>
  <NPCCharacter id="lord_ayyubid_3_19_1"
                name="{=Ayyubid_7ZFm3GTF}Salma"
                age="46"
                voice="softspoken"
                is_female="true"
                default_group="Cavalry"
                is_hero="true"
                culture="Culture.ayyubid"
                occupation="Lord"
                face_mesh_cache="true">
    <face>
      <BodyProperties version="4"
                      weight="0.4784"
                      build="0.5191"
                      key="0016C80880001597BA83341737814FC43B578027A2557115ABB98E678A0A6867049870460979E5240000000000000000000000000000000000000000253850C0" />
    </face>
    <skills></skills>
    <Traits>
      <Trait id="Politician"
             value="4" />
      <Trait id="Manager"
             value="3" />
      <Trait id="Generosity"
             value="1" />
      <Trait id="Calculating"
             value="1" />
      <Trait id="Honor"
             value="-1" />
    </Traits>
    <Equipments>
      <EquipmentRoster />
      <EquipmentSet id="ase_bat_template_lady" />
      <EquipmentSet id="ase_noncom_template_default"
                    civilian="true" />
    </Equipments>
  </NPCCharacter>
  <NPCCharacter id="lord_ayyubid_3_19_2"
                name="{=Ayyubid_EFgG35sB}Zulaika"
                age="22"
                voice="curt"
                is_female="true"
                default_group="Cavalry"
                is_hero="true"
                culture="Culture.ayyubid"
                occupation="Lord"
                face_mesh_cache="true">
    <face>
      <BodyProperties version="4"
                      weight="0.5"
                      build="0.5"
                      key="0028780FD1B40004C774C93FC6B607A25B78358D77AA3A167785D8575938737C0167761306A6AB4600000000000000000000000000000000000000004ABC10C4" />
    </face>
    <skills></skills>
    <Traits>
      <Trait id="Politician"
             value="2" />
      <Trait id="Manager"
             value="2" />
      <Trait id="Generosity"
             value="-1" />
      <Trait id="Calculating"
             value="1" />
      <Trait id="Honor"
             value="1" />
    </Traits>
    <Equipments>
      <EquipmentRoster />
      <EquipmentSet id="ase_bat_template_lady" />
      <EquipmentSet id="ase_noncom_template_default"
                    civilian="true" />
    </Equipments>
  </NPCCharacter>
  <NPCCharacter id="lord_ayyubid_3_19_3"
                name="{=Ayyubid_iU8D2Psj}Sulhana"
                age="20"
                voice="softspoken"
                is_female="true"
                default_group="Cavalry"
                is_hero="true"
                culture="Culture.ayyubid"
                occupation="Lord"
                face_mesh_cache="true">
    <face>
      <BodyProperties version="4"
                      weight="0.5"
                      build="0.5"
                      key="001C240FC00010037AC4EAE9849538381157953AB4819A17898B5984272D3C660187761308B6393700000000000000000000000000000000000000002F0440C4" />
    </face>
    <skills></skills>
    <Traits>
      <Trait id="Politician"
             value="2" />
      <Trait id="Manager"
             value="5" />
      <Trait id="Valor"
             value="-1" />
      <Trait id="Honor"
             value="1" />
    </Traits>
    <Equipments>
      <EquipmentRoster />
      <EquipmentSet id="ase_bat_template_lady" />
      <EquipmentSet id="ase_noncom_template_default"
                    civilian="true" />
    </Equipments>
  </NPCCharacter>
  <NPCCharacter id="lord_ayyubid_3_23"
                name="{=Ayyubid_yWPpaXij}Qahin"
                age="24"
                voice="earnest"
                default_group="Cavalry"
                is_hero="true"
                culture="Culture.ayyubid"
                occupation="Lord"
                face_mesh_cache="true">
    <face>
      <BodyProperties version="4"
                      weight="0.7114"
                      build="0.7083"
                      key="001670045300340A9772C4C436AA7887A435497444328E72DB8C48519D57749A05BBB1570BBA29780000387A00000AEB00000033000000000000000001705000" />
    </face>
    <skills></skills>
    <Traits>
      <Trait id="BalancedFightingSkills"
             value="8" />
      <Trait id="Commander"
             value="6" />
      <Trait id="Politician"
             value="4" />
      <Trait id="Manager"
             value="5" />
      <Trait id="Valor"
             value="1" />
      <Trait id="Mercy"
             value="1" />
    </Traits>
    <Equipments>
      <EquipmentRoster />
      <EquipmentSet id="ase_bat_template_medium" />
      <EquipmentSet id="ase_civ_template_default"
                    civilian="true" />
    </Equipments>
  </NPCCharacter>
  <NPCCharacter id="lord_ayyubid_3_23_1"
                name="{=Ayyubid_q72YO5vb}Sukayna"
                age="22"
                voice="earnest"
                is_female="true"
                default_group="Cavalry"
                is_hero="true"
                culture="Culture.ayyubid"
                occupation="Lord"
                face_mesh_cache="true">
    <face>
      <BodyProperties version="4"
                      weight="0.5"
                      build="0.5"
                      key="0022700CD114300258D8AD87875435B9EA4385AA274487967CCCCB676A89755A0137761303B03A99000000000000000000000000000000000000000038643004" />
    </face>
    <skills></skills>
    <Traits>
      <Trait id="Commander"
             value="3" />
      <Trait id="Politician"
             value="4" />
      <Trait id="Manager"
             value="3" />
      <Trait id="Calculating"
             value="1" />
      <Trait id="Honor"
             value="1" />
      <Trait id="Generosity"
             value="-1" />
    </Traits>
    <Equipments>
      <EquipmentRoster />
      <EquipmentSet id="ase_bat_template_lady" />
      <EquipmentSet id="ase_noncom_template_default"
                    civilian="true" />
    </Equipments>
  </NPCCharacter>

	<!-- Clan 8 -->
  <NPCCharacter id="lord_ayyubid_3_22"
                name="{=Ayyubid_Xs2Ffm4I}Hashan"
                age="39"
                voice="earnest"
                default_group="Cavalry"
                is_hero="true"
                culture="Culture.ayyubid"
                occupation="Lord"
                face_mesh_cache="true">
    <face>
      <BodyProperties version="4"
                      weight="0.7701"
                      build="0.7299"
                      key="001670044F00000A9772C4C436A37887A435497444328E72DB8C48519D57749A05ABC1570ABA29780000387A00000AEB00000033000000000000000001500000" />
    </face>
    <skills></skills>
    <Traits>
      <Trait id="BalancedFightingSkills"
             value="8" />
      <Trait id="Commander"
             value="6" />
      <Trait id="Politician"
             value="4" />
      <Trait id="Manager"
             value="5" />
      <Trait id="Valor"
             value="1" />
      <Trait id="Mercy"
             value="1" />
    </Traits>
    <Equipments>
      <EquipmentRoster />
      <EquipmentSet id="ase_bat_template_medium" />
      <EquipmentSet id="ase_civ_template_default"
                    civilian="true" />
    </Equipments>
  </NPCCharacter>
  <NPCCharacter id="lord_ayyubid_3_22_1"
                name="{=Ayyubid_Zq11L8aO}Yamina"
                age="38"
                voice="earnest"
                is_female="true"
                default_group="Cavalry"
                is_hero="true"
                culture="Culture.ayyubid"
                occupation="Lord"
                face_mesh_cache="true">
    <face>
      <BodyProperties version="4"
                      weight="0.5"
                      build="0.5"
                      key="0022640A215820064A37ACFE612B9A4AACB69A98683BB57DB7965D8AC65346250187761308627CDB0000000000000000000000000000000000000000270C3043" />
    </face>
    <skills></skills>
    <Traits>
      <Trait id="Commander"
             value="4" />
      <Trait id="Politician"
             value="3" />
      <Trait id="Manager"
             value="3" />
      <Trait id="Honor"
             value="-1" />
      <Trait id="Mercy"
             value="1" />
    </Traits>
    <Equipments>
      <EquipmentRoster />
      <EquipmentSet id="ase_bat_template_lady" />
      <EquipmentSet id="ase_noncom_template_default"
                    civilian="true" />
    </Equipments>
  </NPCCharacter>
  <NPCCharacter id="lord_ayyubid_3_22_2"
                name="{=Ayyubid_KFYNhxLC}Suna"
                age="19"
                voice="ironic"
                is_female="true"
                default_group="Cavalry"
                is_hero="true"
                culture="Culture.ayyubid"
                occupation="Lord"
                face_mesh_cache="true">
    <face>
      <BodyProperties version="4"
                      weight="0.5"
                      build="0.5"
                      key="0028540E52143001722BD61A88448B8B8985B5B635BF97A4BABEA16D8882527C0167761306957C88000000000000000000000000000000000000000048D400C3" />
    </face>
    <skills></skills>
    <Traits>
      <Trait id="Politician"
             value="4" />
      <Trait id="Manager"
             value="3" />
      <Trait id="Mercy"
             value="-1" />
      <Trait id="Generosity"
             value="1" />
    </Traits>
    <Equipments>
      <EquipmentRoster />
      <EquipmentSet id="ase_bat_template_lady" />
      <EquipmentSet id="ase_noncom_template_flamboyant"
                    civilian="true" />
    </Equipments>
  </NPCCharacter>
  <NPCCharacter id="lord_ayyubid_3_22_3"
                name="{=Ayyubid_buvim3t7}Zanuwa"
                age="17"
                voice="softspoken"
                is_female="true"
                default_group="Cavalry"
                is_hero="true"
                culture="Culture.ayyubid"
                occupation="Lord"
                face_mesh_cache="true">
    <face>
      <BodyProperties version="4"
                      weight="0.5"
                      build="0.5"
                      key="0022700CC014101263B8C87941868498779B3D75E97B5678C27788B8C8AE759501B776130B95A6650000000000000000000000000000000000000000396C00C3" />
    </face>
    <skills></skills>
    <Traits>
      <Trait id="Manager"
             value="1" />
    </Traits>
    <Equipments>
      <EquipmentRoster />
      <EquipmentSet id="ase_bat_template_lady" />
      <EquipmentSet id="ase_noncom_template_default"
                    civilian="true" />
    </Equipments>
  </NPCCharacter>
  <NPCCharacter id="lord_ayyubid_3_22_4"
                name="{=Ayyubid_MOH80RNb}Hajara"
                age="13"
                voice="softspoken"
                is_female="true"
                default_group="Cavalry"
                is_hero="true"
                culture="Culture.ayyubid"
                occupation="Lord"
                face_mesh_cache="true">
    <face>
      <BodyProperties version="4"
                      weight="0.5"
                      build="0.5"
                      key="0028240E5088200E38B5E59AB258BA6668952E7A5AD5B8797BC7A8E8796233690177761307C6896400000000000000000000000000000000000000003EEC10C3" />
    </face>
    <skills></skills>
    <Traits></Traits>
    <Equipments>
      <EquipmentRoster />
      <EquipmentSet id="ase_bat_template_lady" />
      <EquipmentSet id="ase_noncom_template_default"
                    civilian="true" />
    </Equipments>
  </NPCCharacter>

	<!-- Clan 9 -->
  <NPCCharacter id="lord_ayyubid_A9_l"
                name="{=Ayyubid_ndSKTPib}Aqar"
                age="43"
                voice="earnest"
                is_female="false"
                default_group="Cavalry"
                is_hero="true"
                culture="Culture.ayyubid"
                occupation="Lord"
                face_mesh_cache="true">
    <face>
      <BodyProperties version="4"
                      weight="0.5"
                      build="0.5"
                      key="0022700CD114300258D8AD87875435B9EA4385AA274487967CCCCB676A89755A0137761303B03A99000000000000000000000000000000000000000038643004" />
    </face>
    <Traits>
      <Trait id="BalancedFightingSkills"
             value="8" />
      <Trait id="Commander"
             value="6" />
      <Trait id="Politician"
             value="4" />
      <Trait id="Manager"
             value="3" />
      <Trait id="Valor"
             value="1" />
      <Trait id="Generosity"
             value="1" />
      <Trait id="Mercy"
             value="-1" />
      <Trait id="Calculating"
             value="-1" />
    </Traits>
    <Equipments>
      <EquipmentRoster />
      <EquipmentSet id="ase_bat_template_bedouin" />
      <EquipmentSet id="ase_civ_template_bedouin"
                    civilian="true" />
    </Equipments>
  </NPCCharacter>
  <NPCCharacter id="lord_ayyubid_A9_s"
                name="{=Ayyubid_j3iaqr6v}Thiqa"
                age="42"
                voice="earnest"
                is_female="true"
                default_group="Cavalry"
                is_hero="true"
                culture="Culture.ayyubid"
                occupation="Lord"
                face_mesh_cache="true">
    <face>
      <BodyProperties version="4"
                      weight="0.5"
                      build="0.5"
                      key="0028240E5088200E38B5E59AB258BA6668952E7A5AD5B8797BC7A8E8796233690177761307C6896400000000000000000000000000000000000000003EEC10C3" />
    </face>
    <Traits>
      <Trait id="Politician"
             value="4" />
      <Trait id="Manager"
             value="3" />
      <Trait id="Honor"
             value="1" />
    </Traits>
    <Equipments>
      <EquipmentRoster />
      <EquipmentSet id="ase_bat_template_lady" />
      <EquipmentSet id="ase_noncom_template_bedouin"
                    civilian="true" />
    </Equipments>
  </NPCCharacter>
  <NPCCharacter id="lord_ayyubid_A9_c"
                name="{=Ayyubid_03vNcoOt}Dhila"
                age="19"
                voice="curt"
                is_female="true"
                default_group="Cavalry"
                is_hero="true"
                culture="Culture.ayyubid"
                occupation="Lord"
                face_mesh_cache="true">
    <face>
      <BodyProperties version="4"
                      weight="0.6389"
                      build="0.5926"
                      key="0023840E401410059AB8C8794186849896635A43A91AA68AC27788B88A37A6B600C9A6030C95A6650000000000000000000000000000000000000000478C00C3" />
    </face>
    <skills></skills>
    <Traits>
      <Trait id="Politician"
             value="4" />
      <Trait id="Manager"
             value="3" />
      <Trait id="Generosity"
             value="-1" />
    </Traits>
    <Equipments>
      <EquipmentRoster />
      <EquipmentSet id="ase_bat_template_lady" />
      <EquipmentSet id="ase_noncom_template_bedouin"
                    civilian="true" />
    </Equipments>
  </NPCCharacter>
  <NPCCharacter id="lord_ayyubid_A9_u"
                name="{=Ayyubid_lRjHdd5l}Qaban"
                age="29"
                voice="earnest"
                is_female="false"
                default_group="Cavalry"
                is_hero="true"
                culture="Culture.ayyubid"
                occupation="Lord"
                face_mesh_cache="true">
    <face>
      <BodyProperties version="4"
                      weight="0.5"
                      build="0.5"
                      key="0022700CC014101263B8C87941868498779B3D75E97B5678C27788B8C8AE759501B776130B95A6650000000000000000000000000000000000000000396C00C3" />
    </face>
    <Traits>
      <Trait id="BalancedFightingSkills"
             value="6" />
      <Trait id="Commander"
             value="6" />
      <Trait id="Politician"
             value="4" />
      <Trait id="Manager"
             value="3" />
      <Trait id="Valor"
             value="1" />
      <Trait id="Calculating"
             value="-1" />
      <Trait id="Egalitarian"
             value="1" />
    </Traits>
    <Equipments>
      <EquipmentRoster />
      <EquipmentSet id="ase_bat_template_medium" />
      <EquipmentSet id="ase_civ_template_default"
                    civilian="true" />
    </Equipments>
  </NPCCharacter>
</NPCCharacters>