<?xml version="1.0" encoding="utf-8"?>

<NPCCharacters> 
  
<!--Rus-->

  <NPCCharacter id="lord_rus_1a"
                name="{=Sviatopolk II}Sviatopolk II"
                voice="softspoken"
                age="50"
                is_female="false"
                is_hero="true"
                culture="Culture.rus"
                occupation="Lord"
                default_group="Cavalry">
    <face>
<BodyProperties version="4" age="22.18" weight="0.5" build="0.5"  key="000500000000100D797A4B84B33EB6BAA35E866295A0967774414A498C8336860077760307A7B7A500000000000000000000000000000000000000003CFC2002"  />
    </face>
	<skills>
<skill id="Engineering" value="170" />
<skill id="Medicine" value="71" />
<skill id="Leadership" value="111" />
<skill id="Steward" value="53" />
<skill id="Trade" value="199" />
<skill id="Charm" value="79" />
<skill id="Roguery" value="66" />
<skill id="Scouting" value="121" />
<skill id="Tactics" value="122" />
<skill id="Crafting" value="131" />
<skill id="Athletics" value="118" />
<skill id="Riding" value="153" />
<skill id="Throwing" value="4" />
<skill id="Crossbow" value="81" />
<skill id="Bow" value="169" />
<skill id="Polearm" value="146" />
<skill id="TwoHanded" value="69" />
<skill id="OneHanded" value="19" />
</skills>
    <Traits>
<Trait id="Mercy" value="-1" />
<Trait id="Valor" value="0" />
<Trait id="Honor" value="1" />
<Trait id="Generosity" value="2" />
<Trait id="Calculating" value="2" />
<Trait id="Egalitarian" value="-1" />
<Trait id="Oligarchic" value="0" />
<Trait id="Authoritarian" value="0" />
</Traits>
    <Equipments>
      <EquipmentSet id="stu_bat_template_medium" />
      <EquipmentSet id="stu_civ_template_default"
                    civilian="true" />
    </Equipments>
  </NPCCharacter>  
  
 <NPCCharacter id="lord_rus_1b"
                name="{=Olena}Olena"
                voice="softspoken"
                age="25"
                is_female="true"
                is_hero="true"
                culture="Culture.rus"
                occupation="Lord"
                default_group="Cavalry">
    <face>
<BodyProperties version="4" age="22.18" weight="0.5" build="0.5"  key="0000000000001001797A4B84B33EB6BAA35E866295A0967774414A498C8336860077760307A7B7A500000000000000000000000000000000000000003CFC2003"  />
    </face>
	<skills>
<skill id="Engineering" value="89" />
<skill id="Medicine" value="33" />
<skill id="Leadership" value="71" />
<skill id="Steward" value="42" />
<skill id="Trade" value="34" />
<skill id="Charm" value="166" />
<skill id="Roguery" value="137" />
<skill id="Scouting" value="196" />
<skill id="Crafting" value="148" />
</skills>
    <Traits>
<Trait id="Mercy" value="2" />
<Trait id="Valor" value="0" />
<Trait id="Honor" value="-2" />
<Trait id="Generosity" value="1" />
<Trait id="Calculating" value="-2" />
<Trait id="Egalitarian" value="-2" />
<Trait id="Oligarchic" value="-1" />
<Trait id="Authoritarian" value="-1" />
</Traits>
    <Equipments>
      <EquipmentSet id="stu_bat_template_medium" />
      <EquipmentSet id="stu_civ_template_woodsman"
                    civilian="true" />
    </Equipments>
  </NPCCharacter>  
  
  <NPCCharacter id="lord_rus_1c"
                name="{=Iaroslav}Iaroslav"
                voice="softspoken"
                age="30"
                is_female="false"
                is_hero="true"
                culture="Culture.rus"
                occupation="Lord"
                default_group="Cavalry">
    <face>
<BodyProperties version="4" age="22.18" weight="0.4375" build="0.5"  key="0000000000000002797A2785686678B9A35E866295A0967774414A498C8336860097760309A7B7A500000000000000000000000000000000000000003D3C2002"  />
    </face>
	<skills>
<skill id="Leadership" value="53" />
<skill id="Scouting" value="60" />
<skill id="Tactics" value="115" />
<skill id="Athletics" value="78" />
<skill id="Riding" value="30" />
<skill id="Throwing" value="177" />
<skill id="Crossbow" value="41" />
<skill id="Bow" value="47" />
<skill id="Polearm" value="17" />
<skill id="TwoHanded" value="82" />
<skill id="OneHanded" value="150" />
</skills>
    <Traits>
<Trait id="Mercy" value="-2" />
<Trait id="Valor" value="-1" />
<Trait id="Honor" value="0" />
<Trait id="Generosity" value="-1" />
<Trait id="Calculating" value="-1" />
<Trait id="Egalitarian" value="-1" />
<Trait id="Oligarchic" value="-1" />
<Trait id="Authoritarian" value="-2" />
</Traits>
    <Equipments>
      <EquipmentSet id="stu_bat_template_medium" />
      <EquipmentSet id="stu_civ_template_default"
                    civilian="true" />
    </Equipments>
  </NPCCharacter>  
  
 <NPCCharacter id="lord_rus_1d"
                name="{=Zbyslava}Zbyslava"
                voice="softspoken"
                age="15"
                is_female="true"
                is_hero="true"
                culture="Culture.rus"
                occupation="Lord"
                default_group="Cavalry">
    <face>
<BodyProperties version="4" age="22.18" weight="0.4375" build="0.5"  key="0000000000001005797A2785686678B9A35E866295A0967774414A498C8336860047760304A7B7A500000000000000000000000000000000000000003C942003"  />
    </face>
	<skills>
<skill id="Engineering" value="0" />
<skill id="Medicine" value="70" />
<skill id="Leadership" value="48" />
<skill id="Steward" value="98" />
<skill id="Trade" value="176" />
<skill id="Charm" value="35" />
<skill id="Roguery" value="117" />
<skill id="Scouting" value="151" />
<skill id="Crafting" value="173" />
</skills>
    <Traits>
<Trait id="Mercy" value="2" />
<Trait id="Valor" value="1" />
<Trait id="Honor" value="2" />
<Trait id="Generosity" value="2" />
<Trait id="Calculating" value="0" />
<Trait id="Egalitarian" value="-2" />
<Trait id="Oligarchic" value="0" />
<Trait id="Authoritarian" value="1" />
</Traits>
    <Equipments>
      <EquipmentSet id="stu_bat_template_medium" />
      <EquipmentSet id="stu_civ_template_woodsman"
                    civilian="true" />
    </Equipments>
  </NPCCharacter> 
  
  <NPCCharacter id="lord_rus_1e"
                name="{=Volodar}Volodar"
                voice="softspoken"
                age="35"
                is_female="false"
                is_hero="true"
                culture="Culture.rus"
                occupation="Lord"
                default_group="Cavalry">
    <face>
<BodyProperties version="4" age="22.18" weight="0.655" build="0.2938"  key="000200000000000879B3595A684A88BBA35E866295A0967774414A498C8336860044A60304A7B7A500000000000000000000000000000000000000003C842002"  />
    </face>
	<skills>
<skill id="Leadership" value="94" />
<skill id="Scouting" value="103" />
<skill id="Tactics" value="32" />
<skill id="Athletics" value="18" />
<skill id="Riding" value="10" />
<skill id="Throwing" value="42" />
<skill id="Crossbow" value="46" />
<skill id="Bow" value="133" />
<skill id="Polearm" value="198" />
<skill id="TwoHanded" value="141" />
<skill id="OneHanded" value="126" />
</skills>
    <Traits>
<Trait id="Mercy" value="1" />
<Trait id="Valor" value="-1" />
<Trait id="Honor" value="1" />
<Trait id="Generosity" value="0" />
<Trait id="Calculating" value="-2" />
<Trait id="Egalitarian" value="0" />
<Trait id="Oligarchic" value="-2" />
<Trait id="Authoritarian" value="2" />
</Traits>
    <Equipments>
      <EquipmentSet id="stu_bat_template_medium" />
      <EquipmentSet id="stu_civ_template_default"
                    civilian="true" />
    </Equipments>
  </NPCCharacter>  
  
 <NPCCharacter id="lord_rus_1f"
                name="{=Daryna}Daryna"
                voice="softspoken"
                age="30"
                is_female="true"
                is_hero="true"
                culture="Culture.rus"
                occupation="Lord"
                default_group="Cavalry">
    <face>
<BodyProperties version="4" age="22.18" weight="0.4926" build="0.5826"  key="000500000000100F79B3595A684A88BBA35E866295A0967774414A498C8336860089760308A7B7A500000000000000000000000000000000000000004B0C2003"  />
    </face>
	<skills>
<skill id="Engineering" value="59" />
<skill id="Medicine" value="10" />
<skill id="Leadership" value="90" />
<skill id="Steward" value="185" />
<skill id="Trade" value="104" />
<skill id="Charm" value="144" />
<skill id="Roguery" value="61" />
<skill id="Scouting" value="36" />
<skill id="Crafting" value="147" />
</skills>
    <Traits>
<Trait id="Mercy" value="-2" />
<Trait id="Valor" value="2" />
<Trait id="Honor" value="1" />
<Trait id="Generosity" value="0" />
<Trait id="Calculating" value="2" />
<Trait id="Egalitarian" value="2" />
<Trait id="Oligarchic" value="1" />
<Trait id="Authoritarian" value="-2" />
</Traits>
    <Equipments>
      <EquipmentSet id="stu_bat_template_medium" />
      <EquipmentSet id="stu_civ_template_woodsman"
                    civilian="true" />
    </Equipments>
  </NPCCharacter> 
  
  <NPCCharacter id="lord_rus_2a"
                name="{=Vladimir II}Vladimir II"
                voice="softspoken"
                age="47"
                is_female="false"
                is_hero="true"
                culture="Culture.rus"
                occupation="Lord"
                default_group="Cavalry">
    <face>
<BodyProperties version="4" age="22.18" weight="0.4926" build="0.5826"  key="0000000000002009795B596379B69167A35E866295A0967774414A498C83368600C976030CA7B7A500000000000000000000000000000000000000004B842002"  />
    </face>
	<skills>
<skill id="Leadership" value="181" />
<skill id="Scouting" value="158" />
<skill id="Tactics" value="134" />
<skill id="Athletics" value="28" />
<skill id="Riding" value="153" />
<skill id="Throwing" value="30" />
<skill id="Crossbow" value="41" />
<skill id="Bow" value="84" />
<skill id="Polearm" value="84" />
<skill id="TwoHanded" value="175" />
<skill id="OneHanded" value="78" />
</skills>
    <Traits>
<Trait id="Mercy" value="2" />
<Trait id="Valor" value="1" />
<Trait id="Honor" value="0" />
<Trait id="Generosity" value="2" />
<Trait id="Calculating" value="1" />
<Trait id="Egalitarian" value="-2" />
<Trait id="Oligarchic" value="0" />
<Trait id="Authoritarian" value="-2" />
</Traits>
    <Equipments>
      <EquipmentSet id="stu_bat_template_medium" />
      <EquipmentSet id="stu_civ_template_default"
                    civilian="true" />
    </Equipments>
  </NPCCharacter>  
  
 <NPCCharacter id="lord_rus_2b"
                name="{=Gytha of Wessex}Gytha of Wessex"
                voice="softspoken"
                age="39"
                is_female="true"
                is_hero="true"
                culture="Culture.rus"
                occupation="Lord"
                default_group="Cavalry">
    <face>
<BodyProperties version="4" age="22.18" weight="0.4926" build="0.5826"  key="000000000000100F795B596379B69167A35E866295A0967774414A498C8336860079760307A7B7A500000000000000000000000000000000000000004AE42003"  />
    </face>
	<skills>
<skill id="Engineering" value="7" />
<skill id="Medicine" value="153" />
<skill id="Leadership" value="135" />
<skill id="Steward" value="158" />
<skill id="Trade" value="62" />
<skill id="Charm" value="46" />
<skill id="Roguery" value="198" />
<skill id="Scouting" value="156" />
<skill id="Crafting" value="92" />
</skills>
    <Traits>
<Trait id="Mercy" value="0" />
<Trait id="Valor" value="1" />
<Trait id="Honor" value="-2" />
<Trait id="Generosity" value="1" />
<Trait id="Calculating" value="-2" />
<Trait id="Egalitarian" value="1" />
<Trait id="Oligarchic" value="-2" />
<Trait id="Authoritarian" value="-2" />
</Traits>
    <Equipments>
      <EquipmentSet id="stu_bat_template_medium" />
      <EquipmentSet id="stu_civ_template_woodsman"
                    civilian="true" />
    </Equipments>
  </NPCCharacter>
  
  <NPCCharacter id="lord_rus_2c"
                name="{=Mstislav I}Mstislav I"
                voice="softspoken"
                age="24"
                is_female="false"
                is_hero="true"
                culture="Culture.rus"
                occupation="Lord"
                default_group="Cavalry">
    <face>
<BodyProperties version="4" age="22.18" weight="0.4926" build="0.5826"  key="000000000000314B79554C96489B6E95A35E866295A0967774414A498C8336860079760307A7B7A500000000000000000000000000000000000000004AFC2002"  />
    </face>
	<skills>
<skill id="Leadership" value="32" />
<skill id="Scouting" value="102" />
<skill id="Tactics" value="50" />
<skill id="Athletics" value="199" />
<skill id="Riding" value="146" />
<skill id="Throwing" value="173" />
<skill id="Crossbow" value="119" />
<skill id="Bow" value="165" />
<skill id="Polearm" value="56" />
<skill id="TwoHanded" value="103" />
<skill id="OneHanded" value="71" />
</skills>
    <Traits>
<Trait id="Mercy" value="2" />
<Trait id="Valor" value="-2" />
<Trait id="Honor" value="2" />
<Trait id="Generosity" value="2" />
<Trait id="Calculating" value="-2" />
<Trait id="Egalitarian" value="2" />
<Trait id="Oligarchic" value="0" />
<Trait id="Authoritarian" value="0" />
</Traits>
    <Equipments>
      <EquipmentSet id="stu_bat_template_medium" />
      <EquipmentSet id="stu_civ_template_default"
                    civilian="true" />
    </Equipments>
  </NPCCharacter>  
  
  <NPCCharacter id="lord_rus_2d"
                name="{=Izyaslav}Izyaslav"
                voice="softspoken"
                age="23"
                is_female="false"
                is_hero="true"
                culture="Culture.rus"
                occupation="Lord"
                default_group="Cavalry">
    <face>
<BodyProperties version="4" age="22.18" weight="0.4926" build="0.5826"  key="000000000000330879554C96489B6E95A35E866295A0967774414A498C8336860079760307A7B7A500000000000000000000000000000000000000004AFC2002"  />
    </face>
	<skills>
<skill id="Leadership" value="92" />
<skill id="Scouting" value="122" />
<skill id="Tactics" value="14" />
<skill id="Athletics" value="79" />
<skill id="Riding" value="17" />
<skill id="Throwing" value="34" />
<skill id="Crossbow" value="154" />
<skill id="Bow" value="172" />
<skill id="Polearm" value="1" />
<skill id="TwoHanded" value="138" />
<skill id="OneHanded" value="141" />
</skills>
    <Traits>
<Trait id="Mercy" value="-1" />
<Trait id="Valor" value="0" />
<Trait id="Honor" value="0" />
<Trait id="Generosity" value="0" />
<Trait id="Calculating" value="-2" />
<Trait id="Egalitarian" value="1" />
<Trait id="Oligarchic" value="2" />
<Trait id="Authoritarian" value="1" />
</Traits>
    <Equipments>
      <EquipmentSet id="stu_bat_template_medium" />
      <EquipmentSet id="stu_civ_template_default"
                    civilian="true" />
    </Equipments>
  </NPCCharacter>  
  
  <NPCCharacter id="lord_rus_2e"
                name="{=Svyatoslav}Svyatoslav"
                voice="softspoken"
                age="20"
                is_female="false"
                is_hero="true"
                culture="Culture.rus"
                occupation="Lord"
                default_group="Cavalry">
    <face>
<BodyProperties version="4" age="22.18" weight="0.4926" build="0.5826"  key="000000000000244D79AD99995768656CA35E866295A0967774414A498C83368600A976030AA7B7A500000000000000000000000000000000000000004B442002"  />
    </face>
	<skills>
<skill id="Leadership" value="52" />
<skill id="Scouting" value="158" />
<skill id="Tactics" value="92" />
<skill id="Athletics" value="44" />
<skill id="Riding" value="116" />
<skill id="Throwing" value="13" />
<skill id="Crossbow" value="90" />
<skill id="Bow" value="11" />
<skill id="Polearm" value="31" />
<skill id="TwoHanded" value="65" />
<skill id="OneHanded" value="21" />
</skills>
    <Traits>
<Trait id="Mercy" value="1" />
<Trait id="Valor" value="-1" />
<Trait id="Honor" value="-2" />
<Trait id="Generosity" value="-2" />
<Trait id="Calculating" value="2" />
<Trait id="Egalitarian" value="-2" />
<Trait id="Oligarchic" value="2" />
<Trait id="Authoritarian" value="1" />
</Traits>
    <Equipments>
      <EquipmentSet id="stu_bat_template_medium" />
      <EquipmentSet id="stu_civ_template_default"
                    civilian="true" />
    </Equipments>
  </NPCCharacter>  
  
  <NPCCharacter id="lord_rus_2f"
                name="{=Marina}Marina"
                voice="softspoken"
                age="5"
                is_female="true"
                is_hero="true"
                culture="Culture.rus"
                occupation="Lord"
                default_group="Cavalry">
    <face>
<BodyProperties version="4" age="22.18" weight="0.6176" build="0.5826"  key="000000000000101079ADD3B877596D69A35E866295A0967774414A498C8336860059960305A7B7A500000000000000000000000000000000000000004AB42003"  />
    </face>
	<skills>
<skill id="Engineering" value="26" />
<skill id="Medicine" value="21" />
<skill id="Leadership" value="24" />
<skill id="Steward" value="17" />
<skill id="Trade" value="71" />
<skill id="Charm" value="31" />
<skill id="Roguery" value="31" />
<skill id="Scouting" value="21" />
<skill id="Crafting" value="25" />
</skills>
    <Traits>
<Trait id="Mercy" value="0" />
<Trait id="Valor" value="2" />
<Trait id="Honor" value="-1" />
<Trait id="Generosity" value="2" />
<Trait id="Calculating" value="1" />
<Trait id="Egalitarian" value="-1" />
<Trait id="Oligarchic" value="1" />
<Trait id="Authoritarian" value="2" />
</Traits>
    <Equipments>
      <EquipmentSet id="stu_bat_template_medium" />
      <EquipmentSet id="stu_civ_template_woodsman"
                    civilian="true" />
    </Equipments>
  </NPCCharacter>
  
  <NPCCharacter id="lord_rus_2g"
                name="{=Yaropolk II}Yaropolk II"
                voice="softspoken"
                age="18"
                is_female="false"
                is_hero="true"
                culture="Culture.rus"
                occupation="Lord"
                default_group="Cavalry">
    <face>
<BodyProperties version="4" age="22.18" weight="0.6176" build="0.5826"  key="000000000000141B7917B67C7449BB27A35E866295A0967774414A498C83368600A996030AA7B7A500000000000000000000000000000000000000004B5C2002"  />
    </face>
	<skills>
<skill id="Leadership" value="184" />
<skill id="Scouting" value="142" />
<skill id="Tactics" value="99" />
<skill id="Athletics" value="63" />
<skill id="Riding" value="140" />
<skill id="Throwing" value="55" />
<skill id="Crossbow" value="138" />
<skill id="Bow" value="64" />
<skill id="Polearm" value="22" />
<skill id="TwoHanded" value="146" />
<skill id="OneHanded" value="63" />
</skills>
    <Traits>
<Trait id="Mercy" value="-1" />
<Trait id="Valor" value="0" />
<Trait id="Honor" value="1" />
<Trait id="Generosity" value="-2" />
<Trait id="Calculating" value="2" />
<Trait id="Egalitarian" value="-1" />
<Trait id="Oligarchic" value="-1" />
<Trait id="Authoritarian" value="2" />
</Traits>
    <Equipments>
      <EquipmentSet id="stu_bat_template_medium" />
      <EquipmentSet id="stu_civ_template_default"
                    civilian="true" />
    </Equipments>
  </NPCCharacter>  
  
  <NPCCharacter id="lord_rus_2h"
                name="{=Helena}Helena"
                voice="softspoken"
                age="18"
                is_female="true"
                is_hero="true"
                culture="Culture.rus"
                occupation="Lord"
                default_group="Cavalry">
    <face>
<BodyProperties version="4" age="22.18" weight="0.2612" build="0.5826"  key="000000000000200779775A45A5C64489A35E866295A0967774414A498C8336860049460304A7B7A500000000000000000000000000000000000000004A7C2003"  />
    </face>
	<skills>
<skill id="Engineering" value="82" />
<skill id="Medicine" value="7" />
<skill id="Leadership" value="66" />
<skill id="Steward" value="16" />
<skill id="Trade" value="118" />
<skill id="Charm" value="193" />
<skill id="Roguery" value="37" />
<skill id="Scouting" value="196" />
<skill id="Crafting" value="130" />
</skills>
    <Traits>
<Trait id="Mercy" value="-2" />
<Trait id="Valor" value="-1" />
<Trait id="Honor" value="2" />
<Trait id="Generosity" value="1" />
<Trait id="Calculating" value="-2" />
<Trait id="Egalitarian" value="0" />
<Trait id="Oligarchic" value="1" />
<Trait id="Authoritarian" value="1" />
</Traits>
    <Equipments>
      <EquipmentSet id="stu_bat_template_medium" />
      <EquipmentSet id="stu_civ_template_woodsman"
                    civilian="true" />
    </Equipments>
  </NPCCharacter>
  
  <NPCCharacter id="lord_rus_2i"
                name="{=Viacheslav}Viacheslav"
                voice="softspoken"
                age="17"
                is_female="false"
                is_hero="true"
                culture="Culture.rus"
                occupation="Lord"
                default_group="Cavalry">
    <face>
<BodyProperties version="4" age="22.18" weight="0.7986" build="0.5826"  key="000000000000055B7987BCC5B9597664A35E866295A0967774414A498C8336860089C60308A7B7A500000000000000000000000000000000000000004B142002"  />
    </face>
	<skills>
<skill id="Leadership" value="121" />
<skill id="Scouting" value="25" />
<skill id="Tactics" value="71" />
<skill id="Athletics" value="45" />
<skill id="Riding" value="63" />
<skill id="Throwing" value="70" />
<skill id="Crossbow" value="12" />
<skill id="Bow" value="95" />
<skill id="Polearm" value="114" />
<skill id="TwoHanded" value="162" />
<skill id="OneHanded" value="77" />
</skills>
    <Traits>
<Trait id="Mercy" value="-1" />
<Trait id="Valor" value="-2" />
<Trait id="Honor" value="0" />
<Trait id="Generosity" value="-2" />
<Trait id="Calculating" value="0" />
<Trait id="Egalitarian" value="1" />
<Trait id="Oligarchic" value="-1" />
<Trait id="Authoritarian" value="2" />
</Traits>
    <Equipments>
      <EquipmentSet id="stu_bat_template_medium" />
      <EquipmentSet id="stu_civ_template_default"
                    civilian="true" />
    </Equipments>
  </NPCCharacter>
  
  <NPCCharacter id="lord_rus_3a"
                name="{=Davyd Sviatoslavich}Davyd Sviatoslavich"
                voice="softspoken"
                age="49"
                is_female="false"
                is_hero="true"
                culture="Culture.rus"
                occupation="Lord"
                default_group="Cavalry">
    <face>
<BodyProperties version="4" age="22.03" weight="0.5" build="0.5"  key="00020C08C00030427C7664876753888A7577866254C69643C4B647398C95A0370077760307A7497300000000000000000000000000000000000000003AF47002"  />
    </face>
	<skills>
<skill id="Leadership" value="82" />
<skill id="Scouting" value="153" />
<skill id="Tactics" value="168" />
<skill id="Athletics" value="49" />
<skill id="Riding" value="118" />
<skill id="Throwing" value="107" />
<skill id="Crossbow" value="157" />
<skill id="Bow" value="84" />
<skill id="Polearm" value="111" />
<skill id="TwoHanded" value="54" />
<skill id="OneHanded" value="3" />
</skills>
    <Traits>
<Trait id="Mercy" value="-1" />
<Trait id="Valor" value="0" />
<Trait id="Honor" value="2" />
<Trait id="Generosity" value="0" />
<Trait id="Calculating" value="-1" />
<Trait id="Egalitarian" value="-1" />
<Trait id="Oligarchic" value="-2" />
<Trait id="Authoritarian" value="0" />
</Traits>
    <Equipments>
      <EquipmentSet id="stu_bat_template_medium" />
      <EquipmentSet id="stu_civ_template_default"
                    civilian="true" />
    </Equipments>
  </NPCCharacter>
  
  <NPCCharacter id="lord_rus_3b"
                name="{=Helena}Helena"
                voice="softspoken"
                age="45"
                is_female="true"
                is_hero="true"
                culture="Culture.rus"
                occupation="Lord"
                default_group="Cavalry">
    <face>
<BodyProperties version="4" age="22.03" weight="0.5" build="0.5"  key="00000C00000030027C7664876753888A7577866254C69643C4B647398C95A0370077760307A7497300000000000000000000000000000000000000003AF44003"  />
    </face>
	<skills>
<skill id="Engineering" value="99" />
<skill id="Medicine" value="47" />
<skill id="Leadership" value="49" />
<skill id="Steward" value="3" />
<skill id="Trade" value="16" />
<skill id="Charm" value="58" />
<skill id="Roguery" value="95" />
<skill id="Scouting" value="32" />
<skill id="Crafting" value="94" />
</skills>
    <Traits>
<Trait id="Mercy" value="1" />
<Trait id="Valor" value="0" />
<Trait id="Honor" value="2" />
<Trait id="Generosity" value="0" />
<Trait id="Calculating" value="-1" />
<Trait id="Egalitarian" value="2" />
<Trait id="Oligarchic" value="-2" />
<Trait id="Authoritarian" value="-1" />
</Traits>
    <Equipments>
      <EquipmentSet id="stu_bat_template_medium" />
      <EquipmentSet id="stu_civ_template_woodsman"
                    civilian="true" />
    </Equipments>
  </NPCCharacter>
  
  <NPCCharacter id="lord_rus_3c"
                name="{=Svetoslav}Svetoslav"
                voice="softspoken"
                age="20"
                is_female="false"
                is_hero="true"
                culture="Culture.rus"
                occupation="Lord"
                default_group="Cavalry">
    <face>
<BodyProperties version="4" age="22.03" weight="0.6273" build="0.5"  key="00000C04C00010437C926B628456A5677577866254C69643C4B647398C95A0370047960304A7497300000000000000000000000000000000000000003A847002"  />
    </face>
	<skills>
<skill id="Leadership" value="38" />
<skill id="Scouting" value="190" />
<skill id="Tactics" value="5" />
<skill id="Athletics" value="63" />
<skill id="Riding" value="9" />
<skill id="Throwing" value="157" />
<skill id="Crossbow" value="17" />
<skill id="Bow" value="186" />
<skill id="Polearm" value="47" />
<skill id="TwoHanded" value="188" />
<skill id="OneHanded" value="49" />
</skills>
    <Traits>
<Trait id="Mercy" value="2" />
<Trait id="Valor" value="-2" />
<Trait id="Honor" value="-1" />
<Trait id="Generosity" value="2" />
<Trait id="Calculating" value="-1" />
<Trait id="Egalitarian" value="1" />
<Trait id="Oligarchic" value="-1" />
<Trait id="Authoritarian" value="1" />
</Traits>
    <Equipments>
      <EquipmentSet id="stu_bat_template_medium" />
      <EquipmentSet id="stu_civ_template_default"
                    civilian="true" />
    </Equipments>
  </NPCCharacter>
  
  <NPCCharacter id="lord_rus_4a"
                name="{=Sviatopolkovich}Sviatopolkovich"
                voice="softspoken"
                age="30"
                is_female="false"
                is_hero="true"
                culture="Culture.rus"
                occupation="Lord"
                default_group="Cavalry">
    <face>
<BodyProperties version="4" age="22.03" weight="0.6273" build="0.5"  key="00000C0B800020467CA76B498AF7A5AC7577866254C69643C4B647398C95A03700A796030AA7497300000000000000000000000000000000000000003B647002"  />
    </face>
	<skills>
<skill id="Leadership" value="106" />
<skill id="Scouting" value="125" />
<skill id="Tactics" value="92" />
<skill id="Athletics" value="48" />
<skill id="Riding" value="184" />
<skill id="Throwing" value="80" />
<skill id="Crossbow" value="113" />
<skill id="Bow" value="101" />
<skill id="Polearm" value="75" />
<skill id="TwoHanded" value="81" />
<skill id="OneHanded" value="103" />
</skills>
    <Traits>
<Trait id="Mercy" value="2" />
<Trait id="Valor" value="0" />
<Trait id="Honor" value="-2" />
<Trait id="Generosity" value="0" />
<Trait id="Calculating" value="1" />
<Trait id="Egalitarian" value="0" />
<Trait id="Oligarchic" value="0" />
<Trait id="Authoritarian" value="1" />
</Traits>
    <Equipments>
      <EquipmentSet id="stu_bat_template_medium" />
      <EquipmentSet id="stu_civ_template_default"
                    civilian="true" />
    </Equipments>
  </NPCCharacter>
  
  <NPCCharacter id="lord_rus_4b"
                name="{=Arpada}Arpada"
                voice="softspoken"
                age="25"
                is_female="true"
                is_hero="true"
                culture="Culture.rus"
                occupation="Lord"
                default_group="Cavalry">
    <face>
<BodyProperties version="4" age="22.03" weight="0.6273" build="0.5"  key="00000C0D000030017CA76B498AF7A5AC7577866254C69643C4B647398C95A03700A796030AA7497300000000000000000000000000000000000000003B644003"  />
    </face>
	<skills>
<skill id="Engineering" value="82" />
<skill id="Medicine" value="4" />
<skill id="Leadership" value="30" />
<skill id="Steward" value="17" />
<skill id="Trade" value="43" />
<skill id="Charm" value="68" />
<skill id="Roguery" value="100" />
<skill id="Scouting" value="81" />
<skill id="Crafting" value="89" />
</skills>
    <Traits>
<Trait id="Mercy" value="-1" />
<Trait id="Valor" value="-1" />
<Trait id="Honor" value="0" />
<Trait id="Generosity" value="1" />
<Trait id="Calculating" value="2" />
<Trait id="Egalitarian" value="1" />
<Trait id="Oligarchic" value="-1" />
<Trait id="Authoritarian" value="1" />
</Traits>
    <Equipments>
      <EquipmentSet id="stu_bat_template_medium" />
      <EquipmentSet id="stu_civ_template_woodsman"
                    civilian="true" />
    </Equipments>
  </NPCCharacter>
  
  <NPCCharacter id="lord_rus_5a"
                name="{=Oleg Svyatoslavich}Oleg Svyatoslavich"
                voice="softspoken"
                age="48"
                is_female="false"
                is_hero="true"
                culture="Culture.rus"
                occupation="Lord"
                default_group="Cavalry">
    <face>
<BodyProperties version="4" age="22.03" weight="0.5671" build="0.5625"  key="00000C00000021C77CA76B498AF7A5AC7577866254C69643C4B647398C95A03700A896030AA7497300000000000000000000000000000000000000003B647002"  />
    </face>
	<skills>
<skill id="Leadership" value="12" />
<skill id="Scouting" value="87" />
<skill id="Tactics" value="129" />
<skill id="Athletics" value="189" />
<skill id="Riding" value="184" />
<skill id="Throwing" value="32" />
<skill id="Crossbow" value="45" />
<skill id="Bow" value="101" />
<skill id="Polearm" value="160" />
<skill id="TwoHanded" value="35" />
<skill id="OneHanded" value="5" />
</skills>
    <Traits>
<Trait id="Mercy" value="2" />
<Trait id="Valor" value="2" />
<Trait id="Honor" value="0" />
<Trait id="Generosity" value="-2" />
<Trait id="Calculating" value="2" />
<Trait id="Egalitarian" value="-1" />
<Trait id="Oligarchic" value="0" />
<Trait id="Authoritarian" value="-1" />
</Traits>
    <Equipments>
      <EquipmentSet id="stu_bat_template_medium" />
      <EquipmentSet id="stu_civ_template_default"
                    civilian="true" />
    </Equipments>
  </NPCCharacter>
  
  <NPCCharacter id="lord_rus_5b"
                name="{=Maria Yuryevna}Maria Yuryevna"
                voice="softspoken"
                age="30"
                is_female="true"
                is_hero="true"
                culture="Culture.rus"
                occupation="Lord"
                default_group="Cavalry">
    <face>
<BodyProperties version="4" age="22.03" weight="0.5671" build="0.5625"  key="00000C08C00030057CA76B498AF7A5AC7577866254C69643C4B647398C95A03700A896030AA7497300000000000000000000000000000000000000003B644003"  />
    </face>
	<skills>
<skill id="Engineering" value="88" />
<skill id="Medicine" value="6" />
<skill id="Leadership" value="90" />
<skill id="Steward" value="87" />
<skill id="Trade" value="27" />
<skill id="Charm" value="6" />
<skill id="Roguery" value="95" />
<skill id="Scouting" value="99" />
<skill id="Crafting" value="12" />
</skills>
    <Traits>
<Trait id="Mercy" value="2" />
<Trait id="Valor" value="-1" />
<Trait id="Honor" value="0" />
<Trait id="Generosity" value="0" />
<Trait id="Calculating" value="2" />
<Trait id="Egalitarian" value="2" />
<Trait id="Oligarchic" value="2" />
<Trait id="Authoritarian" value="1" />
</Traits>
    <Equipments>
      <EquipmentSet id="stu_bat_template_medium" />
      <EquipmentSet id="stu_civ_template_woodsman"
                    civilian="true" />
    </Equipments>
  </NPCCharacter>
  
   <NPCCharacter id="lord_rus_5c"
                name="{=Vsevolod II}Vsevolod II"
                voice="softspoken"
                age="6"
                is_female="false"
                is_hero="true"
                culture="Culture.rus"
                occupation="Lord"
                default_group="Cavalry">
    <face>
<BodyProperties version="4" age="22.03" weight="0.5671" build="0.5625"  key="00000C00000021C77CA76B498AF7A5AC7577866254C69643C4B647398C95A03700A896030AA7497300000000000000000000000000000000000000003B647002"  />
    </face>
	<skills>

</skills>
    <Traits>

</Traits>
    <Equipments>
      <EquipmentSet id="stu_bat_template_medium" />
      <EquipmentSet id="stu_civ_template_default"
                    civilian="true" />
    </Equipments>
  </NPCCharacter>
  
  <NPCCharacter id="lord_rus_5d"
                name="{=Maria}Maria"
                voice="softspoken"
                age="5"
                is_female="true"
                is_hero="true"
                culture="Culture.rus"
                occupation="Lord"
                default_group="Cavalry">
    <face>
<BodyProperties version="4" age="22.03" weight="0.5671" build="0.5625"  key="00000C00000030057CA76B498AF7A5AC7577866254C69643C4B647398C95A03700A896030AA7497300000000000000000000000000000000000000003B644003"  />
    </face>
	<skills>

</skills>
    <Traits>

</Traits>
    <Equipments>
      <EquipmentSet id="stu_bat_template_medium" />
      <EquipmentSet id="stu_civ_template_woodsman"
                    civilian="true" />
    </Equipments>
  </NPCCharacter>
  
   <NPCCharacter id="lord_rus_5e"
                name="{=Igor II}Igor II"
                voice="softspoken"
                age="4"
                is_female="false"
                is_hero="true"
                culture="Culture.rus"
                occupation="Lord"
                default_group="Cavalry">
    <face>
<BodyProperties version="4" age="22.03" weight="0.5671" build="0.5625"  key="00000C00000021C87CA76B498AF7A5AC7577866254C69643C4B647398C95A03700A896030AA7497300000000000000000000000000000000000000003B647002"  />
    </face>
	<skills>

</skills>
    <Traits>

</Traits>
    <Equipments>
      <EquipmentSet id="stu_bat_template_medium" />
      <EquipmentSet id="stu_civ_template_default"
                    civilian="true" />
    </Equipments>
  </NPCCharacter>
  
  <NPCCharacter id="lord_rus_6a"
                name="{=Sviatoslav II}Sviatoslav II"
                voice="softspoken"
                age="20"
                is_female="false"
                is_hero="true"
                culture="Culture.rus"
                occupation="Lord"
                default_group="Cavalry">
    <face>
<BodyProperties version="4" age="22.03" weight="0.5671" build="0.5625"  key="00000C04000033457CA164644577A4A77577866254C69643C4B647398C95A0370088960308A7497300000000000000000000000000000000000000003B047002"  />
    </face>
	<skills>
<skill id="Leadership" value="33" />
<skill id="Scouting" value="129" />
<skill id="Tactics" value="96" />
<skill id="Athletics" value="10" />
<skill id="Riding" value="112" />
<skill id="Throwing" value="27" />
<skill id="Crossbow" value="200" />
<skill id="Bow" value="10" />
<skill id="Polearm" value="125" />
<skill id="TwoHanded" value="130" />
<skill id="OneHanded" value="80" />
</skills>
    <Traits>
<Trait id="Mercy" value="-1" />
<Trait id="Valor" value="2" />
<Trait id="Honor" value="-1" />
<Trait id="Generosity" value="-1" />
<Trait id="Calculating" value="-2" />
<Trait id="Egalitarian" value="-1" />
<Trait id="Oligarchic" value="1" />
<Trait id="Authoritarian" value="0" />
</Traits>
    <Equipments>
      <EquipmentSet id="stu_bat_template_medium" />
      <EquipmentSet id="stu_civ_template_default"
                    civilian="true" />
    </Equipments>
  </NPCCharacter>
  
   <NPCCharacter id="lord_rus_7a"
                name="{=Mstislav I}Mstislav I"
                voice="softspoken"
                age="24"
                is_female="false"
                is_hero="true"
                culture="Culture.rus"
                occupation="Lord"
                default_group="Cavalry">
    <face>
<BodyProperties version="4" age="22.03" weight="0.5671" build="0.5625"  key="00000C0F000033437CA164644577A4A77577866254C69643C4B647398C95A0370088960308A7497300000000000000000000000000000000000000003B047002"  />
    </face>
	<skills>
<skill id="Leadership" value="42" />
<skill id="Scouting" value="192" />
<skill id="Tactics" value="22" />
<skill id="Athletics" value="142" />
<skill id="Riding" value="167" />
<skill id="Throwing" value="167" />
<skill id="Crossbow" value="66" />
<skill id="Bow" value="173" />
<skill id="Polearm" value="93" />
<skill id="TwoHanded" value="74" />
<skill id="OneHanded" value="52" />
</skills>
    <Traits>
<Trait id="Mercy" value="1" />
<Trait id="Valor" value="0" />
<Trait id="Honor" value="1" />
<Trait id="Generosity" value="0" />
<Trait id="Calculating" value="1" />
<Trait id="Egalitarian" value="-2" />
<Trait id="Oligarchic" value="2" />
<Trait id="Authoritarian" value="-1" />
</Traits>
    <Equipments>
      <EquipmentSet id="stu_bat_template_medium" />
      <EquipmentSet id="stu_civ_template_default"
                    civilian="true" />
    </Equipments>
  </NPCCharacter>
  
  <NPCCharacter id="lord_rus_7b"
                name="{=Christina Ingesdotter}Christina Ingesdotter"
                voice="softspoken"
                age="23"
                is_female="true"
                is_hero="true"
                culture="Culture.rus"
                occupation="Lord"
                default_group="Cavalry">
    <face>
<BodyProperties version="4" age="22.03" weight="0.5671" build="0.5625"  key="00000C0F000030107CA164644577A4A77577866254C69643C4B647398C95A0370088960308A7497300000000000000000000000000000000000000003B044003"  />
    </face>
	<skills>
<skill id="Engineering" value="80" />
<skill id="Medicine" value="46" />
<skill id="Leadership" value="1" />
<skill id="Steward" value="63" />
<skill id="Trade" value="27" />
<skill id="Charm" value="16" />
<skill id="Roguery" value="22" />
<skill id="Scouting" value="65" />
<skill id="Crafting" value="42" />
</skills>
    <Traits>
<Trait id="Mercy" value="1" />
<Trait id="Valor" value="1" />
<Trait id="Honor" value="2" />
<Trait id="Generosity" value="0" />
<Trait id="Calculating" value="-1" />
<Trait id="Egalitarian" value="0" />
<Trait id="Oligarchic" value="0" />
<Trait id="Authoritarian" value="1" />
</Traits>
    <Equipments>
      <EquipmentSet id="stu_bat_template_medium" />
      <EquipmentSet id="stu_civ_template_woodsman"
                    civilian="true" />
    </Equipments>
  </NPCCharacter>
  
   <NPCCharacter id="lord_rus_7c"
                name="{=Iziaslav}Iziaslav"
                voice="softspoken"
                age="3"
                is_female="false"
                is_hero="true"
                culture="Culture.rus"
                occupation="Lord"
                default_group="Cavalry">
    <face>
<BodyProperties version="4" age="22.03" weight="0.5671" build="0.5625"  key="00000C00000033437CA164644577A4A77577866254C69643C4B647398C95A0370088960308A7497300000000000000000000000000000000000000003B047002"  />
    </face>
	<skills>

</skills>
    <Traits>

</Traits>
    <Equipments>
      <EquipmentSet id="stu_bat_template_medium" />
      <EquipmentSet id="stu_civ_template_default"
                    civilian="true" />
    </Equipments>
  </NPCCharacter>
  
  <NPCCharacter id="lord_rus_7d"
                name="{=Malmfred}Malmfred"
                voice="softspoken"
                age="5"
                is_female="true"
                is_hero="true"
                culture="Culture.rus"
                occupation="Lord"
                default_group="Cavalry">
    <face>
<BodyProperties version="4" age="22.03" weight="0.5671" build="0.5625"  key="00000C00000030107CA164644577A4A77577866254C69643C4B647398C95A0370088960308A7497300000000000000000000000000000000000000003B044003"  />
    </face>
	<skills>

</skills>
    <Traits>

</Traits>
    <Equipments>
      <EquipmentSet id="stu_bat_template_medium" />
      <EquipmentSet id="stu_civ_template_woodsman"
                    civilian="true" />
    </Equipments>
  </NPCCharacter>
  
</NPCCharacters>