<NPCCharacters>

<!-- Clan 1 -->
  <NPCCharacter id="lord_goldenhorde_6_1"
                name="{=ECM_lord_goldenhorde_6_1}Batu Khan"
                age="38"
                voice="curt"
                default_group="Cavalry"
                is_hero="true"
                culture="Culture.goldenhorde"
                occupation="Lord"
                face_mesh_cache="true">
    <face>
      <BodyProperties version="4" age="38.02" weight="0.5" build="0.5"  key="0015FC0D800020CA9E89B79835AE4966A4959AF6F9AF0C3DC8756149D64B84A80277762407B1E944000000000000000000000000000000000000000000F07080"  />
    </face>
    <skills></skills>
    <Traits>
      <Trait id="BalancedFightingSkills"
             value="7" />
      <Trait id="Commander"
             value="7" />
      <Trait id="Politician"
             value="9" />
      <Trait id="Manager"
             value="6" />
      <Trait id="Mercy"
             value="-1" />
      <Trait id="Honor"
             value="-1" />
      <Trait id="Calculating"
             value="1" />
      <Trait id="Generosity"
             value="1" />
      <Trait id="Authoritarian"
             value="1" />
    </Traits>
    <Equipments>
      <EquipmentRoster />
      <EquipmentSet id="gol_king_template_bat_m" />
      <EquipmentSet id="gol_king_template_civ_m"
                    civilian="true" />
    </Equipments>
  </NPCCharacter>
  <NPCCharacter id="lord_goldenhorde_6_2"
                name="{=ECM_lord_goldenhorde_6_2}Khadagan"
                age="39"
                voice="earnest"
                culture="Culture.goldenhorde"
                occupation="Lord"
                default_group="Cavalry"
                is_hero="true"
                is_female="true"
                face_mesh_cache="true">
    <face>
      <BodyProperties version="4" age="39" weight="0" build="0"  key="001CC40F00441010E586A65AB6332A27A66555BCBECB2AA6B87BAC8B8567A7640C7009C20A628966000000000000000000000000000000000000000000F030C2"  />
    </face>
    <skills></skills>
    <Traits>
      <Trait id="Politician"
             value="4" />
      <Trait id="Manager"
             value="7" />
      <Trait id="Mercy"
             value="1" />
      <Trait id="Valor"
             value="1" />
    </Traits>
    <Equipments>
      <EquipmentSet id="khu_bat_template_medium" />
      <EquipmentSet id="khu_noncom_template_default"
                    civilian="true" />
    </Equipments>
  </NPCCharacter>
  <NPCCharacter id="lord_goldenhorde_6_7"
                name="{=ECM_lord_goldenhorde_6_7}Sartak"
                age="18"
                voice="earnest"
                default_group="HorseArcher"
                is_hero="true"
                culture="Culture.goldenhorde"
                occupation="Lord"
                face_mesh_cache="true">
    <face>
      <BodyProperties version="4" age="18.3" weight="0.8289" build="0.9085"  key="001B9806C00036CA9278E5BED8C46D5524B8763BDAAF7B916A9A1B238431A313026EC024064567A500000000000000000000000000000000000000005AD84000"  />
    </face>
    <skills></skills>
    <Traits>
      <Trait id="BalancedFightingSkills"
             value="7" />
      <Trait id="Commander"
             value="6" />
      <Trait id="Politician"
             value="4" />
      <Trait id="Manager"
             value="5" />
      <Trait id="Generosity"
             value="1" />
      <Trait id="Honor"
             value="1" />
      <Trait id="Mercy"
             value="-1" />
      <Trait id="Calculating"
             value="-1" />
    </Traits>
    <Equipments>
      <EquipmentRoster />
      <EquipmentSet id="khu_bat_template_medium" />
      <EquipmentSet id="khu_civ_template_default"
                    civilian="true" />
    </Equipments>
  </NPCCharacter>
  <NPCCharacter id="lord_goldenhorde_6_10"
                name="{=ECM_lord_goldenhorde_6_10}Hogelun"
                age="18"
                voice="softspoken"
                default_group="Cavalry"
                is_female="true"
                is_hero="true"
                culture="Culture.goldenhorde"
                occupation="Lord">
    <face>
      <BodyProperties version="4" age="18" weight="0" build="0"  key="001CC40FC03C1008E586A65AB6332A27A66555BCE8CB0AA6B87BAC8B8567A7640C7009C20A628966000000000000000000000000000000000000000000F030C2"  />
    </face>
    <Traits>
      <Trait id="Politician"
             value="6" />
      <Trait id="Manager"
             value="5" />
      <Trait id="Generosity"
             value="-1" />
      <Trait id="Calculating"
             value="1" />
    </Traits>
    <Equipments>
      <EquipmentSet id="khu_bat_template_lady" />
      <EquipmentSet id="khu_noncom_template_default"
                    civilian="true" />
    </Equipments>
  </NPCCharacter>
  <NPCCharacter id="lord_goldenhorde_6_101"
                name="{=ECM_lord_goldenhorde_6_101}Chagatai"
                age="19"
                voice="softspoken"
                is_female="true"
                culture="Culture.goldenhorde"
                occupation="Lord"
                is_hero="true"
                default_group="Cavalry"
                face_mesh_cache="true">
    <face>
      <BodyProperties version="4" age="19" weight="0.5" build="0.5"  key="0010D408C0CC300DF17616D8AD922604EE116506F7EF8110E0C91E39740710510C0776C20600120E0000000000000000000000000000000000000000340C2083"  />
    </face>
    <Traits>
      <Trait id="Politician"
             value="3" />
      <Trait id="Manager"
             value="3" />
      <Trait id="Generosity"
             value="1" />
      <Trait id="Calculating"
             value="-1" />
    </Traits>
    <Equipments>
      <EquipmentSet id="khu_bat_template_lady" />
      <EquipmentSet id="khu_noncom_template_default"
                    civilian="true" />
    </Equipments>
  </NPCCharacter>
  <NPCCharacter id="lord_goldenhorde_6_13"
                name="{=ECM_lord_goldenhorde_6_13}Abortu"
                age="18"
                voice="softspoken"
                default_group="Cavalry"
                is_hero="true"
                culture="Culture.goldenhorde"
                occupation="Lord"
                face_mesh_cache="true">
    <face>
      <BodyProperties version="4" age="18" weight="0.8513" build="0.749"  key="0011B80C40002042917042372BB72A784427765EE8EF61166CAD7722833313410C8BD0C20A4567D5000000000000000000000000000000000000000003084002"  />
    </face>
    <skills></skills>
    <Traits>
      <Trait id="BalancedFightingSkills"
             value="5" />
      <Trait id="Commander"
             value="6" />
      <Trait id="Politician"
             value="8" />
      <Trait id="Manager"
             value="5" />
      <Trait id="Mercy"
             value="1" />
      <Trait id="Valor"
             value="-1" />
      <Trait id="Calculating"
             value="1" />
    </Traits>
    <Equipments>
      <EquipmentRoster />
      <EquipmentSet id="khu_bat_template_medium" />
      <EquipmentSet id="khu_civ_template_default"
                    civilian="true" />
    </Equipments>
  </NPCCharacter>

	<!-- Clan 2 -->
  <NPCCharacter id="lord_goldenhorde_6_3"
                name="{=ECM_lord_goldenhorde_6_3}Tudun"
                age="52"
                voice="ironic"
                culture="Culture.goldenhorde"
                default_group="Cavalry"
                is_hero="true"
                occupation="Lord"
                face_mesh_cache="true">
    <face>
      <BodyProperties version="4" age="52" weight="0.9067" build="0.8765"  key="001BA00AC0000504A2E199A58888A7674D69793CD6CE760869ABA623667824560CBDE0C20B5556350000000000000000000000000000000000000000256820C1"  />
    </face>
    <Traits>
      <Trait id="BalancedFightingSkills"
             value="7" />
      <Trait id="Commander"
             value="6" />
      <Trait id="Politician"
             value="5" />
      <Trait id="Manager"
             value="6" />
      <Trait id="Honor"
             value="1" />
      <Trait id="Generosity"
             value="1" />
      <Trait id="Mercy"
             value="1" />
    </Traits>
    <Equipments>
      <EquipmentRoster />
      <EquipmentSet id="khu_bat_template_heavy" />
      <EquipmentSet id="khu_civ_template_default"
                    civilian="true" />
    </Equipments>
  </NPCCharacter>
  <NPCCharacter id="lord_goldenhorde_6_4"
                name="{=ECM_lord_goldenhorde_6_4}Ulakci"
                voice="curt"
                age="50"
                culture="Culture.goldenhorde"
                occupation="Lord"
                default_group="HorseArcher"
                is_hero="true"
                face_mesh_cache="true">
    <face>
      <BodyProperties version="4" age="50" weight="0.054" build="0.4383"  key="0010D40B8858300AE9B69B5A85964674CE626C60F0EF0710F7DA1E1A740E10510C4716C208634C0A000000000000000000000000000000000000000034944083"  />
    </face>
    <skills></skills>
    <Traits>
      <Trait id="BalancedFightingSkills"
             value="4" />
      <Trait id="Commander"
             value="6" />
      <Trait id="Politician"
             value="8" />
      <Trait id="Manager"
             value="7" />
      <Trait id="Valor"
             value="1" />
      <Trait id="Honor"
             value="1" />
      <Trait id="Mercy"
             value="-1" />
      <Trait id="Egalitarian"
             value="1" />
    </Traits>
    <Equipments>
      <EquipmentRoster />
      <EquipmentSet id="khu_bat_template_medium" />
      <EquipmentSet id="khu_civ_template_default"
                    civilian="true" />
    </Equipments>
  </NPCCharacter>
  <NPCCharacter id="lord_goldenhorde_6_8"
                name="{=ECM_lord_goldenhorde_6_8}Munglig"
                age="22"
                voice="ironic"
                default_group="HorseArcher"
                is_hero="true"
                culture="Culture.goldenhorde"
                occupation="Lord"
                face_mesh_cache="true">
    <face>
      <BodyProperties version="4" age="22" weight="0.8457" build="0.7043"  key="00158C08C00020545A8A7BBBACABB47B1ADC4569FAEF63777789983933D669530C6BD0C209AC536700000000000000000000000000000000000000004EC80084"  />
    </face>
    <skills></skills>
    <Traits>
      <Trait id="BalancedFightingSkills"
             value="7" />
      <Trait id="Commander"
             value="7" />
      <Trait id="Politician"
             value="5" />
      <Trait id="Manager"
             value="5" />
      <Trait id="Generosity"
             value="1" />
      <Trait id="Valor"
             value="1" />
    </Traits>
    <Equipments>
      <EquipmentRoster />
      <EquipmentSet id="khu_bat_template_medium" />
      <EquipmentSet id="khu_civ_template_default"
                    civilian="true" />
    </Equipments>
  </NPCCharacter>
  <NPCCharacter id="lord_goldenhorde_6_81"
                name="{=ECM_lord_goldenhorde_6_81}Suyiketu"
                age="19"
                voice="curt"
                is_female="false"
                culture="Culture.goldenhorde"
                default_group="HorseArcher"
                is_hero="true"
                occupation="Lord"
                face_mesh_cache="true">
    <face>
      <BodyProperties version="4" age="19.76" weight="0.3713" build="0.7716"  key="0005EC0FC0CC30438A89B6687332AA9A85958249F69F517AA9C588C98725AC8802EC60240E9AC7A5000000000000000000000000000000000000000047D81045"  />
    </face>
    <skills></skills>
    <Traits>
      <Trait id="BalancedFightingSkills"
             value="7" />
      <Trait id="Commander"
             value="4" />
      <Trait id="Politician"
             value="2" />
      <Trait id="Manager"
             value="2" />
      <Trait id="Valor"
             value="1" />
    </Traits>
    <Equipments>
      <EquipmentRoster />
      <EquipmentSet id="khu_bat_template_medium" />
      <EquipmentSet id="khu_civ_template_default"
                    civilian="true" />
    </Equipments>
  </NPCCharacter>
  <NPCCharacter id="lord_goldenhorde_6_9"
                name="{=ECM_lord_goldenhorde_6_9}Tokoqan"
                age="20"
                voice="curt"
                default_group="HorseArcher"
                is_hero="true"
                culture="Culture.goldenhorde"
                occupation="Lord"
                face_mesh_cache="true">
    <face>
      <BodyProperties version="4" age="20" weight="0.8812" build="0.7079"  key="001BD80D93003048647023132CB71B380645780ED9CF69777A9D9525881A92240C6BD0C20945665700000000000000000000000000000000000000000AD030C2"  />
    </face>
    <skills></skills>
    <Traits>
      <Trait id="BalancedFightingSkills"
             value="7" />
      <Trait id="Commander"
             value="4" />
      <Trait id="Politician"
             value="2" />
      <Trait id="Manager"
             value="2" />
      <Trait id="Honor"
             value="1" />
      <Trait id="Generosity"
             value="-1" />
      <Trait id="Calculating"
             value="-1" />
    </Traits>
    <Equipments>
      <EquipmentRoster />
      <EquipmentSet id="khu_bat_template_heavy" />
      <EquipmentSet id="khu_civ_template_default"
                    civilian="true" />
    </Equipments>
  </NPCCharacter>
  <NPCCharacter id="lord_goldenhorde_6_11"
                name="{=ECM_lord_goldenhorde_6_11}Dokez"
                age="22"
                voice="curt"
                default_group="HorseArcher"
                is_female="true"
                is_hero="true"
                culture="Culture.goldenhorde"
                occupation="Lord"
                face_mesh_cache="true">
    <face>
      <BodyProperties version="4" age="22.22" weight="0.3713" build="0.7716"  key="0005EC0FC0CC30438A89B6687332AA9A85958249F69F517AA9C588C98725AC8802EC60240E9AC7A5000000000000000000000000000000000000000047D81045"  />
    </face>
    <skills></skills>
    <Traits>
      <Trait id="BalancedFightingSkills"
             value="4" />
      <Trait id="Commander"
             value="7" />
      <Trait id="Politician"
             value="3" />
      <Trait id="Manager"
             value="7" />
      <Trait id="Calculating"
             value="1" />
      <Trait id="Valor"
             value="1" />
      <Trait id="Mercy"
             value="-1" />
    </Traits>
    <Equipments>
      <EquipmentRoster />
      <EquipmentSet id="khu_bat_template_nomad" />
      <EquipmentSet id="khu_civ_template_nomad"
                    civilian="true" />
    </Equipments>
  </NPCCharacter>

	<!-- Clan 3 -->
  <NPCCharacter id="lord_goldenhorde_6_5"
                name="{=ECM_lord_goldenhorde_6_5}Berke"
                age="42"
                voice="curt"
                default_group="HorseArcher"
                is_hero="true"
                culture="Culture.goldenhorde"
                occupation="Lord"
                face_mesh_cache="true">
    <face>
      <BodyProperties version="4" age="41.47" weight="0.7427" build="0.3027"  key="0023600D80CC201B738128A2A47829AC9572E8FEF35E08A665BB9895B83624730265B0240679765A00000000000000000000000000000000000000003ED09000"  />
    </face>
    <skills></skills>
    <Traits>
      <Trait id="BalancedFightingSkills"
             value="6" />
      <Trait id="Commander"
             value="4" />
      <Trait id="Politician"
             value="5" />
      <Trait id="Manager"
             value="5" />
      <Trait id="Valor"
             value="-1" />
      <Trait id="Generosity"
             value="-1" />
    </Traits>
    <Equipments>
      <EquipmentRoster />
      <EquipmentSet id="khu_bat_template_heavy" />
      <EquipmentSet id="khu_civ_template_heavy"
                    civilian="true" />
    </Equipments>
  </NPCCharacter>
  <NPCCharacter id="lord_goldenhorde_6_51"
                name="{=ECM_lord_goldenhorde_6_51}Mengu"
                age="19"
                voice="curt"
                default_group="HorseArcher"
                is_hero="true"
                culture="Culture.goldenhorde"
                occupation="Lord"
                face_mesh_cache="true">
    <face>
      <BodyProperties version="4" age="19" weight="0" build="0"  key="001B840F05CC30196D84551BE92816B5859C14AF57FEA7B497D9B597A2756C3C0C4005C208819A890000037F0000000F00000037049140010000000000788080"  />
    </face>
    <skills></skills>
    <Traits>
      <Trait id="BalancedFightingSkills"
             value="4" />
      <Trait id="Commander"
             value="4" />
      <Trait id="Politician"
             value="3" />
      <Trait id="Manager"
             value="2" />
      <Trait id="Valor"
             value="1" />
    </Traits>
    <Equipments>
      <EquipmentRoster />
      <EquipmentSet id="khu_bat_template_heavy" />
      <EquipmentSet id="khu_civ_template_default"
                    civilian="true" />
    </Equipments>
  </NPCCharacter>
  <NPCCharacter id="lord_goldenhorde_6_12"
                name="{=ECM_lord_goldenhorde_6_12}Holeun"
                age="23"
                voice="ironic"
                is_female="true"
                is_hero="true"
                culture="Culture.goldenhorde"
                occupation="Lord"
                default_group="Cavalry"
                face_mesh_cache="true">
    <face>
      <BodyProperties version="4" age="23" weight="0" build="0"  key="001B840F00CC300A6D84551BE92816B5859C14AF57FEA7B497D9B597A2756C3C0C4005C208819A890000037F0000000F00000037049140010000000000788080"  />
    </face>
    <skills></skills>
    <Traits>
      <Trait id="BalancedFightingSkills"
             value="6" />
      <Trait id="Commander"
             value="5" />
      <Trait id="Politician"
             value="4" />
      <Trait id="Manager"
             value="2" />
      <Trait id="Calculating"
             value="-1" />
      <Trait id="Valor"
             value="1" />
    </Traits>
    <Equipments>
      <EquipmentRoster />
      <EquipmentSet id="khu_bat_template_nomad" />
      <EquipmentSet id="khu_civ_template_nomad"
                    civilian="true" />
    </Equipments>
  </NPCCharacter>
  <NPCCharacter id="lord_goldenhorde_6_15"
                name="{=ECM_lord_goldenhorde_6_15}Guyug"
                age="38"
                voice="curt"
                default_group="Cavalry"
                is_hero="true"
                culture="Culture.goldenhorde"
                occupation="Lord"
                face_mesh_cache="true">
    <face>
      <BodyProperties version="4" age="38.25" weight="0.9087" build="0.8402"  key="0013F40E400020518567429B64987AA3589B771EC6CE3A174E695766A35389BA028DE025086769AC00000000000000000000000000000000000000004F004001"  />
    </face>
    <skills></skills>
    <Traits>
      <Trait id="BalancedFightingSkills"
             value="6" />
      <Trait id="Commander"
             value="6" />
      <Trait id="Politician"
             value="3" />
      <Trait id="Manager"
             value="4" />
      <Trait id="Mercy"
             value="-1" />
      <Trait id="Generosity"
             value="-1" />
      <Trait id="Honor"
             value="1" />
    </Traits>
    <Equipments>
      <EquipmentRoster />
      <EquipmentSet id="khu_bat_template_heavy" />
      <EquipmentSet id="khu_civ_template_default"
                    civilian="true" />
    </Equipments>
  </NPCCharacter>
  <NPCCharacter id="lord_goldenhorde_6_15_1"
                name="{=ECM_lord_goldenhorde_6_15_1}Khorijin"
                age="37"
                voice="ironic"
                is_female="true"
                default_group="Cavalry"
                is_hero="true"
                culture="Culture.goldenhorde"
                occupation="Lord"
                face_mesh_cache="true">
    <face>
      <BodyProperties version="4" age="37.69" weight="0.9087" build="0.8402"  key="0013F40E400020518567429B64987AA3589B771EC6CE3A174E695766A35389BA028DE025086769AC00000000000000000000000000000000000000004F004001"  />
    </face>
    <skills></skills>
    <Traits>
      <Trait id="Politician"
             value="3" />
      <Trait id="Manager"
             value="4" />
      <Trait id="Honor"
             value="1" />
    </Traits>
    <Equipments>
      <EquipmentRoster />
      <EquipmentSet id="khu_bat_template_medium" />
      <EquipmentSet id="khu_noncom_template_default"
                    civilian="true" />
    </Equipments>
  </NPCCharacter>
  <NPCCharacter id="lord_goldenhorde_6_15_2"
                name="{=ECM_lord_goldenhorde_6_15_2}al-Alta"
                age="18"
                voice="ironic"
                is_female="true"
                default_group="Cavalry"
                is_hero="true"
                culture="Culture.goldenhorde"
                occupation="Lord"
                face_mesh_cache="true">
    <face>
      <BodyProperties version="4" age="18.69" weight="0.9087" build="0.8402"  key="0013F40E4D0030088567429B64987AA3589B771EC6CE3A174E695766A35389BA028DE025086769AC00000000000000000000000000000000000000004F002080"  />
    </face>
    <skills></skills>
    <Traits>
      <Trait id="Manager"
             value="4" />
      <Trait id="Politician"
             value="5" />
      <Trait id="Honor"
             value="-1" />
      <Trait id="Generosity"
             value="-1" />
    </Traits>
    <Equipments>
      <EquipmentRoster />
      <EquipmentSet id="khu_bat_template_medium" />
      <EquipmentSet id="khu_noncom_template_default"
                    civilian="true" />
    </Equipments>
  </NPCCharacter>

	<!-- Clan 4 -->
  <NPCCharacter id="lord_goldenhorde_6_6"
                name="{=ECM_lord_goldenhorde_6_6}Chilagun"
                voice="curt"
                default_group="HorseArcher"
                is_hero="true"
                culture="Culture.goldenhorde"
                occupation="Lord"
                face_mesh_cache="true">
    <face>
      <BodyProperties version="4" age="30.23" weight="0.195" build="0.2239"  key="001ED40D80FC06D17988B899C63C8B19698954BC6B89698827479497A849D99903633635067B8965000000000000000000000000000000000000000070CC2103"  />
    </face>
    <skills></skills>
    <Traits>
      <Trait id="BalancedFightingSkills"
             value="6" />
      <Trait id="Commander"
             value="4" />
      <Trait id="Politician"
             value="5" />
      <Trait id="Manager"
             value="5" />
      <Trait id="Valor"
             value="-1" />
      <Trait id="Generosity"
             value="-1" />
    </Traits>
    <Equipments>
      <EquipmentRoster />
      <EquipmentSet id="khu_bat_template_medium" />
      <EquipmentSet id="khu_civ_template_default"
                    civilian="true" />
    </Equipments>
  </NPCCharacter>
  <NPCCharacter id="lord_goldenhorde_6_16"
                name="{=ECM_lord_goldenhorde_6_16}Hurunag"
                age="38"
                voice="curt"
                is_female="false"
                is_hero="true"
                culture="Culture.goldenhorde"
                default_group="Cavalry"
                occupation="Lord"
                face_mesh_cache="true">
    <face>
      <BodyProperties version="4" age="38" weight="0.805" build="0.6475"  key="0015E00AC00006CC507044293BC820482534773EE5DE57546D6B2911833943150C6AC0C209556766000000000000000000000000000000000000000028C82104"  />
    </face>
    <skills></skills>
    <Traits>
      <Trait id="BalancedFightingSkills"
             value="8" />
      <Trait id="Commander"
             value="5" />
      <Trait id="Politician"
             value="1" />
      <Trait id="Manager"
             value="3" />
      <Trait id="Valor"
             value="1" />
      <Trait id="Mercy"
             value="-1" />
      <Trait id="Calculating"
             value="-1" />
      <Trait id="Generosity"
             value="-1" />
    </Traits>
    <Equipments>
      <EquipmentRoster />
      <EquipmentSet id="khu_bat_template_medium" />
      <EquipmentSet id="khu_civ_template_default"
                    civilian="true" />
    </Equipments>
  </NPCCharacter>
  <NPCCharacter id="lord_goldenhorde_6_16_1"
                name="{=ECM_lord_goldenhorde_6_16_1}Khogaghchin"
                age="37"
                voice="softspoken"
                is_female="true"
                default_group="Cavalry"
                is_hero="true"
                culture="Culture.goldenhorde"
                occupation="Lord"
                face_mesh_cache="true">
    <face>
      <BodyProperties version="4"
                      weight="0.805"
                      build="0.6475"
                      key="0016E00B400006D3507044293BC820482534773EE5DE57546D6B291183394315056AC05706556766000000000000000000000000000000000000000028C82104" />
    </face>
    <skills></skills>
    <Traits>
      <Trait id="Politician"
             value="3" />
      <Trait id="Manager"
             value="3" />
      <Trait id="Valor"
             value="1" />
    </Traits>
    <Equipments>
      <EquipmentRoster />
      <EquipmentSet id="khu_bat_template_medium" />
      <EquipmentSet id="khu_noncom_template_default"
                    civilian="true" />
    </Equipments>
  </NPCCharacter>
  <NPCCharacter id="lord_goldenhorde_6_16_2"
                name="{=ECM_lord_goldenhorde_6_16_2}Temulun"
                age="18"
                voice="curt"
                is_female="true"
                default_group="Cavalry"
                is_hero="true"
                culture="Culture.goldenhorde"
                occupation="Lord"
                face_mesh_cache="true">
    <face>
      <BodyProperties version="4"
                      weight="0.5"
                      build="0.5"
                      key="0011D40FD4CC300BCF7616D8AD922604F4116550F7EF4310E0C91E1974071056016776130600120E000000000000000000000000000000000000000034C42083" />
    </face>
    <skills></skills>
    <Traits>
      <Trait id="Commander"
             value="5" />
      <Trait id="Politician"
             value="2" />
      <Trait id="Manager"
             value="2" />
      <Trait id="Valor"
             value="1" />
      <Trait id="Mercy"
             value="-1" />
      <Trait id="Calculating"
             value="1" />
    </Traits>
    <Equipments>
      <EquipmentRoster />
      <EquipmentSet id="khu_bat_template_medium" />
      <EquipmentSet id="khu_noncom_template_default"
                    civilian="true" />
    </Equipments>
  </NPCCharacter>
  <NPCCharacter id="lord_goldenhorde_6_24"
                name="{=ECM_lord_goldenhorde_6_24}Bulughan"
                age="26"
                voice="softspoken"
                is_female="false"
                default_group="Cavalry"
                is_hero="true"
                culture="Culture.goldenhorde"
                occupation="Lord"
                face_mesh_cache="true">
    <face>
      <BodyProperties version="4"
                      key="000C100E007C03CD7748DA3B57429988D86DBD6945B4B664644589C5283414BC000427330A7661CB0000037F0000000F00000037049140010000000000288002" />
    </face>
    <Traits>
      <Trait id="BalancedFightingSkills"
             value="8" />
      <Trait id="Commander"
             value="5" />
      <Trait id="Politician"
             value="1" />
      <Trait id="Manager"
             value="3" />
      <Trait id="Valor"
             value="1" />
      <Trait id="Calculating"
             value="1" />
    </Traits>
    <Equipments>
      <EquipmentRoster />
      <EquipmentSet id="khu_bat_template_medium" />
      <EquipmentSet id="khu_civ_template_default"
                    civilian="true" />
    </Equipments>
  </NPCCharacter>

	<!-- Clan 5 -->
  <NPCCharacter id="lord_goldenhorde_6_17"
                name="{=ECM_lord_goldenhorde_6_17}Husun"
                age="36"
                voice="ironic"
                is_female="false"
                default_group="Cavalry"
                is_hero="true"
                culture="Culture.goldenhorde"
                occupation="Lord"
                face_mesh_cache="true">
    <face>
      <BodyProperties version="4"
                      weight="0.8543"
                      build="0.714"
                      key="0015B8088000084AB37043164CC705582586776DF7CE17557B7B4A03851B7804026BD02406457607000000000000000000000000000000000000000050C84080" />
    </face>
    <skills></skills>
    <Traits>
      <Trait id="BalancedFightingSkills"
             value="8" />
      <Trait id="Commander"
             value="5" />
      <Trait id="Politician"
             value="1" />
      <Trait id="Manager"
             value="3" />
      <Trait id="Calculating"
             value="1" />
      <Trait id="Generosity"
             value="1" />
      <Trait id="Valor"
             value="-1" />
    </Traits>
    <Equipments>
      <EquipmentRoster />
      <EquipmentSet id="khu_bat_template_medium" />
      <EquipmentSet id="khu_civ_template_default"
                    civilian="true" />
    </Equipments>
  </NPCCharacter>
  <NPCCharacter id="lord_goldenhorde_6_17_1"
                name="{=ECM_lord_goldenhorde_6_17_1}Chagur"
                age="34"
                voice="ironic"
                is_female="true"
                default_group="Cavalry"
                is_hero="true"
                culture="Culture.goldenhorde"
                occupation="Lord"
                face_mesh_cache="true">
    <face>
      <BodyProperties version="4"
                      weight="0.5"
                      build="0.5"
                      key="0016F80E4000200AB8B5A8AB37C5891C4BA88B3ABDFE344C5ADD18434234CBA6017776130746491E00000000000000000000000000000000000000003EF410C3" />
    </face>
    <skills></skills>
    <Traits>
      <Trait id="Commander"
             value="2" />
      <Trait id="Politician"
             value="5" />
      <Trait id="Manager"
             value="3" />
      <Trait id="Calculating"
             value="1" />
    </Traits>
    <Equipments>
      <EquipmentRoster />
      <EquipmentSet id="khu_bat_template_medium" />
      <EquipmentSet id="khu_noncom_template_default"
                    civilian="true" />
    </Equipments>
  </NPCCharacter>
  <NPCCharacter id="lord_goldenhorde_6_17_2"
                name="{=ECM_lord_goldenhorde_6_17_2}Kokachin"
                age="15"
                voice="softspoken"
                is_female="true"
                default_group="Cavalry"
                is_hero="true"
                culture="Culture.goldenhorde"
                occupation="Lord"
                face_mesh_cache="true">
    <face>
      <BodyProperties version="4"
                      weight="0.5"
                      build="0.5"
                      key="0011D40FC0003001E9761DA0AD922600C2226C60F0EF0710F7DA1E1A740E10500167761306634C0A000000000000000000000000000000000000000034C44083" />
    </face>
    <skills></skills>
    <Traits>
    </Traits>
    <Equipments>
      <EquipmentRoster />
      <EquipmentSet id="khu_bat_template_medium" />
      <EquipmentSet id="khu_noncom_template_default"
                    civilian="true" />
    </Equipments>
  </NPCCharacter>
  <NPCCharacter id="lord_goldenhorde_6_21"
                name="{=ECM_lord_goldenhorde_6_21}Badai"
                age="30"
                voice="earnest"
                default_group="Cavalry"
                is_hero="true"
                culture="Culture.goldenhorde"
                occupation="Lord"
                face_mesh_cache="true">
    <face>
      <BodyProperties version="4"
                      weight="0.8419"
                      build="0.8066"
                      key="001C940AC00018CD647043256BB8222824887A4ED3EF7A517C8B7E1184213914047CD0460754671400000000000000000000000000000000000000004AE03041" />
    </face>
    <skills></skills>
    <Traits>
      <Trait id="BalancedFightingSkills"
             value="8" />
      <Trait id="Commander"
             value="5" />
      <Trait id="Politician"
             value="1" />
      <Trait id="Manager"
             value="3" />
      <Trait id="Valor"
             value="1" />
      <Trait id="Calculating"
             value="-1" />
    </Traits>
    <Equipments>
      <EquipmentRoster />
      <EquipmentSet id="khu_bat_template_heavy" />
      <EquipmentSet id="khu_civ_template_default"
                    civilian="true" />
    </Equipments>
  </NPCCharacter>
  <NPCCharacter id="lord_goldenhorde_6_21_1"
                name="{=ECM_lord_goldenhorde_6_21_1}Argbadh"
                age="20"
                voice="earnest"
                is_female="true"
                default_group="Cavalry"
                is_hero="true"
                culture="Culture.goldenhorde"
                occupation="Lord"
                face_mesh_cache="true">
    <face>
      <BodyProperties version="4"
                      weight="0.5"
                      build="0.5"
                      key="0011FC0FC0B4300AF97613A1E4410600CB306C0A60EF0500F3B81E14741610460167761306016000000000000000000000000000000000000000000034C42083" />
    </face>
    <skills></skills>
    <Traits>
      <Trait id="Politician"
             value="3" />
      <Trait id="Manager"
             value="4" />
      <Trait id="Calculating"
             value="1" />
    </Traits>
    <Equipments>
      <EquipmentRoster />
      <EquipmentSet id="khu_bat_template_heavy" />
      <EquipmentSet id="khu_noncom_template_default"
                    civilian="true" />
    </Equipments>
  </NPCCharacter>

	<!-- Clan 6 -->
  <NPCCharacter id="lord_goldenhorde_6_18"
                name="{=ECM_lord_goldenhorde_6_18}Kadan"
                age="38"
                voice="ironic"
                is_female="false"
                default_group="Cavalry"
                is_hero="true"
                culture="Culture.goldenhorde"
                occupation="Lord"
                face_mesh_cache="true">
    <face>
      <BodyProperties version="4"
                      weight="0.9162"
                      build="0.6798"
                      key="001A980880000809737023143BB71B184445782FD9BF34777B8B47148025DA12038AE03508546644000000000000000000000000000000000000000035102005" />
    </face>
    <skills></skills>
    <Traits>
      <Trait id="BalancedFightingSkills"
             value="8" />
      <Trait id="Commander"
             value="5" />
      <Trait id="Politician"
             value="1" />
      <Trait id="Manager"
             value="3" />
      <Trait id="Calculating"
             value="-1" />
      <Trait id="Generosity"
             value="1" />
      <Trait id="Mercy"
             value="1" />
    </Traits>
    <Equipments>
      <EquipmentRoster />
      <EquipmentSet id="khu_bat_template_medium" />
      <EquipmentSet id="khu_civ_template_default"
                    civilian="true" />
    </Equipments>
  </NPCCharacter>
  <NPCCharacter id="lord_goldenhorde_6_18_1"
                name="{=ECM_lord_goldenhorde_6_18_1}Borte"
                age="37"
                voice="ironic"
                is_female="true"
                default_group="Cavalry"
                is_hero="true"
                culture="Culture.goldenhorde"
                occupation="Lord"
                face_mesh_cache="true">
    <face>
      <BodyProperties version="4"
                      weight="0.5"
                      build="0.5"
                      key="0016F80CD400100318B5A8AB37C5891C4BA88B3A22AF3A4C6388C1954234CBA601777613076B5C2300000000000000000000000000000000000000003EF41003" />
    </face>
    <skills></skills>
    <Traits>
      <Trait id="Politician"
             value="4" />
      <Trait id="Manager"
             value="5" />
      <Trait id="Calculating"
             value="1" />
      <Trait id="Honor"
             value="-1" />
    </Traits>
    <Equipments>
      <EquipmentRoster />
      <EquipmentSet id="khu_bat_template_medium" />
      <EquipmentSet id="khu_noncom_template_default"
                    civilian="true" />
    </Equipments>
  </NPCCharacter>
  <NPCCharacter id="lord_goldenhorde_6_18_2"
                name="{=ECM_lord_goldenhorde_6_18_2}Mandukhai"
                age="18"
                voice="curt"
                is_female="true"
                default_group="Cavalry"
                is_hero="true"
                culture="Culture.goldenhorde"
                occupation="Lord"
                face_mesh_cache="true">
    <face>
      <BodyProperties version="4"
                      weight="0.5"
                      build="0.5"
                      key="0017B00C000007488370531C3CC826884583782EFABE43717BBC7536892A5612037DD0350754675600000000000000000000000000000000000000004CE82001" />
    </face>
    <skills></skills>
    <Traits>
      <Trait id="Politician"
             value="4" />
      <Trait id="Manager"
             value="2" />
      <Trait id="Mercy"
             value="1" />
    </Traits>
    <Equipments>
      <EquipmentRoster />
      <EquipmentSet id="khu_bat_template_medium" />
      <EquipmentSet id="khu_noncom_template_default"
                    civilian="true" />
    </Equipments>
  </NPCCharacter>
  <NPCCharacter id="lord_goldenhorde_6_22"
                name="{=ECM_lord_goldenhorde_6_22}Chigu"
                age="30"
                voice="curt"
                default_group="Cavalry"
                is_hero="true"
                culture="Culture.goldenhorde"
                occupation="Lord"
                face_mesh_cache="true">
    <face>
      <BodyProperties version="4"
                      weight="0.8474"
                      build="0.8778"
                      key="000BF80CD100300418762BAD894AB3A687C58B3A22AF3A4C5B2C769832963D44017776130799894800000000000000000000000000000000000000003EF41043" />
    </face>
    <skills></skills>
    <Traits>
      <Trait id="BalancedFightingSkills"
             value="8" />
      <Trait id="Commander"
             value="5" />
      <Trait id="Politician"
             value="3" />
      <Trait id="Manager"
             value="3" />
      <Trait id="Valor"
             value="1" />
      <Trait id="Generosity"
             value="-1" />
      <Trait id="Mercy"
             value="-1" />
    </Traits>
    <Equipments>
      <EquipmentRoster />
      <EquipmentSet id="khu_bat_template_medium" />
      <EquipmentSet id="khu_civ_template_default"
                    civilian="true" />
    </Equipments>
  </NPCCharacter>
  <NPCCharacter id="lord_goldenhorde_6_22_1"
                name="{=ECM_lord_goldenhorde_6_22_1}Holuikhan"
                age="22"
                voice="softspoken"
                is_female="true"
                default_group="Cavalry"
                is_hero="true"
                culture="Culture.goldenhorde"
                occupation="Lord"
                face_mesh_cache="true">
    <face>
      <BodyProperties version="4"
                      weight="0.3"
                      build="0.3"
                      key="001EC00CC0FC100463B8C87941868498779B3336466B8678C67EEEDEC8AE75950088260308C7A5050000000000000000000000000000000000000000711C10C3" />
    </face>
    <skills></skills>
    <Traits>
      <Trait id="Politician"
             value="4" />
      <Trait id="Manager"
             value="4" />
      <Trait id="Honor"
             value="1" />
      <Trait id="Generosity"
             value="1" />
    </Traits>
    <Equipments>
      <EquipmentRoster />
      <EquipmentSet id="khu_bat_template_medium" />
      <EquipmentSet id="khu_noncom_template_default"
                    civilian="true" />
    </Equipments>
  </NPCCharacter>

	<!-- Clan 7 -->
  <NPCCharacter id="lord_goldenhorde_6_19"
                name="{=ECM_lord_goldenhorde_6_19}Megujin"
                age="41"
                voice="softspoken"
                is_female="false"
                default_group="Cavalry"
                is_hero="true"
                culture="Culture.goldenhorde"
                occupation="Lord"
                face_mesh_cache="true">
    <face>
      <BodyProperties version="4"
                      weight="0.802"
                      build="0.6066"
                      key="0012B80CC0003809737023195BB843782617793FD6DF2B416B7DA901812178230259C02405557705000000000000000000000000000000000000000078A83040" />
    </face>
    <skills></skills>
    <Traits>
      <Trait id="BalancedFightingSkills"
             value="7" />
      <Trait id="Commander"
             value="9" />
      <Trait id="Politician"
             value="6" />
      <Trait id="Manager"
             value="6" />
      <Trait id="Honor"
             value="1" />
    </Traits>
    <Equipments>
      <EquipmentRoster />
      <EquipmentSet id="khu_bat_template_heavy" />
      <EquipmentSet id="khu_civ_template_default"
                    civilian="true" />
    </Equipments>
  </NPCCharacter>
  <NPCCharacter id="lord_goldenhorde_6_19_1"
                name="{=ECM_lord_goldenhorde_6_19_1}Orqina"
                age="40"
                voice="curt"
                is_female="true"
                default_group="Cavalry"
                is_hero="true"
                culture="Culture.goldenhorde"
                occupation="Lord"
                face_mesh_cache="true">
    <face>
      <BodyProperties version="4"
                      weight="0.3"
                      build="0.4"
                      key="000BF80CD100100318B664517CBB94C8D5398B3A22AF3A4C5B2C76989C692815017776130799894800000000000000000000000000000000000000003EF41043" />
    </face>
    <skills></skills>
    <Traits>
      <Trait id="Politician"
             value="3" />
      <Trait id="Manager"
             value="6" />
      <Trait id="Honor"
             value="1" />
    </Traits>
    <Equipments>
      <EquipmentRoster />
      <EquipmentSet id="khu_bat_template_heavy" />
      <EquipmentSet id="khu_noncom_template_default"
                    civilian="true" />
    </Equipments>
  </NPCCharacter>
  <NPCCharacter id="lord_goldenhorde_6_19_2"
                name="{=ECM_lord_goldenhorde_6_19_2}Chabi"
                age="20"
                voice="softspoken"
                is_female="true"
                default_group="Cavalry"
                is_hero="true"
                culture="Culture.goldenhorde"
                occupation="Lord"
                face_mesh_cache="true">
    <face>
      <BodyProperties version="4"
                      weight="0.4"
                      build="0.4"
                      key="0011C80E50E410026053AA569B16689986BA77528958D98CA8622BA78AC9695201577613052AB956000000000000000000000000000000000000000042B41084" />
    </face>
    <skills></skills>
    <Traits>
      <Trait id="Politician"
             value="3" />
      <Trait id="Manager"
             value="6" />
      <Trait id="Valor"
             value="-1" />
    </Traits>
    <Equipments>
      <EquipmentRoster />
      <EquipmentSet id="khu_bat_template_medium" />
      <EquipmentSet id="khu_noncom_template_default"
                    civilian="true" />
    </Equipments>
  </NPCCharacter>
  <NPCCharacter id="lord_goldenhorde_6_23"
                name="{=ECM_lord_goldenhorde_6_23}Toghoril"
                age="30"
                voice="softspoken"
                is_female="false"
                default_group="Cavalry"
                is_hero="true"
                culture="Culture.goldenhorde"
                occupation="Lord"
                face_mesh_cache="true">
    <face>
      <BodyProperties version="4"
                      weight="0.4676"
                      build="0.4954"
                      key="0011F00CC0B423940888751A1794B0496099B698B7A4AD33C63BA5535D78938903677635065B7912000000000000000000000000000000000000000000CC3042" />
    </face>
    <skills></skills>
    <Traits>
      <Trait id="BalancedFightingSkills"
             value="8" />
      <Trait id="Commander"
             value="5" />
      <Trait id="Politician"
             value="1" />
      <Trait id="Manager"
             value="3" />
      <Trait id="Valor"
             value="1" />
      <Trait id="Calculating"
             value="1" />
    </Traits>
    <Equipments>
      <EquipmentRoster />
      <EquipmentSet id="khu_bat_template_heavy" />
      <EquipmentSet id="khu_civ_template_default"
                    civilian="true" />
    </Equipments>
  </NPCCharacter>

	<!-- Clan 8 -->
  <NPCCharacter id="lord_goldenhorde_6_20"
                name="{=ECM_lord_goldenhorde_6_20}Kanujan"
                age="30"
                voice="ironic"
                default_group="Cavalry"
                is_hero="true"
                culture="Culture.goldenhorde"
                occupation="Lord"
                face_mesh_cache="true">
    <face>
      <BodyProperties version="4"
                      weight="0.8073"
                      build="0.7638"
                      key="001CB80B400028906370542B2CC8201805177A3EE5DE68166BBA982582121925046BC0460655761500000000000000000000000000000000000000005EC03042" />
    </face>
    <skills></skills>
    <Traits>
      <Trait id="BalancedFightingSkills"
             value="8" />
      <Trait id="Commander"
             value="5" />
      <Trait id="Politician"
             value="1" />
      <Trait id="Manager"
             value="3" />
      <Trait id="Calculating"
             value="1" />
      <Trait id="Mercy"
             value="-1" />
      <Trait id="Generosity"
             value="1" />
      <Trait id="Honor"
             value="-1" />
    </Traits>
    <Equipments>
      <EquipmentRoster />
      <EquipmentSet id="khu_bat_template_medium" />
      <EquipmentSet id="khu_civ_template_default"
                    civilian="true" />
    </Equipments>
  </NPCCharacter>
  <NPCCharacter id="lord_goldenhorde_6_20_1"
                name="{=ECM_lord_goldenhorde_6_20_1}Khutulun"
                age="28"
                voice="softspoken"
                is_female="true"
                default_group="Cavalry"
                is_hero="true"
                culture="Culture.goldenhorde"
                occupation="Lord"
                face_mesh_cache="true">
    <face>
      <BodyProperties version="4"
                      weight="0.5"
                      build="0.5"
                      key="000BC80FD1000010185895BAB8A7A974AA7C383AE2FF3A45868B383997479BD70177761307BB856400000000000000000000000000000000000000003EF410C3" />
    </face>
    <skills></skills>
    <Traits>
      <Trait id="Commander"
             value="2" />
      <Trait id="Politician"
             value="3" />
      <Trait id="Manager"
             value="2" />
      <Trait id="Calculating"
             value="1" />
      <Trait id="Mercy"
             value="-1" />
      <Trait id="Generosity"
             value="-1" />
      <Trait id="Honor"
             value="-1" />
    </Traits>
    <Equipments>
      <EquipmentRoster />
      <EquipmentSet id="khu_bat_template_lady" />
      <EquipmentSet id="khu_noncom_template_default"
                    civilian="true" />
    </Equipments>
  </NPCCharacter>
  <NPCCharacter id="lord_goldenhorde_K8_u"
                name="{=ECM_lord_goldenhorde_k8_u}Khorilartai"
                age="43"
                voice="earnest"
                is_female="false"
                default_group="Cavalry"
                is_hero="true"
                culture="Culture.goldenhorde"
                occupation="Lord"
                face_mesh_cache="true">
    <face>
      <BodyProperties version="4"
                      weight="0.7"
                      build="0.7"
                      key="0026F80E40002343B8708B896D682237D5D88B3D557E344C17243FB5B88988680077760307967D3B00000000000000000000000000000000000000003EF41002" />
    </face>
    <skills></skills>
    <Traits>
      <Trait id="Commander"
             value="7" />
      <Trait id="Politician"
             value="6" />
      <Trait id="Manager"
             value="2" />
      <Trait id="Calculating"
             value="-1" />
      <Trait id="Mercy"
             value="-1" />
      <Trait id="Generosity"
             value="1" />
      <Trait id="Honor"
             value="1" />
    </Traits>
    <Equipments>
      <EquipmentRoster />
      <EquipmentSet id="khu_bat_template_heavy" />
      <EquipmentSet id="khu_civ_template_default"
                    civilian="true" />
    </Equipments>
  </NPCCharacter>

	<!-- Clan 9 -->
  <NPCCharacter id="lord_goldenhorde_K9_l"
                name="{=ECM_lord_goldenhorde_K9_l}Tolui"
                age="53"
                voice="softspoken"
                is_female="false"
                default_group="HorseArcher"
                is_hero="true"
                culture="Culture.goldenhorde"
                occupation="Lord"
                face_mesh_cache="true">
    <face>
      <BodyProperties version="4"
                      weight="0.5"
                      build="0.5"
                      key="001EC00CC0FC100463B8C87941868498779B3336466B8678C67EEEDEC8AE75950088260308C7A5050000000000000000000000000000000000000000711C10C3" />
    </face>
    <Traits>
      <Trait id="HorseArcherFightingSkills"
             value="8" />
      <Trait id="Commander"
             value="6" />
      <Trait id="Politician"
             value="4" />
      <Trait id="Manager"
             value="3" />
      <Trait id="Valor"
             value="-1" />
      <Trait id="Honor"
             value="1" />
      <Trait id="Calculating"
             value="1" />
    </Traits>
    <Equipments>
      <EquipmentRoster />
      <EquipmentSet id="khu_bat_template_medium" />
      <EquipmentSet id="khu_civ_template_default"
                    civilian="true" />
    </Equipments>
  </NPCCharacter>
  <NPCCharacter id="lord_goldenhorde_K9_s"
                name="{=ECM_lord_goldenhorde_K9_s}Yesui"
                age="48"
                voice="earnest"
                is_female="true"
                default_group="HorseArcher"
                is_hero="true"
                culture="Culture.goldenhorde"
                occupation="Lord"
                face_mesh_cache="true">
    <face>
      <BodyProperties version="4"
                      weight="0.5"
                      build="0.5"
                      key="000BF80CD100300418762BAD894AB3A687C58B3A22AF3A4C5B2C769832963D44017776130799894800000000000000000000000000000000000000003EF41043" />
    </face>
    <Traits>
      <Trait id="Politician"
             value="4" />
      <Trait id="Manager"
             value="3" />
      <Trait id="Honor"
             value="1" />
    </Traits>
    <Equipments>
      <EquipmentRoster />
      <EquipmentSet id="khu_bat_template_medium" />
      <EquipmentSet id="khu_noncom_template_default"
                    civilian="true" />
    </Equipments>
  </NPCCharacter>
  <NPCCharacter id="lord_goldenhorde_K9_c1"
                name="{=ECM_lord_goldenhorde_K9_c1}Bortu"
                age="24"
                voice="earnest"
                is_female="false"
                default_group="HorseArcher"
                is_hero="true"
                culture="Culture.goldenhorde"
                occupation="Lord"
                face_mesh_cache="true">
    <face>
      <BodyProperties version="4"
                      weight="0.3781"
                      build="0.5478"
                      key="000C100E007C03CD7748DA3B57429988D86DBD6945B4B664644589C5283414BC000427330A7661CB0000037F0000000F00000037049140010000000000288002" />
    </face>
    <Traits>
      <Trait id="HorseArcherFightingSkills"
             value="6" />
      <Trait id="Commander"
             value="6" />
      <Trait id="Politician"
             value="4" />
      <Trait id="Manager"
             value="3" />
      <Trait id="Valor"
             value="1" />
      <Trait id="Calculating"
             value="-1" />
    </Traits>
    <Equipments>
      <EquipmentRoster />
      <EquipmentSet id="khu_bat_template_medium" />
      <EquipmentSet id="khu_civ_template_default"
                    civilian="true" />
    </Equipments>
  </NPCCharacter>
  <NPCCharacter id="lord_goldenhorde_K9_c2"
                name="{=ECM_lord_goldenhorde_K9_c2}Khulan"
                age="22"
                voice="ironic"
                is_female="true"
                default_group="HorseArcher"
                is_hero="true"
                culture="Culture.goldenhorde"
                occupation="Lord"
                face_mesh_cache="true">
    <face>
      <BodyProperties version="4"
                      weight="0.142"
                      build="0.5648"
                      key="000AB40CC0141840AD48BBECA574462983C78887724DBABB65D6686C8527AA8800D866030D8459A5000000000000000000000000000000000000000063AC10C6" />
    </face>
    <Traits>
      <Trait id="HorseArcherFightingSkills"
             value="3" />
      <Trait id="Commander"
             value="4" />
      <Trait id="Politician"
             value="4" />
      <Trait id="Manager"
             value="7" />
      <Trait id="Honor"
             value="1" />
      <Trait id="Generosity"
             value="-1" />
    </Traits>
    <Equipments>
      <EquipmentRoster />
      <EquipmentSet id="khu_bat_template_medium" />
      <EquipmentSet id="khu_civ_template_default"
                    civilian="true" />
    </Equipments>
  </NPCCharacter>


</NPCCharacters>