﻿<?xml version="1.0" encoding="utf-8"?>
<NPCCharacters>
 <!-- 
  each faction has the following:
  wolfskin_traditionalist_leader, wolfskin_ambitious_leader, wolfskin_wanderer
  wanderers will all have the 'spawn as prisoner' attribute
  
  -->
  <!-- MINOR FACTION LORDS -->
  <!-- npc characters for mercenary minor factions (4) -->
  <!-- skolderbrotva -->
  <NPCCharacter id="spc_skolderbrotva_leader_0" name="{=OzjuQYGH}of the Thiudiskaz Mercenaries" voice="curt" is_template="true" default_group="Infantry" is_hero="false" culture="Culture.sturgia" occupation="Lord">
    <face>
      <face_key_template value="BodyProperty.cla_fighter_germanic" />
    </face>
    <!--<Hero id="spc_skolderbrotva_leader_0" faction="Faction.skolderbrotva" clan="Clan.skolderbrotva"/>-->
    <skills></skills>
    <Traits>
      <Trait id="Honor" value="1" />
      <Trait id="Valor" value="1" />
      <Trait id="Mercy" value="-1" />
      <Trait id="Generosity" value="-1" />
      <Trait id="Calculating" value="-1" />
      <Trait id="Commander" value="6" />
      <Trait id="KnightFightingSkills" value="7" />
    </Traits>
    <Equipments>
      <EquipmentSet id="spc_skolderbrotva_leader_0" />
      <EquipmentSet id="spc_skolderbrotva_leader_0" civilian="true" />
    </Equipments>
  </NPCCharacter>
  <NPCCharacter id="spc_skolderbrotva_leader_1" name="{=OzjuQYGH}of the Thiudiskaz Mercenaries" voice="softspoken" is_template="true" default_group="Infantry" is_hero="false" culture="Culture.sturgia" occupation="Lord">
    <face>
      <face_key_template value="BodyProperty.cla_fighter_germanic" />
    </face>
    <!--<Hero id="spc_skolderbrotva_leader_1" faction="Faction.skolderbrotva" clan="Clan.skolderbrotva"/>-->
    <skills></skills>
    <Traits>
      <Trait id="Calculating" value="1" />
      <Trait id="Commander" value="6" />
      <Trait id="KnightFightingSkills" value="5" />
    </Traits>
    <Equipments>
      <EquipmentSet id="spc_skolderbrotva_leader_1" />
      <EquipmentSet id="spc_skolderbrotva_leader_1" civilian="true" />
    </Equipments>
  </NPCCharacter>
  <NPCCharacter id="spc_skolderbrotva_leader_2" name="{=OzjuQYGH}of the Thiudiskaz Mercenaries" voice="softspoken" is_template="true" default_group="Infantry" is_hero="false" culture="Culture.sturgia" occupation="Lord">
    <face>
      <face_key_template value="BodyProperty.cla_fighter_germanic" />
    </face>
    <!--<Hero id="spc_skolderbrotva_leader_2" faction="Faction.skolderbrotva" clan="Clan.skolderbrotva"/>-->
    <skills></skills>
    <Traits>
      <Trait id="Calculating" value="1" />
      <Trait id="Commander" value="6" />
      <Trait id="KnightFightingSkills" value="5" />
    </Traits>
    <Equipments>
      <EquipmentSet id="spc_skolderbrotva_leader_2" />
      <EquipmentSet id="spc_skolderbrotva_leader_2" civilian="true" />
    </Equipments>
  </NPCCharacter>
  <NPCCharacter id="spc_skolderbrotva_leader_3" name="{=OzjuQYGH}of the Thiudiskaz Mercenaries" voice="softspoken" is_template="true" default_group="Infantry" is_hero="false" culture="Culture.sturgia" occupation="Lord">
    <face>
      <face_key_template value="BodyProperty.cla_fighter_germanic" />
    </face>
    <!--<Hero id="spc_skolderbrotva_leader_3" faction="Faction.skolderbrotva" clan="Clan.skolderbrotva"/>-->
    <skills></skills>
    <Traits>
      <Trait id="Calculating" value="1" />
      <Trait id="Commander" value="6" />
      <Trait id="KnightFightingSkills" value="5" />
    </Traits>
    <Equipments>
      <EquipmentSet id="spc_skolderbrotva_leader_3" />
      <EquipmentSet id="spc_skolderbrotva_leader_3" civilian="true" />
    </Equipments>
  </NPCCharacter>
  <!-- ghilman -->
  <NPCCharacter id="spc_ghilman_leader_0" name="{=IgOTjF4i}of the Massa" voice="earnest" is_template="true" default_group="Infantry" is_hero="false" culture="Culture.aserai" occupation="Lord">
    <face>
      <face_key_template value="BodyProperty.cla_fighter_iberian" />
    </face>
    <!--<Hero id="spc_ghilman_leader_0" faction="Faction.ghilman" clan="Clan.ghilman"/>-->
    <skills></skills>
    <Traits>
      <Trait id="Valor" value="1" />
      <Trait id="Generosity" value="1" />
      <Trait id="Commander" value="7" />
      <Trait id="BalancedFightingSkills" value="5" />
      <Trait id="KnightFightingSkills" value="5" />
    </Traits>
    <Equipments>
      <EquipmentSet id="spc_ghilman_leader_0" />
      <EquipmentSet id="spc_ghilman_leader_0" civilian="true" />
    </Equipments>
  </NPCCharacter>
  <NPCCharacter id="spc_ghilman_leader_1" name="{=IgOTjF4i}of the Massa" voice="ironic" is_template="true" default_group="Infantry" is_hero="false" culture="Culture.aserai" occupation="Lord">
    <face>
      <face_key_template value="BodyProperty.cla_fighter_iberian" />
    </face>
    <!--<Hero id="spc_ghilman_leader_1" faction="Faction.ghilman" clan="Clan.ghilman"/>-->
    <skills></skills>
    <Traits>
      <Trait id="Honor" value="-1" />
      <Trait id="Calculating" value="1" />
      <Trait id="Commander" value="7" />
      <Trait id="BalancedFightingSkills" value="5" />
      <Trait id="KnightFightingSkills" value="4" />
    </Traits>
    <Equipments>
      <EquipmentSet id="spc_ghilman_leader_1" />
      <EquipmentSet id="spc_ghilman_leader_1" civilian="true" />
    </Equipments>
  </NPCCharacter>
  <NPCCharacter id="spc_ghilman_leader_2" name="{=IgOTjF4i}of the Massa" voice="ironic" is_template="true" default_group="Infantry" is_hero="false" culture="Culture.aserai" occupation="Lord">
    <face>
      <face_key_template value="BodyProperty.cla_fighter_iberian" />
    </face>
    <!--<Hero id="spc_ghilman_leader_2" faction="Faction.ghilman" clan="Clan.ghilman"/>-->
    <skills></skills>
    <Traits>
      <Trait id="Honor" value="-1" />
      <Trait id="Calculating" value="1" />
      <Trait id="Commander" value="7" />
      <Trait id="BalancedFightingSkills" value="5" />
      <Trait id="KnightFightingSkills" value="4" />
    </Traits>
    <Equipments>
      <EquipmentSet id="spc_ghilman_leader_2" />
      <EquipmentSet id="spc_ghilman_leader_2" civilian="true" />
    </Equipments>
  </NPCCharacter>
  <NPCCharacter id="spc_ghilman_leader_3" name="{=IgOTjF4i}of the Massa" voice="ironic" is_template="true" default_group="Infantry" is_hero="false" culture="Culture.aserai" occupation="Lord">
    <face>
      <face_key_template value="BodyProperty.cla_fighter_iberian" />
    </face>
    <!--<Hero id="spc_ghilman_leader_3" faction="Faction.ghilman" clan="Clan.ghilman"/>-->
    <skills></skills>
    <Traits>
      <Trait id="Honor" value="-1" />
      <Trait id="Calculating" value="1" />
      <Trait id="Commander" value="7" />
      <Trait id="BalancedFightingSkills" value="5" />
      <Trait id="KnightFightingSkills" value="4" />
    </Traits>
    <Equipments>
      <EquipmentSet id="spc_ghilman_leader_3" />
      <EquipmentSet id="spc_ghilman_leader_3" civilian="true" />
    </Equipments>
  </NPCCharacter>
<!-- Legion of the Betrayed -->
  <NPCCharacter id="spc_legion_of_the_betrayed_leader_0" name="{=7hrmlfxh}of the Republic" voice="curt" is_template="true" default_group="Infantry" is_hero="false" culture="Culture.empire" occupation="Lord">
    <face>
      <face_key_template value="BodyProperty.cla_rome_legionary_experienced" />
    </face>
    <!--<Hero id="spc_legion_of_the_betrayed_leader_0" faction="Faction.legion_of_the_betrayed" clan="Clan.legion_of_the_betrayed"/>-->
    <skills></skills>
    <Traits>
      <Trait id="Valor" value="+1" />
      <Trait id="Mercy" value="-1" />
      <Trait id="Calculating" value="1" />
      <Trait id="Commander" value="6" />
      <Trait id="BalancedFightingSkills" value="5" />
      <Trait id="KnightFightingSkills" value="3" />
    </Traits>
    <Equipments>
      <EquipmentSet id="spc_legion_of_the_betrayed_leader_0" />
      <EquipmentSet id="spc_legion_of_the_betrayed_leader_0" civilian="true" />
    </Equipments>
  </NPCCharacter>
  <!-- Cheerful -->
  <NPCCharacter id="spc_legion_of_the_betrayed_leader_1" name="{=7hrmlfxh}of the Republic" voice="earnest" is_template="true" default_group="Infantry" is_hero="false" culture="Culture.empire" occupation="Lord">
    <face>
      <face_key_template value="BodyProperty.cla_rome_legionary_experienced" />
    </face>
    <!--<Hero id="spc_legion_of_the_betrayed_leader_1" faction="Faction.legion_of_the_betrayed" clan="Clan.legion_of_the_betrayed"/>-->
    <skills></skills>
    <Traits>
      <Trait id="Valor" value="+1" />
      <Trait id="Mercy" value="-1" />
      <Trait id="Generosity" value="+1" />
      <Trait id="Calculating" value="-1" />
      <Trait id="Commander" value="6" />
      <Trait id="BalancedFightingSkills" value="4" />
      <Trait id="KnightFightingSkills" value="2" />
    </Traits>
    <Equipments>
      <EquipmentSet id="spc_legion_of_the_betrayed_leader_1" />
      <EquipmentSet id="emp_civ_template_default" civilian="true" />
    </Equipments>
  </NPCCharacter>
  <!-- Exploitative -->
  <NPCCharacter id="spc_legion_of_the_betrayed_leader_2" name="{=7hrmlfxh}of the Republic" voice="ironic" is_template="true" default_group="Infantry" is_hero="false" culture="Culture.empire" occupation="Lord">
    <face>
      <face_key_template value="BodyProperty.cla_rome_legionary_experienced" />
    </face>
    <!--<Hero id="spc_legion_of_the_betrayed_leader_2" faction="Faction.legion_of_the_betrayed" clan="Clan.legion_of_the_betrayed"/>-->
    <skills></skills>
    <Traits>
      <Trait id="Calculating" value="1" />
      <Trait id="Commander" value="6" />
      <Trait id="BalancedFightingSkills" value="4" />
      <Trait id="KnightFightingSkills" value="2" />
    </Traits>
    <Equipments>
      <EquipmentSet id="spc_legion_of_the_betrayed_leader_2" />
      <EquipmentSet id="emp_civ_template_default" civilian="true" />
    </Equipments>
  </NPCCharacter>
  <!-- Dutiful -->
  <NPCCharacter id="spc_legion_of_the_betrayed_leader_3" name="{=7hrmlfxh}of the Republic" voice="curt" is_template="true" default_group="Infantry" is_hero="false" culture="Culture.empire" occupation="Lord">
    <face>
      <face_key_template value="BodyProperty.cla_rome_legionary_experienced" />
    </face>
    <!-- <Hero id="spc_legion_of_the_betrayed_leader_3" faction="Faction.legion_of_the_betrayed" clan="Clan.legion_of_the_betrayed" /> -->
    <Traits>
      <Trait id="Valor" value="-1" />
      <Trait id="Honor" value="1" />
      <Trait id="Calculating" value="-1" />
      <Trait id="Commander" value="6" />
      <Trait id="BalancedFightingSkills" value="4" />
      <Trait id="KnightFightingSkills" value="2" />
    </Traits>
    <Equipments>
      <EquipmentSet id="spc_legion_of_the_betrayed_leader_3" />
      <EquipmentSet id="emp_civ_template_default" civilian="true" />
    </Equipments>
  </NPCCharacter>
  <!-- Hawkwood type, imposes some order on the chaos around him -->
  <NPCCharacter id="spc_company_of_the_boar_leader_0" name="{=eobXmmLg}of the Dryatic Mercenaries" voice="curt" is_template="true" default_group="Infantry" is_hero="false" culture="Culture.vlandia" occupation="Lord">
    <face>
      <face_key_template value="BodyProperty.cla_fighter_dacia" />
    </face>
    <!--<Hero id="spc_company_of_the_boar_leader_0" faction="Faction.company_of_the_boar" clan="Clan.company_of_the_boar"/>-->
    <skills></skills>
    <Traits>
      <Trait id="Mercy" value="-1" />
      <Trait id="Calculating" value="1" />
      <Trait id="Commander" value="6" />
      <Trait id="BalancedFightingSkills" value="6" />
      <Trait id="KnightFightingSkills" value="2" />
    </Traits>
    <Equipments>
      <EquipmentSet id="spc_company_of_the_boar_leader_0" />
      <EquipmentSet id="spc_company_of_the_boar_leader_0" civilian="true" />
    </Equipments>
  </NPCCharacter>
  <!-- jovial maniac -->
  <NPCCharacter id="spc_company_of_the_boar_leader_1" name="{=eobXmmLg}of the Dryatic Mercenaries" voice="earnest" is_template="true" default_group="Infantry" is_hero="false" culture="Culture.vlandia" occupation="Lord">
    <face>
      <face_key_template value="BodyProperty.cla_fighter_dacia" />
    </face>
    <!--<Hero id="spc_company_of_the_boar_leader_1" faction="Faction.company_of_the_boar" clan="Clan.company_of_the_boar"/>-->
    <skills></skills>
    <Traits>
      <Trait id="Valor" value="1" />
      <Trait id="Mercy" value="-1" />
      <Trait id="Generosity" value="1" />
      <Trait id="Commander" value="6" />
      <Trait id="BalancedFightingSkills" value="5" />
    </Traits>
    <Equipments>
      <EquipmentSet id="spc_company_of_the_boar_leader_1" />
      <EquipmentSet id="spc_company_of_the_boar_leader_1" civilian="true" />
    </Equipments>
  </NPCCharacter>
  <!-- gentleman ranker type -->
  <NPCCharacter id="spc_company_of_the_boar_leader_2" name="{=eobXmmLg}of the Dryatic Mercenaries" voice="ironic" is_template="true" default_group="Infantry" is_hero="false" culture="Culture.vlandia" occupation="Lord">
    <face>
      <face_key_template value="BodyProperty.cla_fighter_dacia" />
    </face>
    <!--<Hero id="spc_company_of_the_boar_leader_2" faction="Faction.company_of_the_boar" clan="Clan.company_of_the_boar"/>-->
    <skills></skills>
    <Traits>
      <Trait id="Mercy" value="-1" />
      <Trait id="Honor" value="-1" />
      <Trait id="Calculating" value="1" />
      <Trait id="Commander" value="6" />
      <Trait id="BalancedFightingSkills" value="5" />
    </Traits>
    <Equipments>
      <EquipmentSet id="spc_company_of_the_boar_leader_2" />
      <EquipmentSet id="spc_company_of_the_boar_leader_2" civilian="true" />
    </Equipments>
  </NPCCharacter>
  <!-- functionary -->
  <NPCCharacter id="spc_company_of_the_boar_leader_3" name="{=eobXmmLg}of the Dryatic Mercenaries" voice="curt" is_template="true" default_group="Infantry" is_hero="false" culture="Culture.vlandia" occupation="Lord">
    <face>
      <face_key_template value="BodyProperty.cla_fighter_dacia" />
    </face>
    <!--<Hero id="spc_company_of_the_boar_leader_3" faction="Faction.company_of_the_boar" clan="Clan.company_of_the_boar"/>-->
    <skills></skills>
    <Traits>
      <Trait id="Valor" value="1" />
      <Trait id="Honor" value="1" />
      <Trait id="Calculating" value="-1" />
      <Trait id="Commander" value="6" />
      <Trait id="BalancedFightingSkills" value="5" />
    </Traits>
    <Equipments>
      <EquipmentSet id="spc_company_of_the_boar_leader_3" />
      <EquipmentSet id="spc_company_of_the_boar_leader_3" civilian="true" />
    </Equipments>
  </NPCCharacter>
  <!-- npc characters for outlaw minor factions (8) -->
  <!-- wolfskins -->
  <NPCCharacter id="spc_wolfskins_leader_0" name="{=KkStFl12}of the Wolfskins" voice="ironic" is_template="true" default_group="Infantry" is_hero="false" culture="Culture.battania" occupation="Lord">
    <face>
      <face_key_template value="BodyProperty.cla_fighter_celt" />
      <hair_tags>
        <hair_tag name="Ponytail" />
        <hair_tag name="LongAndBushy" />
        <hair_tag name="TiedAcrossBack" />
        <hair_tag name="SlickedLong" />
        <hair_tag name="PartedAndCombedBack" />
        <hair_tag name="Tousled" />
        <hair_tag name="Short" />
        <hair_tag name="HighPonytail" />
        <hair_tag name="ShortAndThin" />
        <hair_tag name="SlickedShort" />
        <hair_tag name="Bandit Hair 1" />
        <hair_tag name="Bandit Hair 2" />
        <hair_tag name="Bandit Hair 3" />
      </hair_tags>
      <beard_tags>
        <beard_tag name="MustacheAndPatch" />
        <beard_tag name="MediumMustache" />
        <beard_tag name="LightGoatee" />
        <beard_tag name="BushyGoatee" />
        <beard_tag name="DroopingMustacheAndBeard" />
        <beard_tag name="TiedBeardShavenCheeks" />
        <beard_tag name="WaxedMustache" />
        <beard_tag name="DroopyMustache" />
        <beard_tag name="WaxedBeardWithShavedCheeks" />
        <beard_tag name="BeardWithShavedCheeks" />
        <beard_tag name="HeavyShortBeard" />
        <beard_tag name="PointedShortBeard" />
        <beard_tag name="LongBeard" />
        <beard_tag name="HeavyLongBeard" />
        <beard_tag name="LongScragglyBeard" />
        <beard_tag name="cla_CeltMustache" />
        <beard_tag name="cla_HangingMustache" />
        <beard_tag name="cla_CurlyBeard" />
        <beard_tag name="cla_CurlyBeard_2" />
        <beard_tag name="cla_TrimmedGoatee" />
        <beard_tag name="cla_ShortMustache" />
        <beard_tag name="cla_VikingBeard" />
      </beard_tags>
    </face>
    <!--<Hero id="spc_wolfskins_leader_0" faction="Faction.wolfskins" clan="Clan.wolfskins"/>-->
    <skills></skills>
    <Traits>
      <Trait id="Valor" value="1" />
      <Trait id="Mercy" value="-1" />
      <Trait id="Calculating" value="-1" />
      <Trait id="Commander" value="6" />
      <Trait id="BalancedFightingSkills" value="8" />
    </Traits>
    <Equipments>
      <EquipmentSet id="spc_wolfskins_leader_0" />
      <EquipmentSet id="spc_wolfskins_leader_0" civilian="true" />
    </Equipments>
  </NPCCharacter>
  <NPCCharacter id="spc_wolfskins_leader_1" name="{=KkStFl12}of the Wolfskins" voice="softspoken" is_template="true" default_group="Infantry" is_hero="false" culture="Culture.battania" occupation="Lord">
    <face>
      <face_key_template value="BodyProperty.cla_fighter_celt" />
      <hair_tags>
        <hair_tag name="Ponytail" />
        <hair_tag name="LongAndBushy" />
        <hair_tag name="TiedAcrossBack" />
        <hair_tag name="SlickedLong" />
        <hair_tag name="PartedAndCombedBack" />
        <hair_tag name="Tousled" />
        <hair_tag name="Short" />
        <hair_tag name="HighPonytail" />
        <hair_tag name="ShortAndThin" />
        <hair_tag name="SlickedShort" />
        <hair_tag name="Bandit Hair 1" />
        <hair_tag name="Bandit Hair 2" />
        <hair_tag name="Bandit Hair 3" />
      </hair_tags>
      <beard_tags>
        <beard_tag name="MustacheAndPatch" />
        <beard_tag name="MediumMustache" />
        <beard_tag name="LightGoatee" />
        <beard_tag name="BushyGoatee" />
        <beard_tag name="DroopingMustacheAndBeard" />
        <beard_tag name="TiedBeardShavenCheeks" />
        <beard_tag name="WaxedMustache" />
        <beard_tag name="DroopyMustache" />
        <beard_tag name="WaxedBeardWithShavedCheeks" />
        <beard_tag name="BeardWithShavedCheeks" />
        <beard_tag name="HeavyShortBeard" />
        <beard_tag name="PointedShortBeard" />
        <beard_tag name="LongBeard" />
        <beard_tag name="HeavyLongBeard" />
        <beard_tag name="LongScragglyBeard" />
        <beard_tag name="cla_CeltMustache" />
        <beard_tag name="cla_HangingMustache" />
        <beard_tag name="cla_CurlyBeard" />
        <beard_tag name="cla_CurlyBeard_2" />
        <beard_tag name="cla_TrimmedGoatee" />
        <beard_tag name="cla_ShortMustache" />
        <beard_tag name="cla_VikingBeard" />
      </beard_tags>
    </face>
    <!--<Hero id="spc_wolfskins_leader_1" faction="Faction.wolfskins" clan="Clan.wolfskins"/>-->
    <skills></skills>
    <Traits>
      <Trait id="Calculating" value="1" />
      <Trait id="Commander" value="6" />
      <Trait id="BalancedFightingSkills" value="6" />
    </Traits>
    <Equipments>
      <EquipmentSet id="spc_wolfskins_leader_1" />
      <EquipmentSet id="spc_wolfskins_leader_1" civilian="true" />
    </Equipments>
  </NPCCharacter>
  <NPCCharacter id="spc_wolfskins_leader_2" name="{=KkStFl12}of the Wolfskins" voice="softspoken" is_template="true" default_group="Infantry" is_hero="false" culture="Culture.battania" occupation="Lord">
    <face>
      <face_key_template value="BodyProperty.cla_fighter_celt" />
      <hair_tags>
        <hair_tag name="Ponytail" />
        <hair_tag name="LongAndBushy" />
        <hair_tag name="TiedAcrossBack" />
        <hair_tag name="SlickedLong" />
        <hair_tag name="PartedAndCombedBack" />
        <hair_tag name="Tousled" />
        <hair_tag name="Short" />
        <hair_tag name="HighPonytail" />
        <hair_tag name="ShortAndThin" />
        <hair_tag name="SlickedShort" />
        <hair_tag name="Bandit Hair 1" />
        <hair_tag name="Bandit Hair 2" />
        <hair_tag name="Bandit Hair 3" />
      </hair_tags>
      <beard_tags>
        <beard_tag name="MustacheAndPatch" />
        <beard_tag name="MediumMustache" />
        <beard_tag name="LightGoatee" />
        <beard_tag name="BushyGoatee" />
        <beard_tag name="DroopingMustacheAndBeard" />
        <beard_tag name="TiedBeardShavenCheeks" />
        <beard_tag name="WaxedMustache" />
        <beard_tag name="DroopyMustache" />
        <beard_tag name="WaxedBeardWithShavedCheeks" />
        <beard_tag name="BeardWithShavedCheeks" />
        <beard_tag name="HeavyShortBeard" />
        <beard_tag name="PointedShortBeard" />
        <beard_tag name="LongBeard" />
        <beard_tag name="HeavyLongBeard" />
        <beard_tag name="LongScragglyBeard" />
        <beard_tag name="cla_CeltMustache" />
        <beard_tag name="cla_HangingMustache" />
        <beard_tag name="cla_CurlyBeard" />
        <beard_tag name="cla_CurlyBeard_2" />
        <beard_tag name="cla_TrimmedGoatee" />
        <beard_tag name="cla_ShortMustache" />
        <beard_tag name="cla_VikingBeard" />
      </beard_tags>
    </face>
    <!--<Hero id="spc_wolfskins_leader_2" faction="Faction.wolfskins" clan="Clan.wolfskins"/>-->
    <skills></skills>
    <Traits>
      <Trait id="Calculating" value="1" />
      <Trait id="Commander" value="6" />
      <Trait id="BalancedFightingSkills" value="6" />
    </Traits>
    <Equipments>
      <EquipmentSet id="spc_wolfskins_leader_2" />
      <EquipmentSet id="spc_wolfskins_leader_2" civilian="true" />
    </Equipments>
  </NPCCharacter>
  <NPCCharacter id="spc_wolfskins_leader_3" name="{=KkStFl12}of the Wolfskins" voice="softspoken" is_template="true" default_group="Infantry" is_hero="false" culture="Culture.battania" occupation="Lord">
    <face>
      <face_key_template value="BodyProperty.cla_fighter_celt" />
      <hair_tags>
        <hair_tag name="Ponytail" />
        <hair_tag name="LongAndBushy" />
        <hair_tag name="TiedAcrossBack" />
        <hair_tag name="SlickedLong" />
        <hair_tag name="PartedAndCombedBack" />
        <hair_tag name="Tousled" />
        <hair_tag name="Short" />
        <hair_tag name="HighPonytail" />
        <hair_tag name="ShortAndThin" />
        <hair_tag name="SlickedShort" />
        <hair_tag name="Bandit Hair 1" />
        <hair_tag name="Bandit Hair 2" />
        <hair_tag name="Bandit Hair 3" />
      </hair_tags>
      <beard_tags>
        <beard_tag name="MustacheAndPatch" />
        <beard_tag name="MediumMustache" />
        <beard_tag name="LightGoatee" />
        <beard_tag name="BushyGoatee" />
        <beard_tag name="DroopingMustacheAndBeard" />
        <beard_tag name="TiedBeardShavenCheeks" />
        <beard_tag name="WaxedMustache" />
        <beard_tag name="DroopyMustache" />
        <beard_tag name="WaxedBeardWithShavedCheeks" />
        <beard_tag name="BeardWithShavedCheeks" />
        <beard_tag name="HeavyShortBeard" />
        <beard_tag name="PointedShortBeard" />
        <beard_tag name="LongBeard" />
        <beard_tag name="HeavyLongBeard" />
        <beard_tag name="LongScragglyBeard" />
        <beard_tag name="cla_CeltMustache" />
        <beard_tag name="cla_HangingMustache" />
        <beard_tag name="cla_CurlyBeard" />
        <beard_tag name="cla_CurlyBeard_2" />
        <beard_tag name="cla_TrimmedGoatee" />
        <beard_tag name="cla_ShortMustache" />
        <beard_tag name="cla_VikingBeard" />
      </beard_tags>
    </face>
    <!--<Hero id="spc_wolfskins_leader_3" faction="Faction.wolfskins" clan="Clan.wolfskins"/>-->
    <skills></skills>
    <Traits>
      <Trait id="Calculating" value="1" />
      <Trait id="Commander" value="6" />
      <Trait id="BalancedFightingSkills" value="6" />
    </Traits>
    <Equipments>
      <EquipmentSet id="spc_wolfskins_leader_3" />
      <EquipmentSet id="spc_wolfskins_leader_3" civilian="true" />
    </Equipments>
  </NPCCharacter>
  <!-- beni zul/aserai -->
  <NPCCharacter id="spc_beni_zilal_leader_0" name="{=JL8RBEu3}of the Nahasi Separatists" voice="ironic" is_template="true" default_group="Infantry" is_hero="false" culture="Culture.aserai" occupation="Lord">
    <face>
      <face_key_template value="BodyProperty.cla_fighter_nahasi" />
    </face>
    <!--<Hero id="spc_beni_zilal_leader_0" faction="Faction.beni_zilal" clan="Clan.beni_zilal"/>-->
    <skills></skills>
    <Traits>
      <Trait id="Valor" value="1" />
      <Trait id="Mercy" value="-1" />
      <Trait id="Calculating" value="-1" />
      <Trait id="Commander" value="6" />
      <Trait id="BalancedFightingSkills" value="3" />
      <Trait id="KnightFightingSkills" value="5" />
    </Traits>
    <Equipments>
      <EquipmentSet id="spc_beni_zilal_leader_0" />
      <EquipmentSet id="spc_beni_zilal_leader_0" civilian="true" />
    </Equipments>
  </NPCCharacter>
  <NPCCharacter id="spc_beni_zilal_leader_1" name="{=JL8RBEu3}of the Nahasi Separatists" voice="softspoken" is_template="true" default_group="Infantry" is_hero="false" culture="Culture.aserai" occupation="Lord">
    <face>
      <face_key_template value="BodyProperty.cla_fighter_nahasi" />
    </face>
    <!--<Hero id="spc_beni_zilal_leader_1" faction="Faction.beni_zilal" clan="Clan.beni_zilal"/>-->
    <skills></skills>
    <Traits>
      <Trait id="Calculating" value="1" />
      <Trait id="Commander" value="6" />
      <Trait id="BalancedFightingSkills" value="2" />
      <Trait id="KnightFightingSkills" value="6" />
    </Traits>
    <Equipments>
      <EquipmentSet id="spc_beni_zilal_leader_1" />
      <EquipmentSet id="spc_beni_zilal_leader_1" civilian="true" />
    </Equipments>
  </NPCCharacter>
  <NPCCharacter id="spc_beni_zilal_leader_2" name="{=JL8RBEu3}of the Nahasi Separatists" voice="softspoken" is_template="true" default_group="Infantry" is_hero="false" culture="Culture.aserai" occupation="Lord">
    <face>
      <face_key_template value="BodyProperty.cla_fighter_nahasi" />
    </face>
    <!--<Hero id="spc_beni_zilal_leader_2" faction="Faction.beni_zilal" clan="Clan.beni_zilal"/>-->
    <skills></skills>
    <Traits>
      <Trait id="Calculating" value="1" />
      <Trait id="Commander" value="6" />
      <Trait id="BalancedFightingSkills" value="2" />
      <Trait id="KnightFightingSkills" value="6" />
    </Traits>
    <Equipments>
      <EquipmentSet id="spc_beni_zilal_leader_2" />
      <EquipmentSet id="spc_beni_zilal_leader_2" civilian="true" />
    </Equipments>
  </NPCCharacter>
  <NPCCharacter id="spc_beni_zilal_leader_3" name="{=JL8RBEu3}of the Nahasi Separatists" voice="softspoken" is_template="true" default_group="Infantry" is_hero="false" culture="Culture.aserai" occupation="Lord">
    <face>
      <face_key_template value="BodyProperty.cla_fighter_nahasi" />
    </face>
    <!-- <Hero id="spc_beni_zilal_leader_3" faction="Faction.beni_zilal" clan="Clan.beni_zilal" /> -->
    <skills></skills>
    <Traits>
      <Trait id="Calculating" value="1" />
      <Trait id="Commander" value="6" />
      <Trait id="BalancedFightingSkills" value="2" />
      <Trait id="KnightFightingSkills" value="6" />
    </Traits>
    <Equipments>
      <EquipmentSet id="spc_beni_zilal_leader_3" />
      <EquipmentSet id="spc_beni_zilal_leader_3" civilian="true" />
    </Equipments>
  </NPCCharacter>
  <!-- brotherhood of woods/vlandia -->
  <NPCCharacter id="spc_brotherhood_of_woods_leader_0" name="{=QGcgQDqK}of the Brotherhood" voice="softspoken" is_template="true" default_group="Infantry" is_hero="false" culture="Culture.vlandia" occupation="Lord">
    <face>
      <face_key_template value="BodyProperty.cla_fighter_dacia" />
    </face>
    <!--<Hero id="spc_brotherhood_of_woods_leader_0" faction="Faction.brotherhood_of_woods" clan="Clan.brotherhood_of_woods"/>-->
    <skills></skills>
    <Traits>
      <Trait id="Mercy" value="-1" />
      <Trait id="Generosity" value="1" />
      <Trait id="Calculating" value="1" />
      <Trait id="Commander" value="6" />
      <Trait id="BalancedFightingSkills" value="7" />
    </Traits>
    <Equipments>
      <EquipmentSet id="spc_brotherhood_of_woods_leader_0" />
      <EquipmentSet id="spc_brotherhood_of_woods_leader_0" civilian="true" />
    </Equipments>
  </NPCCharacter>
  <NPCCharacter id="spc_brotherhood_of_woods_leader_1" name="{=QGcgQDqK}of the Brotherhood" voice="softspoken" is_template="true" default_group="Infantry" is_hero="false" culture="Culture.vlandia" occupation="Lord">
    <face>
      <face_key_template value="BodyProperty.cla_fighter_dacia" />
    </face>
    <!--<Hero id="spc_brotherhood_of_woods_leader_1" faction="Faction.brotherhood_of_woods" clan="Clan.brotherhood_of_woods"/>-->
    <skills></skills>
    <Traits>
      <Trait id="Mercy" value="-1" />
      <Trait id="Generosity" value="1" />
      <Trait id="Calculating" value="1" />
      <Trait id="Commander" value="6" />
      <Trait id="BalancedFightingSkills" value="6" />
    </Traits>
    <Equipments>
      <EquipmentSet id="spc_brotherhood_of_woods_leader_1" />
      <EquipmentSet id="spc_brotherhood_of_woods_leader_1" civilian="true" />
    </Equipments>
  </NPCCharacter>
  <NPCCharacter id="spc_brotherhood_of_woods_leader_2" name="{=QGcgQDqK}of the Brotherhood" voice="softspoken" is_template="true" default_group="Infantry" is_hero="false" culture="Culture.vlandia" occupation="Lord">
    <face>
      <face_key_template value="BodyProperty.cla_fighter_dacia" />
    </face>
    <!--<Hero id="spc_brotherhood_of_woods_leader_2" faction="Faction.brotherhood_of_woods" clan="Clan.brotherhood_of_woods"/>-->
    <skills></skills>
    <Traits>
      <Trait id="Mercy" value="-1" />
      <Trait id="Generosity" value="1" />
      <Trait id="Calculating" value="1" />
      <Trait id="Commander" value="6" />
      <Trait id="BalancedFightingSkills" value="6" />
    </Traits>
    <Equipments>
      <EquipmentSet id="spc_brotherhood_of_woods_leader_2" />
      <EquipmentSet id="spc_brotherhood_of_woods_leader_2" civilian="true" />
    </Equipments>
  </NPCCharacter>
  <NPCCharacter id="spc_brotherhood_of_woods_leader_3" name="{=QGcgQDqK}of the Brotherhood" voice="softspoken" is_template="true" default_group="Infantry" is_hero="false" culture="Culture.vlandia" occupation="Lord">
    <face>
      <face_key_template value="BodyProperty.cla_fighter_dacia" />
    </face>
    <!--<Hero id="spc_brotherhood_of_woods_leader_3" faction="Faction.brotherhood_of_woods" clan="Clan.brotherhood_of_woods"/>-->
    <skills></skills>
    <Traits>
      <Trait id="Mercy" value="-1" />
      <Trait id="Generosity" value="1" />
      <Trait id="Calculating" value="1" />
      <Trait id="Commander" value="6" />
      <Trait id="BalancedFightingSkills" value="6" />
    </Traits>
    <Equipments>
      <EquipmentSet id="spc_brotherhood_of_woods_leader_3" />
      <EquipmentSet id="spc_brotherhood_of_woods_leader_3" civilian="true" />
    </Equipments>
  </NPCCharacter>
  <!-- water and the stone -->
  <NPCCharacter id="spc_chosen_of_the_sky_leader_0" name="{=jG3duO7A}of the Chosen" voice="softspoken" is_template="true" default_group="Infantry" is_hero="false" culture="Culture.khuzait" occupation="Lord">
    <face>
      <face_key_template value="BodyProperty.cla_fighter_scythia" />
    </face>
    <!--<Hero id="spc_chosen_of_the_sky_leader_0" faction="Faction.chosen_of_the_sky" clan="Clan.chosen_of_the_sky"/>-->
    <skills></skills>
    <Traits>
      <Trait id="Mercy" value="-1" />
      <Trait id="Generosity" value="1" />
      <Trait id="Calculating" value="1" />
      <Trait id="Commander" value="6" />
      <Trait id="KnightFightingSkills" value="7" />
    </Traits>
    <Equipments>
      <EquipmentSet id="khu_bat_template_medium" />
      <EquipmentSet id="npc_wanderer_equipment_template_khuzait" civilian="true" />
      <EquipmentSet id="spc_chosen_of_the_sky_leader_0" />
    </Equipments>
  </NPCCharacter>
  <NPCCharacter id="spc_chosen_of_the_sky_leader_1" name="{=jG3duO7A}of the Chosen" voice="softspoken" is_template="true" default_group="Infantry" is_hero="false" culture="Culture.khuzait" occupation="Lord">
    <face>
      <face_key_template value="BodyProperty.cla_fighter_scythia" />
      <hair_tags>
        <hair_tag name="Ponytail" />
        <hair_tag name="LongAndBushy" />
        <hair_tag name="TiedAcrossBack" />
        <hair_tag name="SlickedLong" />
        <hair_tag name="PartedAndCombedBack" />
        <hair_tag name="Tousled" />
        <hair_tag name="BraidedAndLong" />
        <hair_tag name="Short" />
        <hair_tag name="HighPonytail" />
        <hair_tag name="Mohawk" />
        <hair_tag name="Native Braids" />
        <hair_tag name="Bandit Hair 1" />
        <hair_tag name="Bandit Hair 2" />
        <hair_tag name="Bandit Hair 3" />
      </hair_tags>
      <beard_tags>
        <beard_tag name="Cleanshaven" />
        <beard_tag name="LightShortBeard" />
        <beard_tag name="HeavyShortBeard" />
        <beard_tag name="PointedShortBeard" />
        <beard_tag name="LongBeard" />
        <beard_tag name="HeavyLongBeard" />
        <beard_tag name="LongScragglyBeard" />
        <beard_tag name="LightShortBeard" />
        <beard_tag name="HeavyShortBeard" />
        <beard_tag name="PointedShortBeard" />
        <beard_tag name="LongBeard" />
        <beard_tag name="HeavyLongBeard" />
      </beard_tags>
    </face>
    <!--<Hero id="spc_chosen_of_the_sky_leader_1" faction="Faction.chosen_of_the_sky" clan="Clan.chosen_of_the_sky"/>-->
    <skills></skills>
    <Traits>
      <Trait id="Mercy" value="-1" />
      <Trait id="Generosity" value="1" />
      <Trait id="Calculating" value="1" />
      <Trait id="Commander" value="6" />
      <Trait id="BalancedFightingSkills" value="6" />
    </Traits>
    <Equipments>
      <EquipmentSet id="khu_bat_template_medium" />
      <EquipmentSet id="npc_wanderer_equipment_template_khuzait" civilian="true" />
      <EquipmentSet id="spc_chosen_of_the_sky_leader_1" />
    </Equipments>
  </NPCCharacter>
  <NPCCharacter id="spc_chosen_of_the_sky_leader_2" name="{=jG3duO7A}of the Chosen" voice="softspoken" is_template="true" default_group="Infantry" is_hero="false" culture="Culture.khuzait" occupation="Lord">
    <face>
      <face_key_template value="BodyProperty.cla_fighter_scythia" />
      <hair_tags>
        <hair_tag name="Ponytail" />
        <hair_tag name="LongAndBushy" />
        <hair_tag name="TiedAcrossBack" />
        <hair_tag name="SlickedLong" />
        <hair_tag name="PartedAndCombedBack" />
        <hair_tag name="Tousled" />
        <hair_tag name="BraidedAndLong" />
        <hair_tag name="Short" />
        <hair_tag name="HighPonytail" />
        <hair_tag name="Mohawk" />
        <hair_tag name="Native Braids" />
        <hair_tag name="Bandit Hair 1" />
        <hair_tag name="Bandit Hair 2" />
        <hair_tag name="Bandit Hair 3" />
      </hair_tags>
      <beard_tags>
        <beard_tag name="Cleanshaven" />
        <beard_tag name="LightShortBeard" />
        <beard_tag name="HeavyShortBeard" />
        <beard_tag name="PointedShortBeard" />
        <beard_tag name="LongBeard" />
        <beard_tag name="HeavyLongBeard" />
        <beard_tag name="LongScragglyBeard" />
        <beard_tag name="LightShortBeard" />
        <beard_tag name="HeavyShortBeard" />
        <beard_tag name="PointedShortBeard" />
        <beard_tag name="LongBeard" />
        <beard_tag name="HeavyLongBeard" />
      </beard_tags>
    </face>
    <!--<Hero id="spc_chosen_of_the_sky_leader_2" faction="Faction.chosen_of_the_sky" clan="Clan.chosen_of_the_sky"/>-->
    <skills></skills>
    <Traits>
      <Trait id="Mercy" value="-1" />
      <Trait id="Generosity" value="1" />
      <Trait id="Calculating" value="1" />
      <Trait id="Commander" value="6" />
      <Trait id="BalancedFightingSkills" value="6" />
    </Traits>
    <Equipments>
      <EquipmentSet id="khu_bat_template_medium" />
      <EquipmentSet id="npc_wanderer_equipment_template_khuzait" civilian="true" />
      <EquipmentSet id="spc_chosen_of_the_sky_leader_2" />
    </Equipments>
  </NPCCharacter>
  <NPCCharacter id="spc_chosen_of_the_sky_leader_3" name="{=jG3duO7A}of the Chosen" voice="softspoken" is_template="true" default_group="Infantry" is_hero="false" culture="Culture.khuzait" occupation="Lord">
    <face>
      <face_key_template value="BodyProperty.cla_fighter_scythia" />
      <hair_tags>
        <hair_tag name="Ponytail" />
        <hair_tag name="LongAndBushy" />
        <hair_tag name="TiedAcrossBack" />
        <hair_tag name="SlickedLong" />
        <hair_tag name="PartedAndCombedBack" />
        <hair_tag name="Tousled" />
        <hair_tag name="BraidedAndLong" />
        <hair_tag name="Short" />
        <hair_tag name="HighPonytail" />
        <hair_tag name="Mohawk" />
        <hair_tag name="Native Braids" />
        <hair_tag name="Bandit Hair 1" />
        <hair_tag name="Bandit Hair 2" />
        <hair_tag name="Bandit Hair 3" />
      </hair_tags>
      <beard_tags>
        <beard_tag name="Cleanshaven" />
        <beard_tag name="LightShortBeard" />
        <beard_tag name="HeavyShortBeard" />
        <beard_tag name="PointedShortBeard" />
        <beard_tag name="LongBeard" />
        <beard_tag name="HeavyLongBeard" />
        <beard_tag name="LongScragglyBeard" />
        <beard_tag name="LightShortBeard" />
        <beard_tag name="HeavyShortBeard" />
        <beard_tag name="PointedShortBeard" />
        <beard_tag name="LongBeard" />
        <beard_tag name="HeavyLongBeard" />
      </beard_tags>
    </face>
    <!--<Hero id="spc_chosen_of_the_sky_leader_3" faction="Faction.chosen_of_the_sky" clan="Clan.chosen_of_the_sky"/>-->
    <skills></skills>
    <Traits>
      <Trait id="Mercy" value="-1" />
      <Trait id="Generosity" value="1" />
      <Trait id="Calculating" value="1" />
      <Trait id="Commander" value="6" />
      <Trait id="BalancedFightingSkills" value="6" />
    </Traits>
    <Equipments>
      <EquipmentSet id="khu_bat_template_medium" />
      <EquipmentSet id="npc_wanderer_equipment_template_khuzait" civilian="true" />
      <EquipmentSet id="spc_chosen_of_the_sky_leader_3" />
    </Equipments>
  </NPCCharacter>
  <!-- lakepike/sturgia -->
  <NPCCharacter id="spc_lakepike_leader_0" name="{=FceN76tW}of the Lake Rats" voice="softspoken" is_template="true" default_group="Infantry" is_hero="false" culture="Culture.sturgia" occupation="Lord">
    <face>
      <face_key_template value="BodyProperty.cla_fighter_germanic" />
    </face>
    <!--<Hero id="spc_lakepike_leader_0" faction="Faction.lakepike" clan="Clan.lakepike"/>-->
    <skills></skills>
    <Traits>
      <Trait id="Mercy" value="-1" />
      <Trait id="Generosity" value="1" />
      <Trait id="Calculating" value="1" />
      <Trait id="Commander" value="6" />
      <Trait id="BalancedFightingSkills" value="6" />
      <Trait id="KnightFightingSkills" value="2" />
    </Traits>
    <Equipments>
      <EquipmentSet id="spc_lakepike_leader_0" />
      <EquipmentSet id="spc_lakepike_leader_0" civilian="true" />
    </Equipments>
  </NPCCharacter>
  <NPCCharacter id="spc_lakepike_leader_1" name="{=FceN76tW}of the Lake Rats" voice="softspoken" is_template="true" default_group="Infantry" is_hero="false" culture="Culture.sturgia" occupation="Lord">
    <face>
      <face_key_template value="BodyProperty.cla_fighter_germanic" />
    </face>
    <!--<Hero id="spc_lakepike_leader_1" faction="Faction.lakepike" clan="Clan.lakepike"/>-->
    <skills></skills>
    <Traits>
      <Trait id="Mercy" value="-1" />
      <Trait id="Generosity" value="1" />
      <Trait id="Calculating" value="1" />
      <Trait id="Commander" value="6" />
      <Trait id="PeltastFightingSkills" value="5" />
    </Traits>
    <Equipments>
      <EquipmentSet id="spc_lakepike_leader_1" />
      <EquipmentSet id="spc_lakepike_leader_1" civilian="true" />
    </Equipments>
  </NPCCharacter>
  <NPCCharacter id="spc_lakepike_leader_2" name="{=FceN76tW}of the Lake Rats" voice="softspoken" is_template="true" default_group="Infantry" is_hero="false" culture="Culture.sturgia" occupation="Lord">
    <face>
      <face_key_template value="BodyProperty.cla_fighter_germanic" />
    </face>
    <!--<Hero id="spc_lakepike_leader_2" faction="Faction.lakepike" clan="Clan.lakepike"/>-->
    <skills></skills>
    <Traits>
      <Trait id="Mercy" value="-1" />
      <Trait id="Generosity" value="1" />
      <Trait id="Calculating" value="1" />
      <Trait id="Commander" value="6" />
      <Trait id="PeltastFightingSkills" value="5" />
    </Traits>
    <Equipments>
      <EquipmentSet id="spc_lakepike_leader_2" />
      <EquipmentSet id="spc_lakepike_leader_2" civilian="true" />
    </Equipments>
  </NPCCharacter>
  <NPCCharacter id="spc_lakepike_leader_3" name="{=FceN76tW}of the Lake Rats" voice="softspoken" is_template="true" default_group="Infantry" is_hero="false" culture="Culture.sturgia" occupation="Lord">
    <face>
      <face_key_template value="BodyProperty.cla_fighter_germanic" />
    </face>
    <!--<Hero id="spc_lakepike_leader_3" faction="Faction.lakepike" clan="Clan.lakepike"/>-->
    <skills></skills>
    <Traits>
      <Trait id="Mercy" value="-1" />
      <Trait id="Generosity" value="1" />
      <Trait id="Calculating" value="1" />
      <Trait id="Commander" value="6" />
      <Trait id="PeltastFightingSkills" value="5" />
    </Traits>
    <Equipments>
      <EquipmentSet id="spc_lakepike_leader_3" />
      <EquipmentSet id="spc_lakepike_leader_3" civilian="true" />
    </Equipments>
  </NPCCharacter>
  <!-- hidden ones -->
  <NPCCharacter id="spc_hidden_hand_leader_0" name="{=azCSz9QH}of the Praetorian Traitors" voice="softspoken" is_template="true" default_group="Infantry" is_hero="false" culture="Culture.empire" occupation="Lord">
    <face>
      <face_key_template value="BodyProperty.cla_rome_legionary_experienced" />
    </face>
    <!--<Hero id="spc_hidden_hand_leader_0" faction="Faction.hidden_hand" clan="Clan.hidden_hand"/>-->
    <skills></skills>
    <Traits>
      <Trait id="Mercy" value="-1" />
      <Trait id="Generosity" value="1" />
      <Trait id="Calculating" value="1" />
      <Trait id="Commander" value="6" />
      <Trait id="BalancedFightingSkills" value="5" />
      <Trait id="KnightFightingSkills" value="3" />
    </Traits>
    <Equipments>
      <EquipmentSet id="spc_hidden_hand_leader_0" />
      <EquipmentSet id="spc_hidden_hand_leader_0" civilian="true" />
    </Equipments>
  </NPCCharacter>
  <NPCCharacter id="spc_hidden_hand_leader_1" name="{=azCSz9QH}of the Praetorian Traitors" voice="softspoken" is_template="true" default_group="Infantry" is_hero="false" culture="Culture.empire" occupation="Lord">
    <face>
      <face_key_template value="BodyProperty.cla_rome_legionary_experienced" />
    </face>
    <!--<Hero id="spc_hidden_hand_leader_1" faction="Faction.hidden_hand" clan="Clan.hidden_hand"/>-->
    <skills></skills>
    <Traits>
      <Trait id="Mercy" value="-1" />
      <Trait id="Generosity" value="1" />
      <Trait id="Calculating" value="1" />
      <Trait id="Commander" value="6" />
      <Trait id="BalancedFightingSkills" value="4" />
      <Trait id="KnightFightingSkills" value="2" />
    </Traits>
    <Equipments>
      <EquipmentSet id="spc_hidden_hand_leader_1" />
      <EquipmentSet id="spc_hidden_hand_leader_1" civilian="true" />
    </Equipments>
  </NPCCharacter>
  <NPCCharacter id="spc_hidden_hand_leader_2" name="{=azCSz9QH}of the Praetorian Traitors" voice="softspoken" is_template="true" default_group="Infantry" is_hero="false" culture="Culture.empire" occupation="Lord">
    <face>
      <face_key_template value="BodyProperty.cla_rome_legionary_experienced" />
    </face>
    <!--<Hero id="spc_hidden_hand_leader_2" faction="Faction.hidden_hand" clan="Clan.hidden_hand"/>-->
    <skills></skills>
    <Traits>
      <Trait id="Mercy" value="-1" />
      <Trait id="Generosity" value="1" />
      <Trait id="Calculating" value="1" />
      <Trait id="Commander" value="6" />
      <Trait id="BalancedFightingSkills" value="4" />
      <Trait id="KnightFightingSkills" value="2" />
    </Traits>
    <Equipments>
      <EquipmentSet id="spc_hidden_hand_leader_2" />
      <EquipmentSet id="spc_hidden_hand_leader_2" civilian="true" />
    </Equipments>
  </NPCCharacter>
  <NPCCharacter id="spc_hidden_hand_leader_3" name="{=azCSz9QH}of the Praetorian Traitors" voice="softspoken" is_template="true" default_group="Infantry" is_hero="false" culture="Culture.empire" occupation="Lord">
    <face>
      <face_key_template value="BodyProperty.cla_rome_legionary_experienced" />
    </face>
    <!--<Hero id="spc_hidden_hand_leader_3" faction="Faction.hidden_hand" clan="Clan.hidden_hand"/>-->
    <skills></skills>
    <Traits>
      <Trait id="Mercy" value="-1" />
      <Trait id="Generosity" value="1" />
      <Trait id="Calculating" value="1" />
      <Trait id="Commander" value="6" />
      <Trait id="BalancedFightingSkills" value="4" />
      <Trait id="KnightFightingSkills" value="2" />
    </Traits>
    <Equipments>
      <EquipmentSet id="spc_hidden_hand_leader_3" />
      <EquipmentSet id="spc_hidden_hand_leader_3" civilian="true" />
    </Equipments>
  </NPCCharacter>
  <!-- vow keepers -->
  <NPCCharacter id="spc_embers_of_flame_leader_0" name="{=mcbREzPt}of the Palaic Separatists" voice="softspoken" is_template="true" default_group="Infantry" is_hero="false" culture="Culture.empire" occupation="Lord">
    <face>
      <face_key_template value="BodyProperty.cla_rome_auxiliary" />
    </face>
    <!--<Hero id="spc_embers_of_flame_leader_0" faction="Faction.embers_of_flame" clan="Clan.embers_of_flame"/>-->
    <skills></skills>
    <Traits>
      <Trait id="Mercy" value="-1" />
      <Trait id="Generosity" value="1" />
      <Trait id="Calculating" value="1" />
      <Trait id="Commander" value="6" />
      <Trait id="BalancedFightingSkills" value="5" />
      <Trait id="KnightFightingSkills" value="3" />
    </Traits>
    <Equipments>
      <EquipmentSet id="spc_embers_of_flame_leader_0" />
      <EquipmentSet id="spc_embers_of_flame_leader_0" civilian="true" />
    </Equipments>
  </NPCCharacter>
  <NPCCharacter id="spc_embers_of_flame_leader_1" name="{=mcbREzPt}of the Palaic Separatists" voice="softspoken" is_template="true" default_group="Infantry" is_hero="false" culture="Culture.empire" occupation="Lord">
    <face>
      <face_key_template value="BodyProperty.cla_rome_auxiliary" />
    </face>
    <!--<Hero id="spc_embers_of_flame_leader_1" faction="Faction.embers_of_flame" clan="Clan.embers_of_flame"/>-->
    <skills></skills>
    <Traits>
      <Trait id="Mercy" value="-1" />
      <Trait id="Generosity" value="1" />
      <Trait id="Calculating" value="1" />
      <Trait id="Commander" value="6" />
      <Trait id="BalancedFightingSkills" value="4" />
      <Trait id="KnightFightingSkills" value="2" />
    </Traits>
    <Equipments>
      <EquipmentSet id="spc_embers_of_flame_leader_1" />
      <EquipmentSet id="spc_embers_of_flame_leader_1" civilian="true" />
    </Equipments>
  </NPCCharacter>
  <NPCCharacter id="spc_embers_of_flame_leader_2" name="{=mcbREzPt}of the Palaic Separatists" voice="softspoken" is_template="true" default_group="Infantry" is_hero="false" culture="Culture.empire" occupation="Lord">
    <face>
      <face_key_template value="BodyProperty.cla_rome_auxiliary" />
    </face>
    <!--<Hero id="spc_embers_of_flame_leader_2" faction="Faction.embers_of_flame" clan="Clan.embers_of_flame"/>-->
    <skills></skills>
    <Traits>
      <Trait id="Mercy" value="-1" />
      <Trait id="Generosity" value="1" />
      <Trait id="Calculating" value="1" />
      <Trait id="Commander" value="6" />
      <Trait id="BalancedFightingSkills" value="4" />
      <Trait id="KnightFightingSkills" value="2" />
    </Traits>
    <Equipments>
      <EquipmentSet id="spc_embers_of_flame_leader_2" />
      <EquipmentSet id="spc_embers_of_flame_leader_2" civilian="true" />
    </Equipments>
  </NPCCharacter>
  <NPCCharacter id="spc_embers_of_flame_leader_3" name="{=mcbREzPt}of the Palaic Separatists" voice="softspoken" is_template="true" default_group="Infantry" is_hero="false" culture="Culture.empire" occupation="Lord">
    <face>
      <face_key_template value="BodyProperty.cla_rome_auxiliary" />
    </face>
    <!--<Hero id="spc_embers_of_flame_leader_3" faction="Faction.embers_of_flame" clan="Clan.embers_of_flame"/>-->
    <skills></skills>
    <Traits>
      <Trait id="Mercy" value="-1" />
      <Trait id="Generosity" value="1" />
      <Trait id="Calculating" value="1" />
      <Trait id="Commander" value="6" />
      <Trait id="BalancedFightingSkills" value="4" />
      <Trait id="KnightFightingSkills" value="2" />
    </Traits>
    <Equipments>
      <EquipmentSet id="spc_embers_of_flame_leader_3" />
      <EquipmentSet id="spc_embers_of_flame_leader_3" civilian="true" />
    </Equipments>
  </NPCCharacter>
  <!-- npc characters for nomad minor factions (4) -->
  <!-- jawwal -->
  <NPCCharacter id="spc_jawwal_leader_0" name="{=cP1o8eUs}of the Gawwali" voice="curt" is_template="true" default_group="Infantry" is_hero="false" culture="Culture.aserai" occupation="Lord">
    <face>
      <face_key_template value="BodyProperty.cla_fighter_jawwal" />
    </face>
    <!--<Hero id="spc_jawwal_leader_0" faction="Faction.jawwal" clan="Clan.jawwal"/>-->
    <skills></skills>
    <Traits>
      <Trait id="Honor" value="1" />
      <Trait id="Valor" value="1" />
      <Trait id="Mercy" value="-1" />
      <Trait id="Generosity" value="-1" />
      <Trait id="Calculating" value="-1" />
      <Trait id="Commander" value="6" />
      <Trait id="BalancedFightingSkills" value="3" />
      <Trait id="KnightFightingSkills" value="5" />
    </Traits>
    <Equipments>
      <EquipmentSet id="spc_jawwal_leader_0" />
      <EquipmentSet id="spc_jawwal_leader_0" civilian="true" />
    </Equipments>
  </NPCCharacter>
  <NPCCharacter id="spc_jawwal_leader_1" name="{=cP1o8eUs}of the Gawwali" voice="softspoken" is_template="true" default_group="Infantry" is_hero="false" culture="Culture.aserai" occupation="Lord">
    <face>
      <face_key_template value="BodyProperty.cla_fighter_jawwal" />
    </face>
    <!--<Hero id="spc_jawwal_leader_1" faction="Faction.jawwal" clan="Clan.jawwal"/>-->
    <skills></skills>
    <Traits>
      <Trait id="Calculating" value="1" />
      <Trait id="Commander" value="6" />
      <Trait id="BalancedFightingSkills" value="2" />
      <Trait id="KnightFightingSkills" value="4" />
    </Traits>
    <Equipments>
      <EquipmentSet id="spc_jawwal_leader_1" />
      <EquipmentSet id="spc_jawwal_leader_1" civilian="true" />
    </Equipments>
  </NPCCharacter>
  <NPCCharacter id="spc_jawwal_leader_2" name="{=cP1o8eUs}of the Gawwali" voice="softspoken" is_template="true" default_group="Infantry" is_hero="false" culture="Culture.aserai" occupation="Lord">
    <face>
      <face_key_template value="BodyProperty.cla_fighter_jawwal" />
    </face>
    <!--<Hero id="spc_jawwal_leader_2" faction="Faction.jawwal" clan="Clan.jawwal"/>-->
    <skills></skills>
    <Traits>
      <Trait id="Calculating" value="1" />
      <Trait id="Commander" value="6" />
      <Trait id="BalancedFightingSkills" value="2" />
      <Trait id="KnightFightingSkills" value="4" />
    </Traits>
    <Equipments>
      <EquipmentSet id="spc_jawwal_leader_2" />
      <EquipmentSet id="spc_jawwal_leader_2" civilian="true" />
    </Equipments>
  </NPCCharacter>
  <NPCCharacter id="spc_jawwal_leader_3" name="{=cP1o8eUs}of the Gawwali" voice="softspoken" is_template="true" default_group="Infantry" is_hero="false" culture="Culture.aserai" occupation="Lord">
    <face>
      <face_key_template value="BodyProperty.cla_fighter_jawwal" />
    </face>
    <!--<Hero id="spc_jawwal_leader_3" faction="Faction.jawwal" clan="Clan.jawwal"/>-->
    <skills></skills>
    <Traits>
      <Trait id="Calculating" value="1" />
      <Trait id="Commander" value="6" />
      <Trait id="BalancedFightingSkills" value="2" />
      <Trait id="KnightFightingSkills" value="4" />
    </Traits>
    <Equipments>
      <EquipmentSet id="spc_jawwal_leader_3" />
      <EquipmentSet id="spc_jawwal_leader_3" civilian="true" />
    </Equipments>
  </NPCCharacter>
  <!-- karakhuzaits -->
  <NPCCharacter id="spc_karakhuzaits_leader_0" name="{=bpw8fOs5}of the Scyth Mercenaries" voice="curt" is_template="true" default_group="Infantry" is_hero="false" culture="Culture.khuzait" occupation="Lord">
    <face>
      <face_key_template value="BodyProperty.cla_fighter_scythia" />
      <hair_tags>
        <hair_tag name="Ponytail" />
        <hair_tag name="LongAndBushy" />
        <hair_tag name="TiedAcrossBack" />
        <hair_tag name="SlickedLong" />
        <hair_tag name="PartedAndCombedBack" />
        <hair_tag name="Tousled" />
        <hair_tag name="BraidedAndLong" />
        <hair_tag name="Short" />
        <hair_tag name="HighPonytail" />
        <hair_tag name="Mohawk" />
        <hair_tag name="Native Braids" />
        <hair_tag name="Bandit Hair 1" />
        <hair_tag name="Bandit Hair 2" />
        <hair_tag name="Bandit Hair 3" />
      </hair_tags>
      <beard_tags>
        <beard_tag name="Cleanshaven" />
        <beard_tag name="LightShortBeard" />
        <beard_tag name="HeavyShortBeard" />
        <beard_tag name="PointedShortBeard" />
        <beard_tag name="LongBeard" />
        <beard_tag name="HeavyLongBeard" />
        <beard_tag name="LongScragglyBeard" />
        <beard_tag name="LightShortBeard" />
        <beard_tag name="HeavyShortBeard" />
        <beard_tag name="PointedShortBeard" />
        <beard_tag name="LongBeard" />
        <beard_tag name="HeavyLongBeard" />
      </beard_tags>
    </face>
    <!--<Hero id="spc_karakhuzaits_leader_0" faction="Faction.karakhuzaits" clan="Clan.karakhuzaits"/>-->
    <skills></skills>
    <Traits>
      <Trait id="Honor" value="1" />
      <Trait id="Valor" value="1" />
      <Trait id="Calculating" value="-1" />
      <Trait id="Commander" value="6" />
      <Trait id="HorseArcherFightingSkills" value="7" />
    </Traits>
    <Equipments>
      <EquipmentSet id="khu_bat_template_medium" />
      <EquipmentSet id="npc_wanderer_equipment_template_khuzait" civilian="true" />
      <EquipmentSet id="spc_karakhuzaits_leader_0" />
    </Equipments>
  </NPCCharacter>
  <NPCCharacter id="spc_karakhuzaits_leader_1" name="{=bpw8fOs5}of the Scyth Mercenaries" voice="softspoken" is_template="true" default_group="Infantry" is_hero="false" culture="Culture.khuzait" occupation="Lord">
    <face>
      <face_key_template value="BodyProperty.cla_fighter_scythia" />
      <hair_tags>
        <hair_tag name="Ponytail" />
        <hair_tag name="LongAndBushy" />
        <hair_tag name="TiedAcrossBack" />
        <hair_tag name="SlickedLong" />
        <hair_tag name="PartedAndCombedBack" />
        <hair_tag name="Tousled" />
        <hair_tag name="BraidedAndLong" />
        <hair_tag name="Short" />
        <hair_tag name="HighPonytail" />
        <hair_tag name="Mohawk" />
        <hair_tag name="Native Braids" />
        <hair_tag name="Bandit Hair 1" />
        <hair_tag name="Bandit Hair 2" />
        <hair_tag name="Bandit Hair 3" />
      </hair_tags>
      <beard_tags>
        <beard_tag name="Cleanshaven" />
        <beard_tag name="LightShortBeard" />
        <beard_tag name="HeavyShortBeard" />
        <beard_tag name="PointedShortBeard" />
        <beard_tag name="LongBeard" />
        <beard_tag name="HeavyLongBeard" />
        <beard_tag name="LongScragglyBeard" />
        <beard_tag name="LightShortBeard" />
        <beard_tag name="HeavyShortBeard" />
        <beard_tag name="PointedShortBeard" />
        <beard_tag name="LongBeard" />
        <beard_tag name="HeavyLongBeard" />
      </beard_tags>
    </face>
    <!--<Hero id="spc_karakhuzaits_leader_1" faction="Faction.karakhuzaits" clan="Clan.karakhuzaits"/>-->
    <skills></skills>
    <Traits>
      <Trait id="Mercy" value="-1" />
      <Trait id="Generosity" value="1" />
      <Trait id="Calculating" value="1" />
      <Trait id="Commander" value="6" />
      <Trait id="KnightFightingSkills" value="6" />
    </Traits>
    <Equipments>
      <EquipmentSet id="khu_bat_template_medium" />
      <EquipmentSet id="npc_wanderer_equipment_template_khuzait" civilian="true" />
      <EquipmentSet id="spc_karakhuzaits_leader_1" />
    </Equipments>
  </NPCCharacter>
  <NPCCharacter id="spc_karakhuzaits_leader_2" name="{=bpw8fOs5}of the Scyth Mercenaries" voice="softspoken" is_template="true" default_group="Infantry" is_hero="false" culture="Culture.khuzait" occupation="Lord">
    <face>
      <face_key_template value="BodyProperty.cla_fighter_scythia" />
      <hair_tags>
        <hair_tag name="Ponytail" />
        <hair_tag name="LongAndBushy" />
        <hair_tag name="TiedAcrossBack" />
        <hair_tag name="SlickedLong" />
        <hair_tag name="PartedAndCombedBack" />
        <hair_tag name="Tousled" />
        <hair_tag name="BraidedAndLong" />
        <hair_tag name="Short" />
        <hair_tag name="HighPonytail" />
        <hair_tag name="Mohawk" />
        <hair_tag name="Native Braids" />
        <hair_tag name="Bandit Hair 1" />
        <hair_tag name="Bandit Hair 2" />
        <hair_tag name="Bandit Hair 3" />
      </hair_tags>
      <beard_tags>
        <beard_tag name="Cleanshaven" />
        <beard_tag name="LightShortBeard" />
        <beard_tag name="HeavyShortBeard" />
        <beard_tag name="PointedShortBeard" />
        <beard_tag name="LongBeard" />
        <beard_tag name="HeavyLongBeard" />
        <beard_tag name="LongScragglyBeard" />
        <beard_tag name="LightShortBeard" />
        <beard_tag name="HeavyShortBeard" />
        <beard_tag name="PointedShortBeard" />
        <beard_tag name="LongBeard" />
        <beard_tag name="HeavyLongBeard" />
      </beard_tags>
    </face>
    <!--<Hero id="spc_karakhuzaits_leader_2" faction="Faction.karakhuzaits" clan="Clan.karakhuzaits"/>-->
    <skills></skills>
    <Traits>
      <Trait id="Mercy" value="-1" />
      <Trait id="Generosity" value="1" />
      <Trait id="Calculating" value="1" />
      <Trait id="Commander" value="6" />
      <Trait id="KnightFightingSkills" value="6" />
    </Traits>
    <Equipments>
      <EquipmentSet id="khu_bat_template_medium" />
      <EquipmentSet id="npc_wanderer_equipment_template_khuzait" civilian="true" />
      <EquipmentSet id="spc_karakhuzaits_leader_2" />
    </Equipments>
  </NPCCharacter>
  <NPCCharacter id="spc_karakhuzaits_leader_3" name="{=bpw8fOs5}of the Scyth Mercenaries" voice="softspoken" is_template="true" default_group="Infantry" is_hero="false" culture="Culture.khuzait" occupation="Lord">
    <face>
      <face_key_template value="BodyProperty.cla_fighter_scythia" />
      <hair_tags>
        <hair_tag name="Ponytail" />
        <hair_tag name="LongAndBushy" />
        <hair_tag name="TiedAcrossBack" />
        <hair_tag name="SlickedLong" />
        <hair_tag name="PartedAndCombedBack" />
        <hair_tag name="Tousled" />
        <hair_tag name="BraidedAndLong" />
        <hair_tag name="Short" />
        <hair_tag name="HighPonytail" />
        <hair_tag name="Mohawk" />
        <hair_tag name="Native Braids" />
        <hair_tag name="Bandit Hair 1" />
        <hair_tag name="Bandit Hair 2" />
        <hair_tag name="Bandit Hair 3" />
      </hair_tags>
      <beard_tags>
        <beard_tag name="Cleanshaven" />
        <beard_tag name="LightShortBeard" />
        <beard_tag name="HeavyShortBeard" />
        <beard_tag name="PointedShortBeard" />
        <beard_tag name="LongBeard" />
        <beard_tag name="HeavyLongBeard" />
        <beard_tag name="LongScragglyBeard" />
        <beard_tag name="LightShortBeard" />
        <beard_tag name="HeavyShortBeard" />
        <beard_tag name="PointedShortBeard" />
        <beard_tag name="LongBeard" />
        <beard_tag name="HeavyLongBeard" />
      </beard_tags>
    </face>
    <!--<Hero id="spc_karakhuzaits_leader_3" faction="Faction.karakhuzaits" clan="Clan.karakhuzaits"/>-->
    <skills></skills>
    <Traits>
      <Trait id="Mercy" value="-1" />
      <Trait id="Generosity" value="1" />
      <Trait id="Calculating" value="1" />
      <Trait id="Commander" value="6" />
      <Trait id="KnightFightingSkills" value="6" />
    </Traits>
    <Equipments>
      <EquipmentSet id="khu_bat_template_medium" />
      <EquipmentSet id="npc_wanderer_equipment_template_khuzait" civilian="true" />
      <EquipmentSet id="spc_karakhuzaits_leader_3" />
    </Equipments>
  </NPCCharacter>
  <!-- forest people/sturgia -->
  <NPCCharacter id="spc_forest_people_leader_0" name="{=jKAhAoVb}of the Forest People" voice="ironic" is_template="true" default_group="Infantry" is_hero="false" culture="Culture.sturgia" occupation="Lord">
    <face>
      <face_key_template value="BodyProperty.cla_fighter_germanic" />
    </face>
    <!--<Hero id="spc_forest_people_leader_0" faction="Faction.forest_people" clan="Clan.forest_people"/>-->
    <skills></skills>
    <Traits>
      <Trait id="Valor" value="1" />
      <Trait id="Mercy" value="-1" />
      <Trait id="Calculating" value="-1" />
      <Trait id="Commander" value="6" />
      <Trait id="ArcherFIghtingSkills" value="7" />
    </Traits>
    <Equipments>
      <EquipmentSet id="spc_forest_people_leader_0" />
      <EquipmentSet id="spc_forest_people_leader_0" civilian="true" />
    </Equipments>
  </NPCCharacter>
  <NPCCharacter id="spc_forest_people_leader_1" name="{=jKAhAoVb}of the Forest People" voice="softspoken" is_template="true" default_group="Infantry" is_hero="false" culture="Culture.sturgia" occupation="Lord">
    <face>
      <face_key_template value="BodyProperty.cla_fighter_germanic" />
    </face>
    <!--<Hero id="spc_forest_people_leader_1" faction="Faction.forest_people" clan="Clan.forest_people"/>-->
    <skills></skills>
    <Traits>
      <Trait id="Calculating" value="1" />
      <Trait id="Commander" value="6" />
      <Trait id="ArcherFIghtingSkills" value="5" />
    </Traits>
    <Equipments>
      <EquipmentSet id="spc_forest_people_leader_1" />
      <EquipmentSet id="spc_forest_people_leader_1" civilian="true" />
    </Equipments>
  </NPCCharacter>
  <NPCCharacter id="spc_forest_people_leader_2" name="{=jKAhAoVb}of the Forest People" voice="softspoken" is_template="true" default_group="Infantry" is_hero="false" culture="Culture.sturgia" occupation="Lord">
    <face>
      <face_key_template value="BodyProperty.cla_fighter_germanic" />
    </face>
    <!--<Hero id="spc_forest_people_leader_2" faction="Faction.forest_people" clan="Clan.forest_people"/>-->
    <skills></skills>
    <Traits>
      <Trait id="Calculating" value="1" />
      <Trait id="Commander" value="6" />
      <Trait id="ArcherFIghtingSkills" value="5" />
    </Traits>
    <Equipments>
      <EquipmentSet id="spc_forest_people_leader_2" />
      <EquipmentSet id="spc_forest_people_leader_2" civilian="true" />
    </Equipments>
  </NPCCharacter>
  <NPCCharacter id="spc_forest_people_leader_3" name="{=jKAhAoVb}of the Forest People" voice="softspoken" is_template="true" default_group="Infantry" is_hero="false" culture="Culture.sturgia" occupation="Lord">
    <face>
      <face_key_template value="BodyProperty.cla_fighter_germanic" />
    </face>
    <!--<Hero id="spc_forest_people_leader_3" faction="Faction.forest_people" clan="Clan.forest_people"/>-->
    <skills></skills>
    <Traits>
      <Trait id="Calculating" value="1" />
      <Trait id="Commander" value="6" />
      <Trait id="BalancedFightingSkills" value="5" />
    </Traits>
    <Equipments>
      <EquipmentSet id="spc_forest_people_leader_3" />
      <EquipmentSet id="spc_forest_people_leader_3" civilian="true" />
    </Equipments>
  </NPCCharacter>
  <!-- eleftheroi/empire -->
  <NPCCharacter id="spc_eleftheroi_leader_0" name="{=IVnvHF8S}of the Steppe Separatists" voice="ironic" is_template="true" default_group="Infantry" is_hero="false" culture="Culture.empire" occupation="Lord">
    <face>
      <face_key_template value="BodyProperty.cla_fighter_scythia" />
      <hair_tags>
        <hair_tag name="Ponytail" />
        <hair_tag name="LongAndBushy" />
        <hair_tag name="TiedAcrossBack" />
        <hair_tag name="SlickedLong" />
        <hair_tag name="PartedAndCombedBack" />
        <hair_tag name="Tousled" />
        <hair_tag name="BraidedAndLong" />
        <hair_tag name="Short" />
        <hair_tag name="HighPonytail" />
        <hair_tag name="Mohawk" />
        <hair_tag name="Native Braids" />
        <hair_tag name="Bandit Hair 1" />
        <hair_tag name="Bandit Hair 2" />
        <hair_tag name="Bandit Hair 3" />
      </hair_tags>
      <beard_tags>
        <beard_tag name="Cleanshaven" />
        <beard_tag name="LightShortBeard" />
        <beard_tag name="HeavyShortBeard" />
        <beard_tag name="PointedShortBeard" />
        <beard_tag name="LongBeard" />
        <beard_tag name="HeavyLongBeard" />
        <beard_tag name="LongScragglyBeard" />
        <beard_tag name="LightShortBeard" />
        <beard_tag name="HeavyShortBeard" />
        <beard_tag name="PointedShortBeard" />
        <beard_tag name="LongBeard" />
        <beard_tag name="HeavyLongBeard" />
      </beard_tags>
    </face>
    <!--<Hero id="spc_eleftheroi_leader_0" faction="Faction.eleftheroi" clan="Clan.eleftheroi"/>-->
    <Traits>
      <Trait id="Valor" value="1" />
      <Trait id="Mercy" value="-1" />
      <Trait id="Calculating" value="-1" />
      <Trait id="Commander" value="6" />
      <Trait id="HorseArcherFightingSkills" value="5" />
    </Traits>
    <Equipments>
      <EquipmentSet id="spc_eleftheroi_leader_0" />
      <EquipmentSet id="cla_rome_lord_clan_member_civ_template" civilian="true" />
    </Equipments>
  </NPCCharacter>
  <NPCCharacter id="spc_eleftheroi_leader_1" name="{=IVnvHF8S}of the Steppe Separatists" voice="softspoken" is_template="true" default_group="Infantry" is_hero="false" culture="Culture.empire" occupation="Lord">
    <face>
      <face_key_template value="BodyProperty.cla_fighter_scythia" />
      <hair_tags>
        <hair_tag name="Ponytail" />
        <hair_tag name="LongAndBushy" />
        <hair_tag name="TiedAcrossBack" />
        <hair_tag name="SlickedLong" />
        <hair_tag name="PartedAndCombedBack" />
        <hair_tag name="Tousled" />
        <hair_tag name="BraidedAndLong" />
        <hair_tag name="Short" />
        <hair_tag name="HighPonytail" />
        <hair_tag name="Mohawk" />
        <hair_tag name="Native Braids" />
        <hair_tag name="Bandit Hair 1" />
        <hair_tag name="Bandit Hair 2" />
        <hair_tag name="Bandit Hair 3" />
      </hair_tags>
      <beard_tags>
        <beard_tag name="Cleanshaven" />
        <beard_tag name="LightShortBeard" />
        <beard_tag name="HeavyShortBeard" />
        <beard_tag name="PointedShortBeard" />
        <beard_tag name="LongBeard" />
        <beard_tag name="HeavyLongBeard" />
        <beard_tag name="LongScragglyBeard" />
        <beard_tag name="LightShortBeard" />
        <beard_tag name="HeavyShortBeard" />
        <beard_tag name="PointedShortBeard" />
        <beard_tag name="LongBeard" />
        <beard_tag name="HeavyLongBeard" />
      </beard_tags>
    </face>
    <!--<Hero id="spc_eleftheroi_leader_1" faction="Faction.eleftheroi" clan="Clan.eleftheroi"/>-->
    <Traits>
      <Trait id="Calculating" value="1" />
      <Trait id="Commander" value="6" />
      <Trait id="HorseArcherFightingSkills" value="4" />
    </Traits>
    <Equipments>
      <EquipmentSet id="spc_eleftheroi_leader_1" />
      <EquipmentSet id="cla_rome_lord_clan_member_civ_template" civilian="true" />
    </Equipments>
  </NPCCharacter>
  <NPCCharacter id="spc_eleftheroi_leader_2" name="{=IVnvHF8S}of the Steppe Separatists" voice="softspoken" is_template="true" default_group="Infantry" is_hero="false" culture="Culture.empire" occupation="Lord">
    <face>
      <face_key_template value="BodyProperty.cla_fighter_scythia" />
      <hair_tags>
        <hair_tag name="Ponytail" />
        <hair_tag name="LongAndBushy" />
        <hair_tag name="TiedAcrossBack" />
        <hair_tag name="SlickedLong" />
        <hair_tag name="PartedAndCombedBack" />
        <hair_tag name="Tousled" />
        <hair_tag name="BraidedAndLong" />
        <hair_tag name="Short" />
        <hair_tag name="HighPonytail" />
        <hair_tag name="Mohawk" />
        <hair_tag name="Native Braids" />
        <hair_tag name="Bandit Hair 1" />
        <hair_tag name="Bandit Hair 2" />
        <hair_tag name="Bandit Hair 3" />
      </hair_tags>
      <beard_tags>
        <beard_tag name="Cleanshaven" />
        <beard_tag name="LightShortBeard" />
        <beard_tag name="HeavyShortBeard" />
        <beard_tag name="PointedShortBeard" />
        <beard_tag name="LongBeard" />
        <beard_tag name="HeavyLongBeard" />
        <beard_tag name="LongScragglyBeard" />
        <beard_tag name="LightShortBeard" />
        <beard_tag name="HeavyShortBeard" />
        <beard_tag name="PointedShortBeard" />
        <beard_tag name="LongBeard" />
        <beard_tag name="HeavyLongBeard" />
      </beard_tags>
    </face>
    <!--<Hero id="spc_eleftheroi_leader_2" faction="Faction.eleftheroi" clan="Clan.eleftheroi"/>-->
    <skills></skills>
    <Traits>
      <Trait id="Calculating" value="1" />
      <Trait id="Commander" value="6" />
      <Trait id="HorseArcherFightingSkills" value="4" />
    </Traits>
    <Equipments>
      <EquipmentSet id="spc_eleftheroi_leader_2" />
      <EquipmentSet id="cla_rome_lord_clan_member_civ_template" civilian="true" />
    </Equipments>
  </NPCCharacter>
  <NPCCharacter id="spc_eleftheroi_leader_3" name="{=IVnvHF8S}of the Steppe Separatists" voice="softspoken" is_template="true" default_group="Infantry" is_hero="false" culture="Culture.empire" occupation="Lord">
    <face>
      <face_key_template value="BodyProperty.cla_fighter_scythia" />
      <hair_tags>
        <hair_tag name="Ponytail" />
        <hair_tag name="LongAndBushy" />
        <hair_tag name="TiedAcrossBack" />
        <hair_tag name="SlickedLong" />
        <hair_tag name="PartedAndCombedBack" />
        <hair_tag name="Tousled" />
        <hair_tag name="BraidedAndLong" />
        <hair_tag name="Short" />
        <hair_tag name="HighPonytail" />
        <hair_tag name="Mohawk" />
        <hair_tag name="Native Braids" />
        <hair_tag name="Bandit Hair 1" />
        <hair_tag name="Bandit Hair 2" />
        <hair_tag name="Bandit Hair 3" />
      </hair_tags>
      <beard_tags>
        <beard_tag name="Cleanshaven" />
        <beard_tag name="LightShortBeard" />
        <beard_tag name="HeavyShortBeard" />
        <beard_tag name="PointedShortBeard" />
        <beard_tag name="LongBeard" />
        <beard_tag name="HeavyLongBeard" />
        <beard_tag name="LongScragglyBeard" />
        <beard_tag name="LightShortBeard" />
        <beard_tag name="HeavyShortBeard" />
        <beard_tag name="PointedShortBeard" />
        <beard_tag name="LongBeard" />
        <beard_tag name="HeavyLongBeard" />
      </beard_tags>
    </face>
    <!--<Hero id="spc_eleftheroi_leader_3" faction="Faction.eleftheroi" clan="Clan.eleftheroi"/>-->
    <skills></skills>
    <Traits>
      <Trait id="Calculating" value="1" />
      <Trait id="Commander" value="6" />
      <Trait id="BalancedFightingSkills" value="4" />
    </Traits>
    <Equipments>
      <EquipmentSet id="spc_eleftheroi_leader_3" />
      <EquipmentSet id="cla_rome_lord_clan_member_civ_template" civilian="true" />
    </Equipments>
  </NPCCharacter>
</NPCCharacters>