<SPCultures>

  <Culture id="goldenhorde"
           name="{=sZLd6VHi}Golden Horde"
           is_main_culture="true"
           color="0xff429081"
           color2="0xffEFC990"
           elite_basic_troop="NPCCharacter.goldenhorde_noble_son"
           basic_troop="NPCCharacter.goldenhorde_nomad"
           melee_militia_troop="NPCCharacter.goldenhorde_militia_spearman"
           ranged_militia_troop="NPCCharacter.goldenhorde_militia_archer"
           melee_elite_militia_troop="NPCCharacter.goldenhorde_militia_veteran_spearman"
           ranged_elite_militia_troop="NPCCharacter.goldenhorde_militia_veteran_archer"
           can_have_settlement="true"
           town_edge_number="4"
           villager_party_template="PartyTemplate.villager_goldenhorde_template"
           default_party_template="PartyTemplate.kingdom_hero_party_goldenhorde_template"
           encounter_background_mesh="encounter_goldenhorde"
           faction_banner_key="11.10.10.1536.1536.764.764.1.0.0.461.11.11.497.497.764.764.1.0.0"
           elite_caravan_party_template="PartyTemplate.elite_caravan_template_goldenhorde"
           caravan_party_template="PartyTemplate.caravan_template_goldenhorde"
           militia_party_template="PartyTemplate.militia_goldenhorde_template"
           rebels_party_template="PartyTemplate.rebels_goldenhorde_template"
           vassal_reward_party_template="PartyTemplate.vassal_reward_troops_goldenhorde"
           default_face_key="000fa92e90004202aced5d976886573d5d679585a376fdd605877a7764b8987c00000000000007520000037f0000000f00000037049140010000000000000000"
           text=""
           tournament_master="NPCCharacter.tournament_master_goldenhorde"
           villager="NPCCharacter.villager_goldenhorde"
           caravan_master="NPCCharacter.caravan_master_goldenhorde"
           armed_trader="NPCCharacter.armed_trader_goldenhorde"
           caravan_guard="NPCCharacter.caravan_guard_goldenhorde"
           veteran_caravan_guard="NPCCharacter.veteran_caravan_guard_goldenhorde"
           prison_guard="NPCCharacter.prison_guard_goldenhorde"
           guard="NPCCharacter.guard_goldenhorde"
           blacksmith="NPCCharacter.blacksmith_goldenhorde"
           weaponsmith="NPCCharacter.weaponsmith_goldenhorde"
           townswoman="NPCCharacter.townswoman_goldenhorde"
           townswoman_infant="NPCCharacter.townswoman_infant_goldenhorde"
           townswoman_child="NPCCharacter.townswoman_child_goldenhorde"
           townswoman_teenager="NPCCharacter.townswoman_teenager_goldenhorde"
           townsman="NPCCharacter.townsman_goldenhorde"
           townsman_infant="NPCCharacter.townsman_infant_goldenhorde"
           townsman_child="NPCCharacter.townsman_child_goldenhorde"
           townsman_teenager="NPCCharacter.townsman_teenager_goldenhorde"
           village_woman="NPCCharacter.village_woman_goldenhorde"
           villager_male_child="NPCCharacter.villager_child_goldenhorde"
           villager_male_teenager="NPCCharacter.villager_teenager_goldenhorde"
           villager_female_child="NPCCharacter.village_woman_child_goldenhorde"
           villager_female_teenager="NPCCharacter.village_woman_teenager_goldenhorde"
           ransom_broker="NPCCharacter.ransom_broker_goldenhorde"
           gangleader_bodyguard="NPCCharacter.gangleader_bodyguard_goldenhorde"
           merchant_notary="NPCCharacter.merchant_notary_goldenhorde"
           artisan_notary="NPCCharacter.artisan_notary_goldenhorde"
           preacher_notary="NPCCharacter.preacher_notary_goldenhorde"
           rural_notable_notary="NPCCharacter.rural_notable_notary_goldenhorde"
           shop_worker="NPCCharacter.shop_worker_goldenhorde"
           tavernkeeper="NPCCharacter.tavernkeeper_goldenhorde"
           taverngamehost="NPCCharacter.taverngamehost_goldenhorde"
           musician="NPCCharacter.musician_goldenhorde"
           tavern_wench="NPCCharacter.tavern_wench_goldenhorde"
           armorer="NPCCharacter.armorer_goldenhorde"
           horseMerchant="NPCCharacter.horseMerchant_goldenhorde"
           barber="NPCCharacter.barber_goldenhorde"
           merchant="NPCCharacter.merchant_goldenhorde"
           beggar="NPCCharacter.beggar_goldenhorde"
           female_beggar="NPCCharacter.female_beggar_goldenhorde"
           female_dancer="NPCCharacter.female_dancer_goldenhorde"
           gear_practice_dummy="NPCCharacter.gear_practice_dummy_goldenhorde"
           weapon_practice_stage_1="NPCCharacter.weapon_practice_stage_1_goldenhorde"
           weapon_practice_stage_2="NPCCharacter.weapon_practice_stage_2_goldenhorde"
           weapon_practice_stage_3="NPCCharacter.weapon_practice_stage_3_goldenhorde"
           gear_dummy="NPCCharacter.gear_dummy_goldenhorde"
		default_battle_equipment_roster="EquipmentRoster.stu_civ_template_default"
		default_civilian_equipment_roster="EquipmentRoster.stu_civ_template_default"
		duel_preset_equipment_roster="EquipmentRoster.stu_duel_preset_template"		   
           board_game_type="Puluc">
    <vassal_reward_items>
      <item id="Item.steppe_war_bow" />
    </vassal_reward_items>
    <banner_bearer_replacement_weapons>
      <item id="Item.khuzait_sword_1_t2" />
      <item id="Item.khuzait_sword_2_t3" />
      <item id="Item.khuzait_sword_3_t3" />
      <item id="Item.khuzait_sword_4_t4" />
    </banner_bearer_replacement_weapons>
    <default_policies>
      <policy id="policy_grazing_rights" />
      <policy id="policy_sacred_majesty" />
    </default_policies>
    <male_names>
      <name name="{=AWM3jbaZ}Ajin" />
      <name name="{=RMoQ7blK}Akadan" />
      <name name="{=xg8habbc}Alagur" />
      <name name="{=pDNlFlc0}Alcha" />
      <name name="{=75Wlqr3W}Alpan" />
      <name name="{=ESKeInbq}Aran" />
      <name name="{=4ZhqF8EB}Arshul" />
      <name name="{=RohgLdMp}Asugan" />
      <name name="{=FIIZNV4F}Atzorig" />
      <name name="{=4JfwP1T6}Badur" />
      <name name="{=pKf56MdS}Bagai" />
      <name name="{=jhQkgQci}Baichar" />
      <name name="{=AAqB4QxB}Bortu" />
      <name name="{=E1NWbOR8}Buchul" />
      <name name="{=uducgNbf}Chaghan" />
      <name name="{=gsY9oKND}Chusuntai" />
      <name name="{=TjvbLQRT}Dachan" />
      <name name="{=ynsUwp1h}Denek" />
      <name name="{=0DgWpr8b}Dengul" />
      <name name="{=ZP7ONkec}Egen" />
      <name name="{=OqOnfdYv}Erigai" />
      <name name="{=au6vdzxN}Gan" />
      <name name="{=oT8cTkjz}Gavan" />
      <name name="{=PhdzZKu0}Ger" />
      <name name="{=8IcnIQdq}Gusur" />
      <name name="{=7MpWM3y3}Himil" />
      <name name="{=cdmrCQfC}Hurunag" />
      <name name="{=I0ZfrCml}Huskur" />
      <name name="{=ed3sErKY}Ilgai" />
      <name name="{=4xnag9e8}Itsul" />
      <name name="{=PisfwOUb}Jagutai" />
      <name name="{=5ntTjanU}Junjad" />
      <name name="{=8jwqNls9}Khomar" />
      <name name="{=A0Qwy1ag}Khakhun" />
      <name name="{=mQStUNPe}Kazam" />
      <name name="{=AcUEb8zX}Korot" />
      <name name="{=SDSbjMSj}Kuruntai" />
      <name name="{=YeQlI2Yj}Mizam" />
      <name name="{=sn3JPGJA}Natu" />
      <name name="{=z5llJ2C0}Norogur" />
      <name name="{=0VZ5sROI}Okhon" />
      <name name="{=CiJB8ISH}Olorun" />
      <name name="{=2OqAomZy}Oragur" />
      <name name="{=OgY3fQKL}Sasal" />
      <name name="{=yhLbBk1D}Soroch" />
      <name name="{=vN0cSBD3}Shakhor" />
      <name name="{=D4Ea4QaV}Shulun" />
      <name name="{=zTEnQULc}Targai" />
      <name name="{=aSNUtnbH}Temun" />
      <name name="{=8CZvFqH7}Tochi" />
      <name name="{=XjMsnpgS}Tulag" />
      <name name="{=NqhPOiMQ}Ulusumai" />
      <name name="{=vl2tgsKa}Urkhun" />
      <name name="{=4zoraJq7}Yanagur" />
      <name name="{=QEw6q3OR}Yildrim" />
      <name name="{=yCfxqfdA}Bakhar" />
      <name name="{=MwPMFIz0}Baghbayar" />
      <name name="{=JUPUxuoe}Chanbadar" />
      <name name="{=aRiVb65B}Daju" />
      <name name="{=KmAOMxqy}Davalan" />
      <name name="{=Bo5Xkd3e}Erban" />
      <name name="{=BUbf73N2}Gongke" />
      <name name="{=FVDbGQXF}Hamindar" />
      <name name="{=AKhO9Y9c}Jolugkhu" />
      <name name="{=LbCcOORX}Ongker" />
      <name name="{=HXEoaiFU}Sorji" />
      <name name="{=UgA0uoFA}Tabur" />
      <name name="{=N7CGgRs5}Tsuban" />
      <name name="{=aqx7Txyy}Tuvul" />
      <name name="{=mqkSkCBX}Uluvi" />
      <name name="{=NIcee06W}Vangvayag" />
    </male_names>
    <female_names>
      <name name="{=m9ZgghCo}Abagai" />
      <name name="{=26v27bu7}Aika" />
      <name name="{=5vo7WX5W}Amul" />
      <name name="{=FLrdHzSf}Anat" />
      <name name="{=7uBgKkLK}Anjikhin" />
      <name name="{=UcteBSP6}Asi" />
      <name name="{=SIJpKiGq}Ayla" />
      <name name="{=RwMtFwWt}Bilik" />
      <name name="{=RoKwj5XN}Chagun" />
      <name name="{=ulBMajMY}Chechek" />
      <name name="{=7UU9TwUC}Dalai" />
      <name name="{=HwCJfTC2}Deni" />
      <name name="{=lB7b7N1b}Deven" />
      <name name="{=1mhbWay3}Dinin" />
      <name name="{=kFYtFka8}Echa" />
      <name name="{=UJTCzvOt}Elin" />
      <name name="{=MEtblzaV}Gunefer" />
      <name name="{=tCy0qwXp}Hikhara" />
      <name name="{=SFDdq8GH}Holujin" />
      <name name="{=bwabyQPy}Ikren" />
      <name name="{=W1yur1cf}Khachin" />
      <name name="{=QJq4VAU7}Mesui" />
      <name name="{=7No7syyO}Penek" />
      <name name="{=2mWC6b8D}Sacha" />
      <name name="{=hdwBL8kp}Soregun" />
      <name name="{=DO1lhJIo}Tala" />
      <name name="{=zDhuJw7r}Taralun" />
      <name name="{=Ml5KBonI}Tosui" />
      <name name="{=Se7U6BSK}Uluen" />
      <name name="{=YUoydtNS}Yana" />
      <name name="{=3NRUkzaV}Yasugan" />
      <name name="{=xft6bgja}Asha" />
      <name name="{=yckGOfLB}Islena" />
      <name name="{=J5i4h7JC}Kela" />
      <name name="{=k37KKJkw}Kun" />
      <name name="{=NeFDHnOS}Mirim" />
      <name name="{=29Ti1C0R}Selun" />
      <name name="{=6fENuhfZ}Sibuga" />
      <name name="{=bdH1JEma}Yachim" />
      <name name="{=PdK2pGIb}Yesha" />
    </female_names>
    <clan_names>
      <name name="{=qJprzW1N}Airit" />
      <name name="{=4833ZS9c}Aldusunit" />
      <name name="{=R6kwhkGk}Anegis" />
      <name name="{=tPG5uf4C}Bochit" />
      <name name="{=J1s05Ovk}Charait" />
      <name name="{=f0NUMdNu}Demerkhen" />
      <name name="{=3apHdqU7}Ingchit" />
      <name name="{=u154THZL}Jalsyut" />
      <name name="{=CSDne5ja}Khurdyut" />
      <name name="{=5zxaCgd6}Maranjit" />
      <name name="{=ptXbItT1}Nangkhut" />
      <name name="{=aXwDg9VT}Olokhai" />
      <name name="{=tDaWbJlY}Oranarit" />
      <name name="{=aaXaxmii}Sajyut" />
      <name name="{=lhiAWoFw}Sunit" />
      <name name="{=ZNUooJ48}Tebegun" />
      <name name="{=MjZumz0j}Tokhit" />
      <name name="{=LipFTLvz}Ubchit" />
      <name name="{=jcUgdBEo}Unggun" />
      <name name="{=ZwOT9J49}Yujit" />
    </clan_names>
    <cultural_feats>
      <feat id="khuzait_cheaper_recruits_mounted" />
      <feat id="khuzait_increased_animal_production" />
      <feat id="khuzait_decreased_town_tax" />
    </cultural_feats>
    <possible_clan_banner_icon_ids>
      <icon id="121" />
      <icon id="122" />
      <icon id="123" />
      <icon id="124" />
      <icon id="125" />
      <icon id="126" />
      <icon id="127" />
      <icon id="128" />
      <icon id="129" />
      <icon id="130" />
      <icon id="311" />
      <icon id="312" />
      <icon id="313" />
      <icon id="314" />
    </possible_clan_banner_icon_ids>
    <notable_and_wanderer_templates>
      <template name="NPCCharacter.spc_wanderer_goldenhorde_0" />
      <template name="NPCCharacter.spc_wanderer_goldenhorde_1" />
      <template name="NPCCharacter.spc_wanderer_goldenhorde_2" />
      <template name="NPCCharacter.spc_wanderer_goldenhorde_3" />
      <template name="NPCCharacter.spc_wanderer_goldenhorde_4" />
      <template name="NPCCharacter.spc_wanderer_goldenhorde_5" />
      <template name="NPCCharacter.spc_wanderer_goldenhorde_6" />
      <template name="NPCCharacter.spc_wanderer_goldenhorde_7" />
      <template name="NPCCharacter.spc_wanderer_goldenhorde_8" />
      <template name="NPCCharacter.spc_wanderer_goldenhorde_9" />
      <template name="NPCCharacter.spc_wanderer_goldenhorde_10" />
      <template name="NPCCharacter.spc_notable_goldenhorde_merchant_1" />
      <template name="NPCCharacter.spc_notable_goldenhorde_0b" />
      <template name="NPCCharacter.spc_notable_goldenhorde_1" />
      <template name="NPCCharacter.spc_notable_goldenhorde_1b" />
      <template name="NPCCharacter.spc_notable_goldenhorde_1c" />
      <template name="NPCCharacter.spc_notable_goldenhorde_2" />
      <template name="NPCCharacter.spc_notable_goldenhorde_2b" />
      <template name="NPCCharacter.spc_notable_goldenhorde_3" />
      <template name="NPCCharacter.spc_notable_goldenhorde_4" />
      <template name="NPCCharacter.spc_goldenhorde_gangleader_1" />
      <template name="NPCCharacter.spc_goldenhorde_gangleader_2" />
      <template name="NPCCharacter.spc_goldenhorde_gangleader_3" />
      <template name="NPCCharacter.spc_goldenhorde_artisan_1" />
      <template name="NPCCharacter.spc_goldenhorde_artisan_2" />
      <template name="NPCCharacter.spc_goldenhorde_artisan_3" />
      <template name="NPCCharacter.spc_goldenhorde_rural_notable_1" />
      <template name="NPCCharacter.spc_goldenhorde_rural_notable_2" />
      <template name="NPCCharacter.spc_goldenhorde_headman_1" />
      <template name="NPCCharacter.spc_goldenhorde_headman_2" />
      <template name="NPCCharacter.spc_goldenhorde_headman_3" />
    </notable_and_wanderer_templates>
    <lord_templates>
      <template name="NPCCharacter.spc_karakhuzaits_leader_0" />
      <template name="NPCCharacter.spc_karakhuzaits_leader_1" />
      <template name="NPCCharacter.spc_karakhuzaits_leader_2" />
      <template name="NPCCharacter.spc_karakhuzaits_leader_3" />
    </lord_templates>
    <rebellion_hero_templates>
      <template name="NPCCharacter.spc_karakhuzaits_leader_0" />
      <template name="NPCCharacter.spc_karakhuzaits_leader_1" />
      <template name="NPCCharacter.spc_karakhuzaits_leader_2" />
      <template name="NPCCharacter.spc_karakhuzaits_leader_3" />
    </rebellion_hero_templates>
    <tournament_team_templates_one_participant>
      <template name="NPCCharacter.tournament_template_goldenhorde_one_participant_set_v1" />
      <template name="NPCCharacter.tournament_template_goldenhorde_one_participant_set_v2" />
    </tournament_team_templates_one_participant>
    <tournament_team_templates_two_participant>
      <template name="NPCCharacter.tournament_template_goldenhorde_two_participant_set_v1" />
      <template name="NPCCharacter.tournament_template_goldenhorde_two_participant_set_v2" />
      <template name="NPCCharacter.tournament_template_goldenhorde_two_participant_set_v3" />
    </tournament_team_templates_two_participant>
    <tournament_team_templates_four_participant>
      <template name="NPCCharacter.tournament_template_goldenhorde_four_participant_set_v1" />
      <template name="NPCCharacter.tournament_template_goldenhorde_four_participant_set_v2" />
      <template name="NPCCharacter.tournament_template_goldenhorde_four_participant_set_v3" />
    </tournament_team_templates_four_participant>
    <basic_mercenary_troops>
      <template name="NPCCharacter.eastern_mercenary" />
      <template name="NPCCharacter.sword_sisters_sister_t3" />
    </basic_mercenary_troops>
  </Culture>

</SPCultures>