<?xml version = "1.0" encoding = "utf-8" ?>
<SPCultures> 
  
  <Culture id="rus"
           name="{=rus}Kievan Rus"
           is_main_culture="true"
           color="0xff224277"
           color2="0xffCEDAE7"
		elite_basic_troop="NPCCharacter.cla_germ_infantry_heavy_3"
		basic_troop="NPCCharacter.cla_germ_infantry_1"
		melee_militia_troop="NPCCharacter.cla_germ_militia_spearman"
		ranged_militia_troop="NPCCharacter.cla_germ_militia_archer"
		melee_elite_militia_troop="NPCCharacter.cla_germ_militia_veteran_spearman"
		ranged_elite_militia_troop="NPCCharacter.cla_germ_militia_veteran_archer"
		can_have_settlement="true"
		town_edge_number="16"
		villager_party_template="PartyTemplate.cla_villager_germ_template"
		default_party_template="PartyTemplate.cla_kingdom_hero_party_germ_template"
		encounter_background_mesh="encounter_sturgia"
		faction_banner_key="11.12.12.4345.4345.764.764.1.0.0.462.13.13.512.512.764.764.1.0.0"
		elite_caravan_party_template="PartyTemplate.cla_elite_caravan_template_germ"
		caravan_party_template="PartyTemplate.cla_caravan_template_germ"
		militia_party_template="PartyTemplate.cla_militia_germ_template"
		rebels_party_template="PartyTemplate.cla_rebels_germ_template"
		vassal_reward_party_template="PartyTemplate.cla_vassal_reward_troops_germ"
		default_face_key="000fa92e90004202aced5d976886573d5d679585a376fdd605877a7764b8987c00000000000007520000037f0000000f00000037049140010000000000000000"
		text="{=Ud1AMybr}The tribes of the north have a lifestyle different from the surrounding cultures. They live In small, mostly unfortified rural settlements of a few roughly equal-wealth families. They survive by subsistence agriculture, plunder, and trade. A few among them have been made leaders for their fair dealings and respect in warfare. They live hard lives, and pride themselves on adventure and skill in combat. Their savage fights, foreign customs, and the look in their eyes terrify anyone unfortunate enough to endure their raids and migrations."
		tournament_master="NPCCharacter.cla_germ_tournament_master"
		villager="NPCCharacter.cla_germ_villager"
		caravan_master="NPCCharacter.cla_caravan_master_germ"
		armed_trader="NPCCharacter.cla_armed_trader_germ"
		caravan_guard="NPCCharacter.cla_caravan_guard_germ"
		veteran_caravan_guard="NPCCharacter.cla_veteran_caravan_guard_germ"
		prison_guard="NPCCharacter.cla_germ_prison_guard"
		guard="NPCCharacter.cla_germ_guard"
		blacksmith="NPCCharacter.cla_germ_blacksmith"
		weaponsmith="NPCCharacter.cla_germ_weaponsmith"
		townswoman="NPCCharacter.cla_germ_townswoman"
		townswoman_infant="NPCCharacter.cla_germ_townswoman_infant"
		townswoman_child="NPCCharacter.cla_germ_townswoman_child"
		townswoman_teenager="NPCCharacter.cla_germ_townswoman_teenager"
		townsman="NPCCharacter.cla_germ_townsman"
		townsman_infant="NPCCharacter.cla_germ_townsman_infant"
		townsman_child="NPCCharacter.cla_germ_townsman_child"
		townsman_teenager="NPCCharacter.cla_germ_townsman_teenager"
		village_woman="NPCCharacter.cla_germ_village_woman"
		villager_male_child="NPCCharacter.cla_germ_villager_child"
		villager_male_teenager="NPCCharacter.cla_germ_villager_teenager"
		villager_female_child="NPCCharacter.cla_germ_village_woman_child"
		villager_female_teenager="NPCCharacter.cla_germ_village_woman_teenager"
		ransom_broker="NPCCharacter.cla_germ_ransom_broker"
		gangleader_bodyguard="NPCCharacter.cla_germ_gangleader_bodyguard"
		merchant_notary="NPCCharacter.cla_germ_merchant_notary"
		artisan_notary="NPCCharacter.cla_germ_artisan_notary"
		preacher_notary="NPCCharacter.cla_germ_preacher_notary"
		rural_notable_notary="NPCCharacter.cla_germ_rural_notable_notary"
		shop_worker="NPCCharacter.cla_germ_shop_worker"
		tavernkeeper="NPCCharacter.cla_germ_tavernkeeper"
		taverngamehost="NPCCharacter.cla_germ_taverngamehost"
		musician="NPCCharacter.cla_germ_musician"
		tavern_wench="NPCCharacter.cla_germ_tavern_wench"
		armorer="NPCCharacter.cla_germ_armorer"
		horseMerchant="NPCCharacter.cla_germ_horseMerchant"
		barber="NPCCharacter.cla_germ_barber"
		merchant="NPCCharacter.cla_germ_merchant"
		beggar="NPCCharacter.cla_germ_beggar"
		female_beggar="NPCCharacter.cla_germ_female_beggar"
		female_dancer="NPCCharacter.cla_germ_female_dancer"
		gear_practice_dummy="NPCCharacter.cla_germ_gear_practice_dummy"
		weapon_practice_stage_1="NPCCharacter.cla_germ_weapon_practice_stage_1"
		weapon_practice_stage_2="NPCCharacter.cla_germ_weapon_practice_stage_2"
		weapon_practice_stage_3="NPCCharacter.cla_germ_weapon_practice_stage_3"
		gear_dummy="NPCCharacter.cla_germ_gear_dummy"
		default_battle_equipment_roster="EquipmentRoster.stu_civ_template_default"
		default_civilian_equipment_roster="EquipmentRoster.stu_civ_template_default"
		duel_preset_equipment_roster="EquipmentRoster.cla_germ_duel_preset_template"
		board_game_type="Konane">
		<vassal_reward_items>
			<item
				id="Item.avalanche_2haxe" />
		</vassal_reward_items>
		<banner_bearer_replacement_weapons>
			<item
				id="Item.cla_germ_weapon_sword_single" />
		</banner_bearer_replacement_weapons>
		<default_policies>
			<policy
				id="policy_lawspeakers" />
			<policy
				id="policy_precarial_land_tenure" />
		</default_policies>
		<male_names>
      <name name="{=germ_1_m}Ansulaibaz" />
      <name name="{=germ_2_m}Ansuwaldaz" />
      <name name="{=germ_3_m}Audariks" />
      <name name="{=germ_4_m}Audawakraz" />
      <name name="{=germ_5_m}Audawarduz" />
      <name name="{=germ_6_m}Audawiniz" />
      <name name="{=germ_7_m}Auziwandilaz" />
      <name name="{=germ_8_m}Athalagaizaz" />
      <name name="{=germ_9_m}Balthawiniz" />
      <name name="{=germ_10_m}Frithuriks" />
      <name name="{=germ_11_m}Gaizariks" />
      <name name="{=germ_12_m}Grimaz" />
      <name name="{=germ_13_m}Gunthilaibaz" />
      <name name="{=germ_14_m}Harjawaldaz" />
      <name name="{=germ_15_m}Helpariks" />
      <name name="{=germ_16_m}Hildiriks" />
      <name name="{=germ_17_m}Hrothiberhtaz" />
      <name name="{=germ_18_m}Hrothigaizaz" />
      <name name="{=germ_19_m}Hrothiriks" />
      <name name="{=germ_20_m}Raginaharduz" />
      <name name="{=germ_21_m}Raginaharjaz" />
      <name name="{=germ_22_m}Athalaberhtaz" />
      <name name="{=germ_23_m}Ado" />
      <name name="{=germ_24_m}Audagisalaz" />
      <name name="{=germ_25_m}Adujislu" />
      <name name="{=germ_26_m}Aebi" />
      <name name="{=germ_27_m}Aibo" />
      <name name="{=germ_28_m}Aigilathruthiz" />
      <name name="{=germ_29_m}Agilathruth" />
      <name name="{=germ_30_m}Aigilaz" />
      <name name="{=germ_31_m}Aigil" />
      <name name="{=germ_32_m}Aithalataz" />
      <name name="{=germ_33_m}Akaz" />
      <name name="{=germ_34_m}Aeko" />
      <name name="{=germ_35_m}Alaweniz" />
      <name name="{=germ_36_m}Alawin" />
      <name name="{=germ_37_m}Algiskathiz" />
      <name name="{=germ_38_m}Alguskathi" />
      <name name="{=germ_39_m}Alugodaz" />
      <name name="{=germ_40_m}Alugod" />
      <name name="{=germ_41_m}Alawaldo" />
      <name name="{=germ_42_m}Aluwaludo" />
      <name name="{=germ_43_m}Auniwulfaz" />
      <name name="{=germ_44_m}Aeniwulufu" />
      <name name="{=germ_45_m}Aragisalaz" />
      <name name="{=germ_46_m}Arogisl" />
      <name name="{=germ_47_m}Arwaz" />
      <name name="{=germ_48_m}Arwi" />
      <name name="{=germ_49_m}Ansugisalaz" />
      <name name="{=germ_50_m}Asugisalaz" />
      <name name="{=germ_51_m}Ansulausaz" />
      <name name="{=germ_52_m}Ansulaas" />
      <name name="{=germ_53_m}Bidawarijaz" />
      <name name="{=germ_54_m}Bithagunthjo" />
      <name name="{=germ_55_m}Blithguth" />
      <name name="{=germ_56_m}Erilaz" />
      <name name="{=germ_57_m}Fozo" />
      <name name="{=germ_58_m}Gebaharijaz" />
      <name name="{=germ_59_m}Gabar" />
      <name name="{=germ_60_m}Gloaugiz" />
      <name name="{=germ_61_m}Gliaugiz" />
      <name name="{=germ_62_m}Habukaz" />
      <name name="{=germ_63_m}Habuku" />
      <name name="{=germ_64_m}Hadaz" />
      <name name="{=germ_65_m}Hada" />
      <name name="{=germ_66_m}Hermalausaz" />
      <name name="{=germ_67_m}Heruwulfaz" />
      <name name="{=germ_68_m}Hagaradaz" />
      <name name="{=germ_69_m}Hagiradaz" />
      <name name="{=germ_70_m}Hailathewaz" />
      <name name="{=germ_71_m}Halethewas" />
      <name name="{=germ_72_m}Harjaboko" />
      <name name="{=germ_73_m}Haeriboki" />
      <name name="{=germ_74_m}Harjabergaz" />
      <name name="{=germ_75_m}Haribrig" />
      <name name="{=germ_76_m}Harjungaz" />
      <name name="{=germ_77_m}Hariuha" />
      <name name="{=germ_78_m}Harjawulfaz" />
      <name name="{=germ_79_m}Hariwolafz" />
      <name name="{=germ_80_m}Harkilan" />
      <name name="{=germ_81_m}Harkilaz" />
      <name name="{=germ_82_m}Hathuwulfaz" />
      <name name="{=germ_83_m}Hlewagastiz" />
		</male_names>
		<female_names>
      <name name="{=germ_1_f}Aaluthraginam" />
      <name name="{=germ_2_f}Runoswabaz" />
      <name name="{=germ_3_f}Handumundiz" />
      <name name="{=germ_4_f}Balthaskathiz" />
      <name name="{=germ_5_f}Athalalethram" />
      <name name="{=germ_6_f}Harjobidjan" />
      <name name="{=germ_7_f}Isafunsaz" />
      <name name="{=germ_8_f}Swanaharjon" />
      <name name="{=germ_9_f}Frowohludaz" />
      <name name="{=germ_10_f}Theudomahtiz" />
      <name name="{=germ_11_f}Akwesjothruthiz" />
      <name name="{=germ_12_f}Gudamawaz" />
      <name name="{=germ_13_f}Wilabergan" />
      <name name="{=germ_14_fd}Ubilawakraz" />
      <name name="{=germ_15_f}Ainagebo" />
      <name name="{=germ_16_f}Erthoruno" />
      <name name="{=germ_17_f}Ermanablotham" />
      <name name="{=germ_18_f}Neujahlewam" />
      <name name="{=germ_19_f}Rauzinjo" />
      <name name="{=germ_20_f}Fulkasikam" />
      <name name="{=germ_21_f}Swartafelu" />
      <name name="{=germ_22_f}Frodahildjo" />
      <name name="{=germ_23_f}Markohanduz" />
      <name name="{=germ_24_f}Othalamagjo" />
      <name name="{=germ_25_f}Alablithaz" />
      <name name="{=germ_26_f}Frankagebo" />
      <name name="{=germ_27_f}Alahildjo" />
      <name name="{=germ_28_f}Swerdamawaz" />
      <name name="{=germ_29_f}Isarnabrunjon" />
      <name name="{=germ_30_f}Gunthjohildjo" />
      <name name="{=germ_31_f}Hildjogunthjo" />
      <name name="{=germ_32_f}Mahtihildjo" />
      <name name="{=germ_33_f}Thurshildjo" />
      <name name="{=germ_34_f}Hildjobrunjo" />
      <name name="{=germ_35_f}Aergunthjo" />
      <name name="{=germ_36_f}Ailruno" />
		</female_names>
		<clan_names>
      <name name="{=germ_1_c}Wargingaz" />
      <name name="{=germ_2_c}Beroingaz" />
      <name name="{=germ_3_c}Hlewagastingaz" />
      <name name="{=germ_4_c}Aiksingaz" />
      <name name="{=germ_5_c}Helmingaz" />
      <name name="{=germ_6_c}Wigaingaz" />
      <name name="{=germ_7_c}Kunjaingaz" />
      <name name="{=germ_8_c}Laguingaz" />
      <name name="{=germ_9_c}Saiwaingaz" />
      <name name="{=germ_10_c}Thruthizingaz" />
      <name name="{=germ_11_c}Skelduingaz" />
      <name name="{=germ_12_c}Hildibrandaingaz" />
      <name name="{=germ_13_c}Thiudariksingaz" />
      <name name="{=germ_14_c}Hathubrandaingaz" />
      <name name="{=germ_15_c}Harjafristingaz" />
      <name name="{=germ_16_c}Auziwandilingaz" />
      <name name="{=germ_17_c}Hildirikingaz" />
      <name name="{=germ_18_c}Sigigastingaz" />
      <name name="{=germ_19_c}Sigimaringaz" />
      <name name="{=germ_20_c}Hathuthewazingaz" />
		</clan_names>
    <possible_clan_banner_icon_ids>
      <icon id="112" />
      <icon id="113" />
      <icon id="114" />
      <icon id="115" />
      <icon id="116" />
      <icon id="117" />
      <icon id="118" />
      <icon id="132" />
      <icon id="138" />
      <icon id="139" />
      <icon id="307" />
      <icon id="331" />
      <icon id="407" />
      <icon id="408" />
      <icon id="409" />
      <icon id="410" />
      <icon id="439" />
      <icon id="440" />
      <icon id="441" />
      <icon id="442" />
      <icon id="443" />
      <icon id="444" />
      <icon id="445" />
    </possible_clan_banner_icon_ids>
		<notable_and_wanderer_templates>
			<template
				name="NPCCharacter.cla_spc_wanderer_sturgia_0" />
			<template
				name="NPCCharacter.cla_spc_wanderer_sturgia_1" />
			<template
				name="NPCCharacter.cla_spc_wanderer_sturgia_2" />
			<template
				name="NPCCharacter.cla_spc_wanderer_sturgia_3" />
			<template
				name="NPCCharacter.cla_spc_wanderer_sturgia_4" />
			<template
				name="NPCCharacter.cla_spc_wanderer_sturgia_5" />
			<template
				name="NPCCharacter.cla_spc_wanderer_sturgia_6" />
			<template
				name="NPCCharacter.cla_spc_wanderer_sturgia_7" />
			<template
				name="NPCCharacter.cla_spc_wanderer_sturgia_8" />
			<template
				name="NPCCharacter.cla_spc_wanderer_sturgia_9" />
			<template
				name="NPCCharacter.cla_spc_notable_sturgia_0" />
			<template
				name="NPCCharacter.cla_spc_notable_sturgia_0b" />
			<template
				name="NPCCharacter.cla_spc_notable_sturgia_1" />
			<template
				name="NPCCharacter.cla_spc_notable_sturgia_2" />
			<template
				name="NPCCharacter.cla_spc_notable_sturgia_2b" />
			<template
				name="NPCCharacter.cla_spc_notable_sturgia_3" />
			<template
				name="NPCCharacter.cla_spc_notable_sturgia_3b" />
			<template
				name="NPCCharacter.cla_spc_notable_sturgia_3c" />
			<template
				name="NPCCharacter.cla_spc_notable_sturgia_4" />
			<template
				name="NPCCharacter.cla_spc_notable_sturgia_5" />
			<template
				name="NPCCharacter.cla_spc_notable_sturgia_6" />
			<template
				name="NPCCharacter.cla_spc_notable_sturgia_7" />
			<template
				name="NPCCharacter.cla_spc_notable_sturgia_8" />
			<template
				name="NPCCharacter.cla_spc_notable_sturgia_9" />
			<template
				name="NPCCharacter.cla_spc_notable_sturgia_10" />
			<template
				name="NPCCharacter.cla_spc_sturgia_headman_1" />
			<template
				name="NPCCharacter.cla_spc_sturgia_headman_2" />
			<template
				name="NPCCharacter.cla_spc_sturgia_headman_3" />
		</notable_and_wanderer_templates>
		<lord_templates>
			<template
				name="NPCCharacter.spc_skolderbrotva_leader_0" />
			<template
				name="NPCCharacter.spc_skolderbrotva_leader_1" />
			<template
				name="NPCCharacter.spc_skolderbrotva_leader_2" />
			<template
				name="NPCCharacter.spc_skolderbrotva_leader_3" />
			<template
				name="NPCCharacter.spc_lakepike_leader_0" />
			<template
				name="NPCCharacter.spc_lakepike_leader_1" />
			<template
				name="NPCCharacter.spc_lakepike_leader_2" />
			<template
				name="NPCCharacter.spc_lakepike_leader_3" />
			<template
				name="NPCCharacter.spc_forest_people_leader_0" />
			<template
				name="NPCCharacter.spc_forest_people_leader_1" />
			<template
				name="NPCCharacter.spc_forest_people_leader_2" />
			<template
				name="NPCCharacter.spc_forest_people_leader_3" />
		</lord_templates>
		<rebellion_hero_templates>
			<template
				name="NPCCharacter.spc_skolderbrotva_leader_0" />
			<template
				name="NPCCharacter.spc_skolderbrotva_leader_1" />
			<template
				name="NPCCharacter.spc_skolderbrotva_leader_2" />
			<template
				name="NPCCharacter.spc_skolderbrotva_leader_3" />
			<template
				name="NPCCharacter.spc_lakepike_leader_0" />
			<template
				name="NPCCharacter.spc_lakepike_leader_1" />
			<template
				name="NPCCharacter.spc_lakepike_leader_2" />
			<template
				name="NPCCharacter.spc_lakepike_leader_3" />
			<template
				name="NPCCharacter.spc_forest_people_leader_0" />
			<template
				name="NPCCharacter.spc_forest_people_leader_1" />
			<template
				name="NPCCharacter.spc_forest_people_leader_2" />
			<template
				name="NPCCharacter.spc_forest_people_leader_3" />
		</rebellion_hero_templates>
		<tournament_team_templates_one_participant>
			<template
				name="NPCCharacter.cla_tournament_template_germ_one_participant_set_v1" />
			<template
				name="NPCCharacter.cla_tournament_template_germ_one_participant_set_v2" />
		</tournament_team_templates_one_participant>
		<tournament_team_templates_two_participant>
			<template
				name="NPCCharacter.cla_tournament_template_germ_two_participant_set_v1" />
			<template
				name="NPCCharacter.cla_tournament_template_germ_two_participant_set_v2" />
			<template
				name="NPCCharacter.cla_tournament_template_germ_two_participant_set_v3" />
			<template
				name="NPCCharacter.cla_tournament_template_germ_two_participant_set_v4" />
			<template
				name="NPCCharacter.cla_tournament_template_germ_two_participant_set_v5" />
		</tournament_team_templates_two_participant>
		<tournament_team_templates_four_participant>
			<template
				name="NPCCharacter.cla_tournament_template_germ_four_participant_set_v1" />
			<template
				name="NPCCharacter.cla_tournament_template_germ_four_participant_set_v2" />
			<template
				name="NPCCharacter.cla_tournament_template_germ_four_participant_set_v3" />
		</tournament_team_templates_four_participant>
		<basic_mercenary_troops>
			<template
				name="NPCCharacter.cla_germ_infantry_1" />
			<template
				name="NPCCharacter.cla_germ_cavalry_light_2" />
		</basic_mercenary_troops>
  </Culture>
  
 
  
</SPCultures> 
