﻿<?xml version="1.0" encoding="utf-8"?>
<SPCultures>
  <Culture id="looters"
           name="{=cla_looters_culture}Barbarii"
           elite_basic_troop="NPCCharacter.looter"
           basic_troop="NPCCharacter.looter"
           is_bandit="true"
           can_have_settlement="false"
           encounter_background_mesh="encounter_looter">
      <banner_bearer_replacement_weapons>
      <item id="Item.cla_weapon_spear_medium_leaf" />
      <item id="Item.cla_germ_weapon_sword_single" />
    </banner_bearer_replacement_weapons>
  </Culture>
  <!---Culture id="deserters" name="Deserters" elite_basic_troop="NPCCharacter.deserter" basic_troop="NPCCharacter.deserter" is_bandit="true"/-->
  <Culture id="sea_raiders"
           name="{=cla_germanic_raiders_culture}Thiudiskaz Raiders"
           bandit_chief="NPCCharacter.sea_raiders_chief"
           bandit_raider="NPCCharacter.sea_raiders_raider"
           bandit_bandit="NPCCharacter.sea_raiders_bandit"
           bandit_boss="NPCCharacter.sea_raiders_boss"
           elite_basic_troop="NPCCharacter.sea_raiders_raider"
           basic_troop="NPCCharacter.sea_raiders_bandit"
           is_bandit="true"
           can_have_settlement="true"
           encounter_background_mesh="encounter_shore_bandit"
           bandit_boss_party_template="PartyTemplate.sea_raiders_boss_party_template" >
		<banner_bearer_replacement_weapons>
			<item
				id="Item.cla_germ_weapon_sword_single" />
		</banner_bearer_replacement_weapons>
	</Culture>
  <Culture id="mountain_bandits"
           name="{=cla_dacian_bandits}Dryatic Raiders"
           bandit_chief="NPCCharacter.mountain_bandits_chief"
           bandit_raider="NPCCharacter.mountain_bandits_raider"
           bandit_bandit="NPCCharacter.mountain_bandits_bandit"
           bandit_boss="NPCCharacter.mountain_bandits_boss"
           elite_basic_troop="NPCCharacter.mountain_bandits_raider"
           basic_troop="NPCCharacter.mountain_bandits_bandit"
           is_bandit="true"
           can_have_settlement="true"
           encounter_background_mesh="encounter_mountain_bandit"
           bandit_boss_party_template="PartyTemplate.mountain_bandits_boss_party_template">
    <banner_bearer_replacement_weapons>
      <item id="Item.cla_dacia_sword_sica_1" />
    </banner_bearer_replacement_weapons>
  </Culture>
  <Culture id="forest_bandits"
           name="{=cla_celt_bandits}Battanii Raiders"
           bandit_chief="NPCCharacter.forest_bandits_chief"
           bandit_raider="NPCCharacter.forest_bandits_raider"
           bandit_bandit="NPCCharacter.forest_bandits_bandit"
           bandit_boss="NPCCharacter.forest_bandits_boss"
           elite_basic_troop="NPCCharacter.forest_bandits_raider"
           basic_troop="NPCCharacter.forest_bandits_bandit"
           is_bandit="true"
           can_have_settlement="true"
           encounter_background_mesh="encounter_forest_bandit"
           bandit_boss_party_template="PartyTemplate.forest_bandits_boss_party_template">
    <banner_bearer_replacement_weapons>
      <item id="Item.battania_sword_1_t2" />
      <item id="Item.battania_sword_2_t3" />
      <item id="Item.battania_sword_4_t4" />
      <item id="Item.battania_sword_5_t5" />
    </banner_bearer_replacement_weapons>
  </Culture>
  <Culture id="desert_bandits"
           name="{=cla_libyan_bandits}Nahasi Rebels"
           bandit_chief="NPCCharacter.desert_bandits_chief"
           bandit_raider="NPCCharacter.desert_bandits_raider"
           bandit_bandit="NPCCharacter.desert_bandits_bandit"
           bandit_boss="NPCCharacter.desert_bandits_boss"
           elite_basic_troop="NPCCharacter.desert_bandits_raider"
           basic_troop="NPCCharacter.desert_bandits_bandit"
           is_bandit="true"
           can_have_settlement="true"
           encounter_background_mesh="encounter_desert_bandits"
           bandit_boss_party_template="PartyTemplate.desert_bandits_boss_party_template" >
    <banner_bearer_replacement_weapons>
      <item id="Item.cla_carthage_weapon_kopis_1" />
    </banner_bearer_replacement_weapons>
  </Culture>
  <Culture id="steppe_bandits"
           name="{=cla_scythian_bandits}Steppe Raiders"
           bandit_chief="NPCCharacter.steppe_bandits_chief"
           bandit_raider="NPCCharacter.steppe_bandits_raider"
           bandit_bandit="NPCCharacter.steppe_bandits_bandit"
           bandit_boss="NPCCharacter.steppe_bandits_boss"
           elite_basic_troop="NPCCharacter.steppe_bandits_raider"
           basic_troop="NPCCharacter.steppe_bandits_bandit"
           is_bandit="true"
           can_have_settlement="true"
           encounter_background_mesh="encounter_desert_bandits"
           bandit_boss_party_template="PartyTemplate.steppe_bandits_boss_party_template">
    <banner_bearer_replacement_weapons>
      <item id="Item.battania_sword_1_t2" />
      <item id="Item.battania_sword_2_t3" />
      <item id="Item.battania_sword_4_t4" />
      <item id="Item.battania_sword_5_t5" />
    </banner_bearer_replacement_weapons>
  </Culture>
</SPCultures>