<?xml version="1.0" encoding="utf-8"?>
<NPCCharacters>
<!-- Standard Bearer -->
  <NPCCharacter id="cla_celt_standard_boar_5"
                default_group="Infantry"
                formation_position_preference="Back"
                level="26"
                name="{=cla_celt_standard_boar_5}Battanii Head Hunter"
                occupation="Soldier"
                is_basic_troop="true"
                culture="Culture.battania"
                skill_template="SkillSet.cla_skills_level26">
    <face>
      <face_key_template value="BodyProperty.cla_fighter_celt" />
      <hair_tags>
        <hair_tag name="Ponytail" />
        <hair_tag name="LongAndBushy" />
        <hair_tag name="TiedAcrossBack" />
        <hair_tag name="SlickedLong" />
        <hair_tag name="PartedAndCombedBack" />
        <hair_tag name="Tousled" />
        <hair_tag name="Short" />
        <hair_tag name="HighPonytail" />
        <hair_tag name="ShortAndThin" />
        <hair_tag name="SlickedShort" />
        <hair_tag name="Bandit Hair 1" />
        <hair_tag name="Bandit Hair 2" />
        <hair_tag name="Bandit Hair 3" />
      </hair_tags>
      <beard_tags>
        <beard_tag name="MustacheAndPatch" />
        <beard_tag name="MediumMustache" />
        <beard_tag name="LightGoatee" />
        <beard_tag name="BushyGoatee" />
        <beard_tag name="DroopingMustacheAndBeard" />
        <beard_tag name="TiedBeardShavenCheeks" />
        <beard_tag name="WaxedMustache" />
        <beard_tag name="DroopyMustache" />
        <beard_tag name="WaxedBeardWithShavedCheeks" />
        <beard_tag name="BeardWithShavedCheeks" />
        <beard_tag name="HeavyShortBeard" />
        <beard_tag name="PointedShortBeard" />
        <beard_tag name="LongBeard" />
        <beard_tag name="HeavyLongBeard" />
        <beard_tag name="LongScragglyBeard" />
        <beard_tag name="cla_CeltMustache" />
        <beard_tag name="cla_HangingMustache" />
        <beard_tag name="cla_CurlyBeard" />
        <beard_tag name="cla_CurlyBeard_2" />
        <beard_tag name="cla_TrimmedGoatee" />
        <beard_tag name="cla_ShortMustache" />
        <beard_tag name="cla_VikingBeard" />
      </beard_tags>
    </face>
    <upgrade_targets> </upgrade_targets>
    <Equipments>
      <EquipmentSet id="cla_celt_standard_boar_5_template" />
      <EquipmentSet id="cla_celt_standard_boar_5_template" civilian="true" />
    </Equipments>
  </NPCCharacter>

<!-- Carnyx-->
  <NPCCharacter id="cla_celt_standard_carnyx_6"
                default_group="Infantry"
                formation_position_preference="Back"
                level="31"
                name="{=cla_celt_standard_carnyx_6}Battanii Carnyx Blower"
                occupation="Soldier"
                is_basic_troop="true"
                culture="Culture.battania"
                skill_template="SkillSet.cla_skills_level31">
    <face>
      <face_key_template value="BodyProperty.cla_fighter_celt" />
      <hair_tags>
        <hair_tag name="Ponytail" />
        <hair_tag name="LongAndBushy" />
        <hair_tag name="TiedAcrossBack" />
        <hair_tag name="SlickedLong" />
        <hair_tag name="PartedAndCombedBack" />
        <hair_tag name="Tousled" />
        <hair_tag name="Short" />
        <hair_tag name="HighPonytail" />
        <hair_tag name="ShortAndThin" />
        <hair_tag name="SlickedShort" />
        <hair_tag name="Bandit Hair 1" />
        <hair_tag name="Bandit Hair 2" />
        <hair_tag name="Bandit Hair 3" />
      </hair_tags>
      <beard_tags>
        <beard_tag name="MustacheAndPatch" />
        <beard_tag name="MediumMustache" />
        <beard_tag name="LightGoatee" />
        <beard_tag name="BushyGoatee" />
        <beard_tag name="DroopingMustacheAndBeard" />
        <beard_tag name="TiedBeardShavenCheeks" />
        <beard_tag name="WaxedMustache" />
        <beard_tag name="DroopyMustache" />
        <beard_tag name="WaxedBeardWithShavedCheeks" />
        <beard_tag name="BeardWithShavedCheeks" />
        <beard_tag name="HeavyShortBeard" />
        <beard_tag name="PointedShortBeard" />
        <beard_tag name="LongBeard" />
        <beard_tag name="HeavyLongBeard" />
        <beard_tag name="LongScragglyBeard" />
        <beard_tag name="cla_CeltMustache" />
        <beard_tag name="cla_HangingMustache" />
        <beard_tag name="cla_CurlyBeard" />
        <beard_tag name="cla_CurlyBeard_2" />
        <beard_tag name="cla_TrimmedGoatee" />
        <beard_tag name="cla_ShortMustache" />
        <beard_tag name="cla_VikingBeard" />
      </beard_tags>
    </face>
    <upgrade_targets> </upgrade_targets>
    <Equipments>
      <EquipmentSet id="cla_celt_standard_carnyx_6_template" />
      <EquipmentSet id="cla_celt_standard_carnyx_6_template" civilian="true" />
    </Equipments>
  </NPCCharacter>
<!-- Officer -->
  <NPCCharacter id="cla_celt_infantry_officer_6"
                default_group="Infantry"
                level="31"
                name="{=cla_celt_infantry_officer_6}Battanii Minor Chieftan"
                occupation="Soldier"
                is_basic_troop="true"
                culture="Culture.battania"
                skill_template="SkillSet.cla_skills_level31">
    <face>
      <face_key_template value="BodyProperty.cla_fighter_celt" />
      <hair_tags>
        <hair_tag name="Ponytail" />
        <hair_tag name="LongAndBushy" />
        <hair_tag name="TiedAcrossBack" />
        <hair_tag name="SlickedLong" />
        <hair_tag name="PartedAndCombedBack" />
        <hair_tag name="Tousled" />
        <hair_tag name="Short" />
        <hair_tag name="HighPonytail" />
        <hair_tag name="ShortAndThin" />
        <hair_tag name="SlickedShort" />
        <hair_tag name="Bandit Hair 1" />
        <hair_tag name="Bandit Hair 2" />
        <hair_tag name="Bandit Hair 3" />
      </hair_tags>
      <beard_tags>
        <beard_tag name="MustacheAndPatch" />
        <beard_tag name="MediumMustache" />
        <beard_tag name="LightGoatee" />
        <beard_tag name="BushyGoatee" />
        <beard_tag name="DroopingMustacheAndBeard" />
        <beard_tag name="TiedBeardShavenCheeks" />
        <beard_tag name="WaxedMustache" />
        <beard_tag name="DroopyMustache" />
        <beard_tag name="WaxedBeardWithShavedCheeks" />
        <beard_tag name="BeardWithShavedCheeks" />
        <beard_tag name="HeavyShortBeard" />
        <beard_tag name="PointedShortBeard" />
        <beard_tag name="LongBeard" />
        <beard_tag name="HeavyLongBeard" />
        <beard_tag name="LongScragglyBeard" />
        <beard_tag name="cla_CeltMustache" />
        <beard_tag name="cla_HangingMustache" />
        <beard_tag name="cla_CurlyBeard" />
        <beard_tag name="cla_CurlyBeard_2" />
        <beard_tag name="cla_TrimmedGoatee" />
        <beard_tag name="cla_ShortMustache" />
        <beard_tag name="cla_VikingBeard" />
      </beard_tags>
    </face>
    <upgrade_targets></upgrade_targets>
    <Equipments>
      <EquipmentSet id="cla_celt_infantry_officer_6_template" />
      <EquipmentSet id="cla_celt_infantry_officer_6_template" civilian="true" />
    </Equipments>
  </NPCCharacter>
  <NPCCharacter id="cla_celt_officer_cavalry_7"
                default_group="Cavalry"
                level="36"
                name="{=cla_celt_officer_cavalry_7}Battanii Mounted War Leader"
                occupation="Soldier"
                is_basic_troop="true"
                culture="Culture.battania"
                skill_template="SkillSet.cla_skills_level36">
    <face>
      <face_key_template value="BodyProperty.cla_fighter_celt" />
      <hair_tags>
        <hair_tag name="Ponytail" />
        <hair_tag name="LongAndBushy" />
        <hair_tag name="TiedAcrossBack" />
        <hair_tag name="SlickedLong" />
        <hair_tag name="PartedAndCombedBack" />
        <hair_tag name="Tousled" />
        <hair_tag name="Short" />
        <hair_tag name="HighPonytail" />
        <hair_tag name="ShortAndThin" />
        <hair_tag name="SlickedShort" />
        <hair_tag name="Bandit Hair 1" />
        <hair_tag name="Bandit Hair 2" />
        <hair_tag name="Bandit Hair 3" />
      </hair_tags>
      <beard_tags>
        <beard_tag name="MustacheAndPatch" />
        <beard_tag name="MediumMustache" />
        <beard_tag name="LightGoatee" />
        <beard_tag name="BushyGoatee" />
        <beard_tag name="DroopingMustacheAndBeard" />
        <beard_tag name="TiedBeardShavenCheeks" />
        <beard_tag name="WaxedMustache" />
        <beard_tag name="DroopyMustache" />
        <beard_tag name="WaxedBeardWithShavedCheeks" />
        <beard_tag name="BeardWithShavedCheeks" />
        <beard_tag name="HeavyShortBeard" />
        <beard_tag name="PointedShortBeard" />
        <beard_tag name="LongBeard" />
        <beard_tag name="HeavyLongBeard" />
        <beard_tag name="LongScragglyBeard" />
        <beard_tag name="cla_CeltMustache" />
        <beard_tag name="cla_HangingMustache" />
        <beard_tag name="cla_CurlyBeard" />
        <beard_tag name="cla_CurlyBeard_2" />
        <beard_tag name="cla_TrimmedGoatee" />
        <beard_tag name="cla_ShortMustache" />
        <beard_tag name="cla_VikingBeard" />
      </beard_tags>
    </face>
     <upgrade_targets></upgrade_targets>
    <Equipments>
      <EquipmentSet id="cla_celt_officer_cavalry_7_template" />
      <EquipmentSet id="cla_celt_officer_cavalry_7_template" civilian="true" />
    </Equipments>
  </NPCCharacter>
<!-- Body Guard -->
  <NPCCharacter id="cla_celt_bodyguard_6"
                default_group="Cavalry"
                level="31"
                name="{=cla_celt_bodyguard_6}Battanii Solduros"
                occupation="Soldier"
                is_basic_troop="true"
                culture="Culture.battania"
                skill_template="SkillSet.cla_skills_level31">
    <face>
      <face_key_template value="BodyProperty.cla_fighter_celt" />
      <hair_tags>
        <hair_tag name="Ponytail" />
        <hair_tag name="LongAndBushy" />
        <hair_tag name="TiedAcrossBack" />
        <hair_tag name="SlickedLong" />
        <hair_tag name="PartedAndCombedBack" />
        <hair_tag name="Tousled" />
        <hair_tag name="Short" />
        <hair_tag name="HighPonytail" />
        <hair_tag name="ShortAndThin" />
        <hair_tag name="SlickedShort" />
        <hair_tag name="Bandit Hair 1" />
        <hair_tag name="Bandit Hair 2" />
        <hair_tag name="Bandit Hair 3" />
      </hair_tags>
      <beard_tags>
        <beard_tag name="MustacheAndPatch" />
        <beard_tag name="MediumMustache" />
        <beard_tag name="LightGoatee" />
        <beard_tag name="BushyGoatee" />
        <beard_tag name="DroopingMustacheAndBeard" />
        <beard_tag name="TiedBeardShavenCheeks" />
        <beard_tag name="WaxedMustache" />
        <beard_tag name="DroopyMustache" />
        <beard_tag name="WaxedBeardWithShavedCheeks" />
        <beard_tag name="BeardWithShavedCheeks" />
        <beard_tag name="HeavyShortBeard" />
        <beard_tag name="PointedShortBeard" />
        <beard_tag name="LongBeard" />
        <beard_tag name="HeavyLongBeard" />
        <beard_tag name="LongScragglyBeard" />
        <beard_tag name="cla_CeltMustache" />
        <beard_tag name="cla_HangingMustache" />
        <beard_tag name="cla_CurlyBeard" />
        <beard_tag name="cla_CurlyBeard_2" />
        <beard_tag name="cla_TrimmedGoatee" />
        <beard_tag name="cla_ShortMustache" />
        <beard_tag name="cla_VikingBeard" />
      </beard_tags>
    </face>
     <upgrade_targets></upgrade_targets>
    <Equipments>
      <EquipmentSet id="cla_celt_bodyguard_6_template" />
      <EquipmentSet id="cla_celt_bodyguard_6_template" civilian="true" />
    </Equipments>
  </NPCCharacter>

</NPCCharacters>