<?xml version="1.0" encoding="utf-8"?>
<NPCCharacters>
  <!-- Troops -->
  <NPCCharacter id="cla_celt_minor_wolfskin_recruit"
                default_group="Infantry"
                level="6"
                name="{=cla_celt_minor_wolfskin_recruit}Wolf Tribesman"
                occupation="Soldier"
                is_basic_troop="true"
                culture="Culture.battania"
                skill_template="SkillSet.cla_skills_level6_elite">
    <face>
      <face_key_template value="BodyProperty.cla_fighter_celt" />
      <hair_tags>
        <hair_tag name="Ponytail" />
        <hair_tag name="LongAndBushy" />
        <hair_tag name="TiedAcrossBack" />
        <hair_tag name="SlickedLong" />
        <hair_tag name="PartedAndCombedBack" />
        <hair_tag name="Tousled" />
        <hair_tag name="Short" />
        <hair_tag name="HighPonytail" />
        <hair_tag name="ShortAndThin" />
        <hair_tag name="SlickedShort" />
        <hair_tag name="Bandit Hair 1" />
        <hair_tag name="Bandit Hair 2" />
        <hair_tag name="Bandit Hair 3" />
      </hair_tags>
      <beard_tags>
        <beard_tag name="MustacheAndPatch" />
        <beard_tag name="MediumMustache" />
        <beard_tag name="LightGoatee" />
        <beard_tag name="BushyGoatee" />
        <beard_tag name="DroopingMustacheAndBeard" />
        <beard_tag name="TiedBeardShavenCheeks" />
        <beard_tag name="WaxedMustache" />
        <beard_tag name="DroopyMustache" />
        <beard_tag name="WaxedBeardWithShavedCheeks" />
        <beard_tag name="BeardWithShavedCheeks" />
        <beard_tag name="HeavyShortBeard" />
        <beard_tag name="PointedShortBeard" />
        <beard_tag name="LongBeard" />
        <beard_tag name="HeavyLongBeard" />
        <beard_tag name="LongScragglyBeard" />
        <beard_tag name="cla_CeltMustache" />
        <beard_tag name="cla_HangingMustache" />
        <beard_tag name="cla_CurlyBeard" />
        <beard_tag name="cla_CurlyBeard_2" />
        <beard_tag name="cla_TrimmedGoatee" />
        <beard_tag name="cla_ShortMustache" />
        <beard_tag name="cla_VikingBeard" />
      </beard_tags>
    </face>
    <upgrade_targets>
      <upgrade_target id="NPCCharacter.cla_celt_minor_wolfskin_infantry_2" />
    </upgrade_targets>
    <Equipments>
      <EquipmentSet id="cla_celt_minor_wolfskin_recruit_template" />
      <EquipmentSet id="cla_celt_minor_wolfskin_recruit_template" civilian="true" />
    </Equipments>
  </NPCCharacter>
  <NPCCharacter id="cla_celt_minor_wolfskin_infantry_2"
                default_group="Infantry"
                level="11"
                name="{=cla_celt_minor_wolfskin_infantry_2}Wolf Warrior"
                occupation="Soldier"
                culture="Culture.battania"
                skill_template="SkillSet.cla_skills_level11_elite">
    <face>
      <face_key_template value="BodyProperty.cla_fighter_celt" />
      <hair_tags>
        <hair_tag name="Ponytail" />
        <hair_tag name="LongAndBushy" />
        <hair_tag name="TiedAcrossBack" />
        <hair_tag name="SlickedLong" />
        <hair_tag name="PartedAndCombedBack" />
        <hair_tag name="Tousled" />
        <hair_tag name="Short" />
        <hair_tag name="HighPonytail" />
        <hair_tag name="ShortAndThin" />
        <hair_tag name="SlickedShort" />
        <hair_tag name="Bandit Hair 1" />
        <hair_tag name="Bandit Hair 2" />
        <hair_tag name="Bandit Hair 3" />
      </hair_tags>
      <beard_tags>
        <beard_tag name="MustacheAndPatch" />
        <beard_tag name="MediumMustache" />
        <beard_tag name="LightGoatee" />
        <beard_tag name="BushyGoatee" />
        <beard_tag name="DroopingMustacheAndBeard" />
        <beard_tag name="TiedBeardShavenCheeks" />
        <beard_tag name="WaxedMustache" />
        <beard_tag name="DroopyMustache" />
        <beard_tag name="WaxedBeardWithShavedCheeks" />
        <beard_tag name="BeardWithShavedCheeks" />
        <beard_tag name="HeavyShortBeard" />
        <beard_tag name="PointedShortBeard" />
        <beard_tag name="LongBeard" />
        <beard_tag name="HeavyLongBeard" />
        <beard_tag name="LongScragglyBeard" />
        <beard_tag name="cla_CeltMustache" />
        <beard_tag name="cla_HangingMustache" />
        <beard_tag name="cla_CurlyBeard" />
        <beard_tag name="cla_CurlyBeard_2" />
        <beard_tag name="cla_TrimmedGoatee" />
        <beard_tag name="cla_ShortMustache" />
        <beard_tag name="cla_VikingBeard" />
      </beard_tags>
    </face>
    <upgrade_targets>
      <upgrade_target id="NPCCharacter.cla_celt_minor_wolfskin_infantry_3" />
    </upgrade_targets>
    <Equipments>
      <EquipmentSet id="cla_celt_minor_wolfskin_infantry_2_template" />
      <EquipmentSet id="cla_celt_minor_wolfskin_infantry_2_template" civilian="true" />
    </Equipments>
  </NPCCharacter>
  <NPCCharacter id="cla_celt_minor_wolfskin_infantry_3"
                default_group="Infantry"
                level="16"
                name="{=cla_celt_minor_wolfskin_infantry_3}Wolf Veteran Warrior"
                occupation="Soldier"
                culture="Culture.battania"
                skill_template="SkillSet.cla_skills_level16">
    <face>
      <face_key_template value="BodyProperty.cla_fighter_celt" />
      <hair_tags>
        <hair_tag name="Ponytail" />
        <hair_tag name="LongAndBushy" />
        <hair_tag name="TiedAcrossBack" />
        <hair_tag name="SlickedLong" />
        <hair_tag name="PartedAndCombedBack" />
        <hair_tag name="Tousled" />
        <hair_tag name="Short" />
        <hair_tag name="HighPonytail" />
        <hair_tag name="ShortAndThin" />
        <hair_tag name="SlickedShort" />
        <hair_tag name="Bandit Hair 1" />
        <hair_tag name="Bandit Hair 2" />
        <hair_tag name="Bandit Hair 3" />
      </hair_tags>
      <beard_tags>
        <beard_tag name="MustacheAndPatch" />
        <beard_tag name="MediumMustache" />
        <beard_tag name="LightGoatee" />
        <beard_tag name="BushyGoatee" />
        <beard_tag name="DroopingMustacheAndBeard" />
        <beard_tag name="TiedBeardShavenCheeks" />
        <beard_tag name="WaxedMustache" />
        <beard_tag name="DroopyMustache" />
        <beard_tag name="WaxedBeardWithShavedCheeks" />
        <beard_tag name="BeardWithShavedCheeks" />
        <beard_tag name="HeavyShortBeard" />
        <beard_tag name="PointedShortBeard" />
        <beard_tag name="LongBeard" />
        <beard_tag name="HeavyLongBeard" />
        <beard_tag name="LongScragglyBeard" />
        <beard_tag name="cla_CeltMustache" />
        <beard_tag name="cla_HangingMustache" />
        <beard_tag name="cla_CurlyBeard" />
        <beard_tag name="cla_CurlyBeard_2" />
        <beard_tag name="cla_TrimmedGoatee" />
        <beard_tag name="cla_ShortMustache" />
        <beard_tag name="cla_VikingBeard" />
      </beard_tags>
    </face>
    <upgrade_targets>
      <upgrade_target id="NPCCharacter.cla_celt_minor_wolfskin_infantry_4" />
    </upgrade_targets>
    <Equipments>
      <EquipmentSet id="cla_celt_minor_wolfskin_infantry_3_template" />
      <EquipmentSet id="cla_celt_minor_wolfskin_infantry_3_template" civilian="true" />
    </Equipments>
  </NPCCharacter>
  <NPCCharacter id="cla_celt_minor_wolfskin_infantry_4"
                default_group="Infantry"
                level="21"
                name="{=cla_celt_minor_wolfskin_infantry_4}Wolf Elite Warrior"
                occupation="Soldier"
                culture="Culture.battania"
                skill_template="SkillSet.cla_skills_level21_elite">
    <face>
      <face_key_template value="BodyProperty.cla_fighter_celt" />
      <hair_tags>
        <hair_tag name="Ponytail" />
        <hair_tag name="LongAndBushy" />
        <hair_tag name="TiedAcrossBack" />
        <hair_tag name="SlickedLong" />
        <hair_tag name="PartedAndCombedBack" />
        <hair_tag name="Tousled" />
        <hair_tag name="Short" />
        <hair_tag name="HighPonytail" />
        <hair_tag name="ShortAndThin" />
        <hair_tag name="SlickedShort" />
        <hair_tag name="Bandit Hair 1" />
        <hair_tag name="Bandit Hair 2" />
        <hair_tag name="Bandit Hair 3" />
      </hair_tags>
      <beard_tags>
        <beard_tag name="MustacheAndPatch" />
        <beard_tag name="MediumMustache" />
        <beard_tag name="LightGoatee" />
        <beard_tag name="BushyGoatee" />
        <beard_tag name="DroopingMustacheAndBeard" />
        <beard_tag name="TiedBeardShavenCheeks" />
        <beard_tag name="WaxedMustache" />
        <beard_tag name="DroopyMustache" />
        <beard_tag name="WaxedBeardWithShavedCheeks" />
        <beard_tag name="BeardWithShavedCheeks" />
        <beard_tag name="HeavyShortBeard" />
        <beard_tag name="PointedShortBeard" />
        <beard_tag name="LongBeard" />
        <beard_tag name="HeavyLongBeard" />
        <beard_tag name="LongScragglyBeard" />
        <beard_tag name="cla_CeltMustache" />
        <beard_tag name="cla_HangingMustache" />
        <beard_tag name="cla_CurlyBeard" />
        <beard_tag name="cla_CurlyBeard_2" />
        <beard_tag name="cla_TrimmedGoatee" />
        <beard_tag name="cla_ShortMustache" />
        <beard_tag name="cla_VikingBeard" />
      </beard_tags>
    </face>
    <upgrade_targets>
    </upgrade_targets>
    <Equipments>
      <EquipmentSet id="cla_celt_minor_wolfskin_infantry_4_template" />
      <EquipmentSet id="cla_celt_minor_wolfskin_infantry_4_template" civilian="true" />
    </Equipments>
  </NPCCharacter>
</NPCCharacters>