<?xml version="1.0" encoding="utf-8"?>
<NPCCharacters>
<!-- Auxilia Troop Tree -->
  <NPCCharacter id="cla_rome_auxilia_recruit_dacia"
                default_group="Infantry"
                level="6"
                name="{=cla_rome_auxilia_recruit_dacia}Auxilia Cohortales Tiro Dryatic"
                occupation="Soldier"
                is_basic_troop="true"
                culture="Culture.vlandia"
                skill_template="SkillSet.cla_skills_level6">
    <face>
      <face_key_template value="BodyProperty.cla_fighter_dacia" />
    </face>
    <upgrade_targets>
      <upgrade_target id="NPCCharacter.cla_rome_auxilia_infantry_spear_dacia_2" />
      <upgrade_target id="NPCCharacter.cla_rome_auxilia_archer_dacia_2" />
      <upgrade_target id="NPCCharacter.cla_rome_auxilia_cavalry_dacia_2" />
      <upgrade_target id="NPCCharacter.cla_rome_auxilia_special_dacia_2" />
    </upgrade_targets>
    <Equipments>
      <EquipmentSet id="cla_rome_auxilia_recruit_dacia_template" />
      <EquipmentSet id="cla_rome_auxilia_recruit_dacia_template" civilian="true" />
    </Equipments>
  </NPCCharacter>
  <NPCCharacter id="cla_rome_auxilia_infantry_spear_dacia_2"
                default_group="Infantry"
                level="11"
                name="{=cla_rome_auxilia_infantry_spear_dacia_2}Auxilia Cohortales Miles Dryatic"
                occupation="Soldier"
                culture="Culture.vlandia"
                skill_template="SkillSet.cla_skills_level11">
    <face>
      <face_key_template value="BodyProperty.cla_fighter_dacia" />
    </face>
    <upgrade_targets>
      <upgrade_target id="NPCCharacter.cla_rome_auxilia_infantry_spear_dacia_3" />
    </upgrade_targets>
    <Equipments>
      <EquipmentSet id="cla_rome_auxilia_infantry_spear_2_dacia_template" />
      <EquipmentSet id="cla_rome_auxilia_infantry_spear_2_dacia_template" civilian="true" />
    </Equipments>
  </NPCCharacter>
  <NPCCharacter id="cla_rome_auxilia_infantry_spear_dacia_3"
                default_group="Infantry"
                formation_position_preference="Back"
                level="16"
                name="{=cla_rome_auxilia_infantry_spear_dacia_3}Auxilia Cohortales Immunes Dryatic"
                occupation="Soldier"
                culture="Culture.vlandia"
                skill_template="SkillSet.cla_skills_level16">
    <face>
      <face_key_template value="BodyProperty.cla_fighter_dacia" />
    </face>
    <upgrade_targets>
    </upgrade_targets>
    <Equipments>
      <EquipmentSet id="cla_rome_auxilia_infantry_spear_3_dacia_template" />
      <EquipmentSet id="cla_rome_auxilia_infantry_spear_3_dacia_template" civilian="true" />
    </Equipments>
  </NPCCharacter>

<!-- Archers -->
  <NPCCharacter id="cla_rome_auxilia_archer_dacia_2"
                default_group="Ranged"
                level="11"
                name="{=cla_rome_auxilia_archer_2}Auxilia Sagittarius Tiro Dryatic"
                occupation="Soldier"
                culture="Culture.vlandia"
                skill_template="SkillSet.cla_skills_level11">
    <face>
      <face_key_template value="BodyProperty.cla_fighter_dacia" />
    </face>
    <upgrade_targets>
      <upgrade_target id="NPCCharacter.cla_rome_auxilia_archer_dacia_3" />
    </upgrade_targets>
    <Equipments>
      <EquipmentSet id="cla_rome_auxilia_archer_2_dacia_template" />
      <EquipmentSet id="cla_rome_auxilia_archer_2_dacia_template" civilian="true" />
    </Equipments>
  </NPCCharacter>
  <NPCCharacter id="cla_rome_auxilia_archer_dacia_3"
                default_group="Ranged"
                level="16"
                name="{=cla_rome_auxilia_archer_dacia_3}Auxilia Sagittarius Dryatic"
                occupation="Soldier"
                culture="Culture.vlandia"
                skill_template="SkillSet.cla_skills_level16">
    <face>
      <face_key_template value="BodyProperty.cla_fighter_dacia" />
    </face>
    <upgrade_targets>
    </upgrade_targets>
    <Equipments>
      <EquipmentSet id="cla_rome_auxilia_archer_3_dacia_template" />
      <EquipmentSet id="cla_rome_auxilia_archer_3_dacia_template" civilian="true" />
    </Equipments>
  </NPCCharacter>

<!-- Cavalry-->
  <NPCCharacter id="cla_rome_auxilia_cavalry_dacia_2"
                default_group="Cavalry"
                level="11"
                name="{=cla_rome_auxilia_cavalry_2}Eques Alaris Novicus Dryatic"
                upgrade_requires="ItemCategory.horse"
                occupation="Soldier"
                culture="Culture.vlandia"
                skill_template="SkillSet.cla_skills_level11">
    <face>
      <face_key_template value="BodyProperty.cla_fighter_dacia" />
    </face>
    <upgrade_targets>
      <upgrade_target id="NPCCharacter.cla_rome_auxilia_cavalry_dacia_3" />
    </upgrade_targets>
    <Equipments>
      <EquipmentSet id="cla_rome_auxilia_cavalry_2_dacia_template" />
      <EquipmentSet id="cla_rome_auxilia_cavalry_2_dacia_template" civilian="true" />
    </Equipments>
  </NPCCharacter>
  <NPCCharacter id="cla_rome_auxilia_cavalry_dacia_3"
                default_group="Cavalry"
                level="16"
                name="{=cla_rome_auxilia_cavalry_dacia_3}Eques Alaris Dryatic"
                occupation="Soldier"
                culture="Culture.vlandia"
                skill_template="SkillSet.cla_skills_level16">
    <face>
      <face_key_template value="BodyProperty.cla_fighter_dacia" />
    </face>
    <upgrade_targets>
    </upgrade_targets>
    <Equipments>
      <EquipmentSet id="cla_rome_auxilia_cavalry_3_dacia_template" />
      <EquipmentSet id="cla_rome_auxilia_cavalry_3_dacia_template" civilian="true" />
    </Equipments>
  </NPCCharacter>

<!-- Culture specific -->
  <NPCCharacter id="cla_rome_auxilia_special_dacia_2"
                default_group="Infantry"
                level="11"
                name="{=cla_rome_auxilia_special_dacia_2}Auxilia Dryatic Falxman"
                occupation="Soldier"
                culture="Culture.vlandia"
                skill_template="SkillSet.cla_skills_level11">
    <face>
      <face_key_template value="BodyProperty.cla_fighter_dacia" />
    </face>
    <upgrade_targets>
      <upgrade_target id="NPCCharacter.cla_rome_auxilia_special_dacia_3" />
    </upgrade_targets>
    <Equipments>
      <EquipmentSet id="cla_rome_auxilia_special_dacia_2_template" />
      <EquipmentSet id="cla_rome_auxilia_special_dacia_2_template" civilian="true" />
    </Equipments>
  </NPCCharacter>
  <NPCCharacter id="cla_rome_auxilia_special_dacia_3"
                default_group="Infantry"
                formation_position_preference="Back"
                level="16"
                name="{=cla_rome_auxilia_special_dacia_3}Auxilia Dryatic Trained Falxman"
                occupation="Soldier"
                culture="Culture.vlandia"
                skill_template="SkillSet.cla_skills_level16">
    <face>
      <face_key_template value="BodyProperty.cla_fighter_dacia" />
    </face>
    <upgrade_targets>
      <upgrade_target id="NPCCharacter.cla_rome_auxilia_special_dacia_4" />
    </upgrade_targets>
    <Equipments>
      <EquipmentSet id="cla_rome_auxilia_special_dacia_3_template" />
      <EquipmentSet id="cla_rome_auxilia_special_dacia_3_template" civilian="true" />
    </Equipments>
  </NPCCharacter>
  <NPCCharacter id="cla_rome_auxilia_special_dacia_4"
                default_group="Infantry"
                formation_position_preference="Back"
                level="21"
                name="{=cla_rome_auxilia_special_dacia_4}Auxilia Dryatic Veteran Falxman"
                occupation="Soldier"
                culture="Culture.vlandia"
                skill_template="SkillSet.cla_skills_level21">
    <face>
      <face_key_template value="BodyProperty.cla_fighter_dacia" />
    </face>
    <upgrade_targets>
    </upgrade_targets>
    <Equipments>
      <EquipmentSet id="cla_rome_auxilia_special_dacia_4_template" />
      <EquipmentSet id="cla_rome_auxilia_special_dacia_4_template" civilian="true" />
    </Equipments>
  </NPCCharacter>
</NPCCharacters>