<?xml version="1.0" encoding="utf-8"?>
<NPCCharacters>

  <NPCCharacter id="cla_carthage_machairaphoroi_libyan_1"
                default_group="Infantry"
                level="6"
                name="{=cla_carthage_machairaphoroi_libyan_1}Puruz Nahasi (Swordsman)"
                occupation="Soldier"
                is_basic_troop="true"
                culture="Culture.aserai"
                skill_template="SkillSet.cla_skills_level6">
    <face>
      <face_key_template value="BodyProperty.cla_fighter_nahasi" />
    </face>
    <upgrade_targets>
      <upgrade_target id="NPCCharacter.cla_carthage_machairaphoroi_libyan_2" />
      <upgrade_target id="NPCCharacter.cla_carthage_slinger_libyan_2" />
      <upgrade_target id="NPCCharacter.cla_carthage_lancer_cav_libyan_2" />
    </upgrade_targets>
    <Equipments>
      <EquipmentSet id="cla_carthage_machairaphoroi_libyan_1_template" />
      <EquipmentSet id="cla_carthage_machairaphoroi_libyan_1_template" civilian="true" />
    </Equipments>
  </NPCCharacter>
  <NPCCharacter id="cla_carthage_machairaphoroi_libyan_2"
                default_group="Infantry"
                level="11"
                name="{=cla_carthage_machairaphoroi_libyan_2}Mishoter Nahasi (Swordsman)"
                occupation="Soldier"
                culture="Culture.aserai"
                skill_template="SkillSet.cla_skills_level11">
    <face>
      <face_key_template value="BodyProperty.cla_fighter_nahasi" />
    </face>
    <upgrade_targets>
      <upgrade_target id="NPCCharacter.cla_carthage_machairaphoroi_libyan_3" />
    </upgrade_targets>
    <Equipments>
      <EquipmentSet id="cla_carthage_machairaphoroi_libyan_2_template" />
      <EquipmentSet id="cla_carthage_machairaphoroi_libyan_2_template" civilian="true" />
    </Equipments>
  </NPCCharacter>
  <NPCCharacter id="cla_carthage_machairaphoroi_libyan_3"
                default_group="Infantry"
                level="16"
                name="{=cla_carthage_machairaphoroi_libyan_3}Ish Mahnit Nahasi (Swordsman)"
                occupation="Soldier"
                culture="Culture.aserai"
                skill_template="SkillSet.cla_skills_level16">
    <face>
      <face_key_template value="BodyProperty.cla_fighter_nahasi" />
    </face>
    <upgrade_targets>
    </upgrade_targets>
    <Equipments>
      <EquipmentSet id="cla_carthage_machairaphoroi_libyan_3_template" />
      <EquipmentSet id="cla_carthage_machairaphoroi_libyan_3_template" civilian="true" />
    </Equipments>
  </NPCCharacter>

<!-- Slingers -->
  <NPCCharacter id="cla_carthage_slinger_libyan_2"
                default_group="Ranged"
                level="11"
                name="{=cla_carthage_slinger_libyan_2}Na'ar Nahasi (Slinger)"
                occupation="Soldier"
                culture="Culture.aserai"
                skill_template="SkillSet.cla_skills_level11">
    <face>
      <face_key_template value="BodyProperty.cla_fighter_nahasi" />
    </face>
    <upgrade_targets>
      <upgrade_target id="NPCCharacter.cla_carthage_slinger_libyan_3" />
    </upgrade_targets>
    <Equipments>
      <EquipmentSet id="cla_carthage_slinger_libyan_2_template" />
      <EquipmentSet id="cla_carthage_slinger_libyan_2_template" civilian="true" />
    </Equipments>
  </NPCCharacter>
  <NPCCharacter id="cla_carthage_slinger_libyan_3"
                default_group="Ranged"
                level="16"
                name="{=cla_carthage_slinger_libyan_3}Qalla'a Nahasi (Slinger)"
                occupation="Soldier"
                culture="Culture.aserai"
                skill_template="SkillSet.cla_skills_level16">
    <face>
      <face_key_template value="BodyProperty.cla_fighter_nahasi" />
    </face>
    <upgrade_targets>
    </upgrade_targets>
    <Equipments>
      <EquipmentSet id="cla_carthage_slinger_libyan_3_template" />
      <EquipmentSet id="cla_carthage_slinger_libyan_3_template" civilian="true" />
    </Equipments>
  </NPCCharacter>

<!-- Libyan Lancers -->
<!-- Lancer -->
  <NPCCharacter id="cla_carthage_lancer_cav_libyan_2"
                default_group="Cavalry"
                level="11"
                name="{=cla_carthage_lancer_cav_libyan_2}Rakub Nahasi (Lancer)"
                upgrade_requires="ItemCategory.horse"
                occupation="Soldier"
                culture="Culture.aserai"
                skill_template="SkillSet.cla_skills_level11">
    <face>
      <face_key_template value="BodyProperty.cla_fighter_nahasi" />
    </face>
    <upgrade_targets>
      <upgrade_target id="NPCCharacter.cla_carthage_lancer_cav_libyan_3" />
    </upgrade_targets>
    <Equipments>
      <EquipmentSet id="cla_carthage_lancer_cav_libyan_2_template" />
      <EquipmentSet id="cla_carthage_lancer_cav_libyan_2_template" civilian="true" />
    </Equipments>
  </NPCCharacter>
  <NPCCharacter id="cla_carthage_lancer_cav_libyan_3"
                default_group="Cavalry"
                level="16"
                name="{=cla_carthage_lancer_cav_libyan_3}Rakub Nahasi (Lancer)"
                upgrade_requires="ItemCategory.horse"
                occupation="Soldier"
                culture="Culture.aserai"
                skill_template="SkillSet.cla_skills_level16">
    <face>
      <face_key_template value="BodyProperty.cla_fighter_nahasi" />
    </face>
    <upgrade_targets>
      <upgrade_target id="NPCCharacter.cla_carthage_lancer_cav_libyan_4" />
    </upgrade_targets>
    <Equipments>
      <EquipmentSet id="cla_carthage_lancer_cav_libyan_3_template" />
      <EquipmentSet id="cla_carthage_lancer_cav_libyan_3_template" civilian="true" />
    </Equipments>
  </NPCCharacter>
  <NPCCharacter id="cla_carthage_lancer_cav_libyan_4"
                default_group="Cavalry"
                level="21"
                name="{=cla_carthage_lancer_cav_libyan_4}Purush Nahasi Buhur (Lancer)"
                upgrade_requires="ItemCategory.war_horse"
                occupation="Soldier"
                culture="Culture.aserai"
                skill_template="SkillSet.cla_skills_level21">
    <face>
      <face_key_template value="BodyProperty.cla_fighter_nahasi" />
    </face>
    <upgrade_targets>
    </upgrade_targets>
    <Equipments>
      <EquipmentSet id="cla_carthage_lancer_cav_libyan_4_template" />
      <EquipmentSet id="cla_carthage_lancer_cav_libyan_4_template" civilian="true" />
    </Equipments>
  </NPCCharacter>

</NPCCharacters>