<?xml version="1.0" encoding="utf-8"?>
<NPCCharacters>

<!-- Legionaries -->
  <NPCCharacter id="cla_rome_minor_hidden_hand_infantry_2"
                default_group="Infantry"
                level="11"
                name="{=cla_rome_minor_hidden_hand_infantry_2}Treacherous Praetorian Tiro"
                occupation="Soldier"
                culture="Culture.empire"
                skill_template="SkillSet.cla_skills_level11_elite">
    <face>
      <face_key_template value="BodyProperty.cla_rome_legionary" />
    </face>
    <upgrade_targets>
      <upgrade_target id="NPCCharacter.cla_rome_minor_hidden_hand_infantry_3" />
    </upgrade_targets>
    <Equipments>
      <EquipmentSet id="cla_rome_infantry_2_template" />
      <EquipmentSet id="cla_rome_infantry_2_template" civilian="true" />
    </Equipments>
  </NPCCharacter>
  <NPCCharacter id="cla_rome_minor_hidden_hand_infantry_3"
                default_group="Infantry"
                level="16"
                name="{=cla_rome_minor_hidden_hand_infantry_3}Treacherous Praetorian Miles"
                occupation="Soldier"
                culture="Culture.empire"
                skill_template="SkillSet.cla_skills_level16_elite">
    <face>
      <face_key_template value="BodyProperty.cla_rome_legionary" />
    </face>
    <upgrade_targets>
      <upgrade_target id="NPCCharacter.cla_rome_minor_hidden_hand_infantry_4" />
    </upgrade_targets>
    <Equipments>
      <EquipmentSet id="cla_rome_infantry_3_template" />
      <EquipmentSet id="cla_rome_infantry_3_template" civilian="true" />
    </Equipments>
  </NPCCharacter>
  <NPCCharacter id="cla_rome_minor_hidden_hand_infantry_4"
                default_group="Infantry"
                level="21"
                name="{=cla_rome_minor_hidden_hand_infantry_4}Treacherous Praetorian First Cohort"
                occupation="Soldier"
                culture="Culture.empire"
                skill_template="SkillSet.cla_skills_level21_elite">
    <face>
      <face_key_template value="BodyProperty.cla_rome_legionary" />
    </face>
    <upgrade_targets>
    </upgrade_targets>
    <Equipments>
      <EquipmentSet id="cla_rome_minor_hidden_hand_infantry_4_template" />
      <EquipmentSet id="cla_rome_minor_hidden_hand_infantry_4_template" civilian="true" />
    </Equipments>
  </NPCCharacter>

</NPCCharacters>