<?xml version="1.0" encoding="utf-8"?>
<NPCCharacters>

  <NPCCharacter id="cla_iberian_caetrati_2"
                default_group="Infantry"
                level="11"
                name="{=cla_iberian_caetrati_2}Massa Caetrati"
                occupation="Soldier"
                is_basic_troop="true"
                culture="Culture.aserai"
                skill_template="SkillSet.cla_skills_level11_elite">
    <face>
      <face_key_template value="BodyProperty.cla_fighter_iberian" />
    </face>
    <upgrade_targets>
      <upgrade_target id="NPCCharacter.cla_iberian_caetrati_3" />
      <upgrade_target id="NPCCharacter.cla_iberian_scutari_3" />
    </upgrade_targets>
    <Equipments>
      <EquipmentSet id="cla_iberian_caetrati_2_template" />
      <EquipmentSet id="cla_iberian_caetrati_2_template" civilian="true" />
    </Equipments>
  </NPCCharacter>
  <NPCCharacter id="cla_iberian_caetrati_3"
                default_group="Infantry"
                level="16"
                name="{=cla_iberian_caetrati_3}Massa Trained Caetrati"
                occupation="Soldier"
                culture="Culture.aserai"
                skill_template="SkillSet.cla_skills_level16_elite">
    <face>
      <face_key_template value="BodyProperty.cla_fighter_iberian" />
    </face>
    <upgrade_targets>
      <upgrade_target id="NPCCharacter.cla_iberian_caetrati_4" />
    </upgrade_targets>
    <Equipments>
      <EquipmentSet id="cla_iberian_caetrati_3_template" />
      <EquipmentSet id="cla_iberian_caetrati_3_template" civilian="true" />
    </Equipments>
  </NPCCharacter>
  <NPCCharacter id="cla_iberian_caetrati_4"
                default_group="Infantry"
                level="21"
                name="{=cla_iberian_caetrati_4}Massa Veteran Caetrati"
                occupation="Soldier"
                culture="Culture.aserai"
                skill_template="SkillSet.cla_skills_level21_elite">
    <face>
      <face_key_template value="BodyProperty.cla_fighter_iberian" />
    </face>
    <upgrade_targets>
    </upgrade_targets>
    <Equipments>
      <EquipmentSet id="cla_iberian_caetrati_4_template" />
      <EquipmentSet id="cla_iberian_caetrati_4_template" civilian="true" />
    </Equipments>
  </NPCCharacter>

<!-- Scutarii -->
  <NPCCharacter id="cla_iberian_scutari_3"
                default_group="Infantry"
                level="16"
                name="{=cla_iberian_scutari_3}Massa Scutari"
                occupation="Soldier"
                culture="Culture.aserai"
                skill_template="SkillSet.cla_skills_level16_elite">
    <face>
      <face_key_template value="BodyProperty.cla_fighter_iberian" />
    </face>
    <upgrade_targets>
      <upgrade_target id="NPCCharacter.cla_iberian_scutari_4" />
    </upgrade_targets>
    <Equipments>
      <EquipmentSet id="cla_iberian_scutari_3_template" />
      <EquipmentSet id="cla_iberian_scutari_3_template" civilian="true" />
    </Equipments>
  </NPCCharacter>
  <NPCCharacter id="cla_iberian_scutari_4"
                default_group="Infantry"
                level="21"
                name="{=cla_iberian_scutari_4}Massa Veteran Scutari"
                occupation="Soldier"
                culture="Culture.aserai"
                skill_template="SkillSet.cla_skills_level21_elite">
    <face>
      <face_key_template value="BodyProperty.cla_fighter_iberian" />
    </face>
    <upgrade_targets>
    </upgrade_targets>
    <Equipments>
      <EquipmentSet id="cla_iberian_scutari_4_template" />
      <EquipmentSet id="cla_iberian_scutari_4_template" civilian="true" />
    </Equipments>
  </NPCCharacter>
</NPCCharacters>