<?xml version="1.0" encoding="utf-8"?>
<NPCCharacters>


<!-- Officer -->
  <NPCCharacter id="cla_germ_officer_7"
                default_group="Infantry"
                formation_position_preference="Back"
                level="36"
                name="{=cla_germ_officer_7}Thiudiskaz Harjatugo (Officer)"
                occupation="Soldier"
                is_basic_troop="true"
                culture="Culture.sturgia"
                skill_template="SkillSet.cla_skills_level36_elite">
    <face>
      <face_key_template value="BodyProperty.cla_fighter_germanic" />
    </face>
    <upgrade_targets>
    </upgrade_targets>
    <Equipments>
      <EquipmentSet id="cla_germ_officer_7_template" />
      <EquipmentSet id="cla_germ_officer_7_template" civilian="true" />
    </Equipments>
  </NPCCharacter>
<!-- Banner -->
  <NPCCharacter id="cla_germ_standard_bearer_6"
                default_group="Infantry"
                formation_position_preference="Back"
                level="31"
                name="{=cla_germ_standard_bearer_6}Thiudiskaz Gunthifano (Standard Bearer)"
                occupation="Soldier"
                is_basic_troop="true"
                culture="Culture.sturgia"
                skill_template="SkillSet.cla_skills_level31">
    <face>
      <face_key_template value="BodyProperty.cla_fighter_germanic" />
    </face>
    <upgrade_targets>
    </upgrade_targets>
    <Equipments>
      <EquipmentSet id="cla_germ_standard_bearer_6_template" />
      <EquipmentSet id="cla_germ_standard_bearer_6_template" civilian="true" />
    </Equipments>
  </NPCCharacter>

<!-- Infantry Bodyguard -->
  <NPCCharacter id="cla_germ_bodyguard_infantry_6"
                default_group="Infantry"
                level="31"
                name="{=cla_germ_bodyguard_infantry_6}Thiudiskaz Herthwarduz (Houseguard Infantry)"
                occupation="Soldier"
                is_basic_troop="true"
                culture="Culture.sturgia"
                skill_template="SkillSet.cla_skills_level31">
    <face>
      <face_key_template value="BodyProperty.cla_fighter_germanic" />
    </face>
    <upgrade_targets>
    </upgrade_targets>
    <Equipments>
      <EquipmentSet id="cla_germ_bodyguard_infantry_6_template" />
      <EquipmentSet id="cla_germ_bodyguard_infantry_6_template" civilian="true" />
    </Equipments>
  </NPCCharacter>
<!-- Cavalry Bodygaurd -->
  <NPCCharacter id="cla_germ_bodyguard_cavalry_6"
                default_group="Cavalry"
                level="31"
                name="{=cla_germ_bodyguard_cavalry_6}Thiudiskaz Mahtigamarhaz (Houseguard Cavalry)"
                occupation="Soldier"
                is_basic_troop="true"
                culture="Culture.sturgia"
                skill_template="SkillSet.cla_skills_level31">
    <face>
      <face_key_template value="BodyProperty.cla_fighter_germanic" />
    </face>
    <upgrade_targets>
    </upgrade_targets>
    <Equipments>
      <EquipmentSet id="cla_germ_bodyguard_cavalry_6_template" />
      <EquipmentSet id="cla_germ_bodyguard_cavalry_6_template" civilian="true" />
    </Equipments>
  </NPCCharacter>

</NPCCharacters>