<?xml version="1.0" encoding="utf-8"?>
<NPCCharacters>
<!-- Sacred Band -->

  <NPCCharacter id="cla_carthage_bodyguard_6"
                default_group="Infantry"
                level="31"
                name="{=cla_carthage_bodyguard_6}Bodyguard"
                occupation="Soldier"
                is_basic_troop="true"
                culture="Culture.aserai"
                skill_template="SkillSet.cla_skills_level31_elite">
    <face>
      <face_key_template value="BodyProperty.cla_fighter_kanic" />
    </face>
    <upgrade_targets>
    </upgrade_targets>
     <Equipments>
      <EquipmentSet id="cla_carthage_bodyguard_6_template" />
      <EquipmentSet id="cla_carthage_bodyguard_6_template" civilian="true" />
     </Equipments>
  </NPCCharacter>

<!-- Pheonician Officer -->
<!-- Officer -->
  <NPCCharacter id="cla_carthage_officer_phoenician_5"
                default_group="Infantry"
                formation_position_preference="Back"
                level="26"
                name="{=cla_carthage_officer_phoenician_5}Rabb Aluf (Officer)"
                occupation="Soldier"
                is_basic_troop="true"
                culture="Culture.aserai"
                skill_template="SkillSet.cla_skills_level26_elite">
    <face>
      <face_key_template value="BodyProperty.cla_fighter_kanic" />
    </face>
    <upgrade_targets>
    </upgrade_targets>
     <Equipments>
      <EquipmentSet id="cla_carthage_officer_phoenician_6_template" />
      <EquipmentSet id="cla_carthage_officer_phoenician_6_template" civilian="true" />
     </Equipments>
  </NPCCharacter>
  <NPCCharacter id="cla_carthage_officer_phoenician_6"
                default_group="Infantry"
                formation_position_preference="Back"
                level="31"
                name="{=cla_carthage_officer_phoenician_6}Alup (Officer)"
                occupation="Soldier"
                culture="Culture.aserai"
                skill_template="SkillSet.cla_skills_level31_elite">
    <face>
      <face_key_template value="BodyProperty.cla_fighter_kanic" />
    </face>
    <upgrade_targets>
    </upgrade_targets>
     <Equipments>
      <EquipmentSet id="cla_carthage_officer_phoenician_7_template" />
      <EquipmentSet id="cla_carthage_officer_phoenician_7_template" civilian="true" />
     </Equipments>
  </NPCCharacter>

<!-- Pheonician Standards -->
  <NPCCharacter id="cla_carthage_standard_phoenician_5"
                default_group="Infantry"
                formation_position_preference="Back"
                level="26"
                name="{=cla_carthage_standard_phoenician_5}Noseh-Degel (Standard)"
                occupation="Soldier"
                culture="Culture.aserai"
                skill_template="SkillSet.cla_skills_level26">
    <face>
      <face_key_template value="BodyProperty.cla_fighter_kanic" />
    </face>
    <upgrade_targets>
    </upgrade_targets>
     <Equipments>
      <EquipmentSet id="cla_carthage_standard_phoenician_5_template" />
      <EquipmentSet id="cla_carthage_standard_phoenician_5_template" civilian="true" />
     </Equipments>
  </NPCCharacter>
  <NPCCharacter id="cla_carthage_standard_phoenician_6"
                default_group="Infantry"
                formation_position_preference="Back"
                level="31"
                name="{=cla_carthage_standard_phoenician_6}Ba'al Degel Kaani (Standard)"
                occupation="Soldier"
                culture="Culture.aserai"
                skill_template="SkillSet.cla_skills_level31">
    <face>
      <face_key_template value="BodyProperty.cla_fighter_kanic" />
    </face>
    <upgrade_targets> </upgrade_targets>
     <Equipments>
      <EquipmentSet id="cla_carthage_standard_phoenician_6_template" />
      <EquipmentSet id="cla_carthage_standard_phoenician_6_template" civilian="true" />
     </Equipments>
  </NPCCharacter>

</NPCCharacters>