<?xml version="1.0" encoding="utf-8"?>
<NPCCharacters>
<!-- Infantry -->
  <NPCCharacter id="cla_germ_infantry_1"
                default_group="Infantry"
                level="6"
                name="{=cla_germ_infantry_1}Thiudiskaz Kerlaz (Spearman)"
                occupation="Soldier"
                is_basic_troop="true"
                culture="Culture.sturgia"
                skill_template="SkillSet.cla_skills_level6">
    <face>
      <face_key_template value="BodyProperty.cla_fighter_germanic" />
    </face>
    <upgrade_targets>
      <upgrade_target id="NPCCharacter.cla_germ_infantry_2" />
      <upgrade_target id="NPCCharacter.cla_germ_ranged_2" />
      <upgrade_target id="NPCCharacter.cla_germ_cavalry_light_2" />
    </upgrade_targets>
    <Equipments>
      <EquipmentSet id="cla_germ_infantry_1_template" />
      <EquipmentSet id="cla_germ_infantry_1_template" civilian="true" />
    </Equipments>
  </NPCCharacter>
  <NPCCharacter id="cla_germ_infantry_2"
                default_group="Infantry"
                level="11"
                name="{=cla_germ_infantry_2}Thiudiskaz Harjaz (Spearman)"
                occupation="Soldier"
                culture="Culture.sturgia"
                skill_template="SkillSet.cla_skills_level11">
    <face>
      <face_key_template value="BodyProperty.cla_fighter_germanic" />
    </face>
    <upgrade_targets>
      <upgrade_target id="NPCCharacter.cla_germ_infantry_3" />
    </upgrade_targets>
    <Equipments>
      <EquipmentSet id="cla_germ_infantry_2_template" />
      <EquipmentSet id="cla_germ_infantry_2_template" civilian="true" />
    </Equipments>
  </NPCCharacter>
  <NPCCharacter id="cla_germ_infantry_3"
                default_group="Infantry"
                level="16"
                name="{=cla_germ_infantry_3}Thiudiskaz Fehtanaweraz (Spearman)"
                occupation="Soldier"
                culture="Culture.sturgia"
                skill_template="SkillSet.cla_skills_level16">
    <face>
      <face_key_template value="BodyProperty.cla_fighter_germanic" />
    </face>
    <upgrade_targets>
    </upgrade_targets>
    <Equipments>
      <EquipmentSet id="cla_germ_infantry_3_template" />
      <EquipmentSet id="cla_germ_infantry_3_template" civilian="true" />
    </Equipments>
  </NPCCharacter>

<!-- Cavalry -->
  <NPCCharacter id="cla_germ_cavalry_light_2"
                default_group="Cavalry"
                level="11"
                name="{=cla_germ_cavalry_light_2}Thiudiskaz Hrussamanniz (Light Cavalry)"
                occupation="Soldier"
                culture="Culture.sturgia"
                skill_template="SkillSet.cla_skills_level11">
    <face>
      <face_key_template value="BodyProperty.cla_fighter_germanic" />
    </face>
    <upgrade_targets>
      <upgrade_target id="NPCCharacter.cla_germ_cavalry_light_3" />
    </upgrade_targets>
    <Equipments>
      <EquipmentSet id="cla_germ_cavalry_light_2_template" />
      <EquipmentSet id="cla_germ_cavalry_light_2_template" civilian="true" />
    </Equipments>
  </NPCCharacter>
  <NPCCharacter id="cla_germ_cavalry_light_3"
                default_group="Cavalry"
                level="16"
                name="{=cla_germ_cavalry_light_3}Thiudiskaz Ehwaraido (Light Cavalry)"
                occupation="Soldier"
                culture="Culture.sturgia"
                skill_template="SkillSet.cla_skills_level16">
    <face>
      <face_key_template value="BodyProperty.cla_fighter_germanic" />
    </face>
    <upgrade_targets>
    </upgrade_targets>
    <Equipments>
      <EquipmentSet id="cla_germ_cavalry_light_3_template" />
      <EquipmentSet id="cla_germ_cavalry_light_3_template" civilian="true" />
    </Equipments>
  </NPCCharacter>

<!-- Archer -->
  <NPCCharacter id="cla_germ_ranged_2"
                default_group="Ranged"
                level="11"
                name="{=cla_germ_ranged_2}Thiudiskaz Skutjo (Longbow)"
                occupation="Soldier"
                culture="Culture.sturgia"
                skill_template="SkillSet.cla_skills_level11">
    <face>
      <face_key_template value="BodyProperty.cla_fighter_germanic" />
    </face>
    <upgrade_targets>
      <upgrade_target id="NPCCharacter.cla_germ_ranged_3" />
    </upgrade_targets>
    <Equipments>
      <EquipmentSet id="cla_germ_ranged_2_template" />
      <EquipmentSet id="cla_germ_ranged_2_template" civilian="true" />
    </Equipments>
  </NPCCharacter>
  <NPCCharacter id="cla_germ_ranged_3"
                default_group="Ranged"
                level="16"
                name="{=cla_germ_ranged_3}Thiudiskaz Hathubugo (Longbow)"
                occupation="Soldier"
                culture="Culture.sturgia"
                skill_template="SkillSet.cla_skills_level16">
    <face>
      <face_key_template value="BodyProperty.cla_fighter_germanic" />
    </face>
    <upgrade_targets>
    </upgrade_targets>
    <Equipments>
      <EquipmentSet id="cla_germ_ranged_3_template" />
      <EquipmentSet id="cla_germ_ranged_3_template" civilian="true" />
    </Equipments>
  </NPCCharacter>

<!-- Noble Heavy Infantry -->
  <NPCCharacter id="cla_germ_infantry_heavy_3"
                default_group="Infantry"
                level="16"
                name="{=cla_germ_infantry_heavy_3}Thiudiskaz Drangijaz (Spearman)"
                occupation="Soldier"
                is_basic_troop="true"
                culture="Culture.sturgia"
                skill_template="SkillSet.cla_skills_level16_elite">
    <face>
      <face_key_template value="BodyProperty.cla_fighter_germanic" />
    </face>
    <upgrade_targets>
      <upgrade_target id="NPCCharacter.cla_germ_infantry_heavy_4" />
    </upgrade_targets>
    <Equipments>
      <EquipmentSet id="cla_germ_infantry_heavy_3_template" />
      <EquipmentSet id="cla_germ_infantry_heavy_3_template" civilian="true" />
    </Equipments>
  </NPCCharacter>
  <NPCCharacter id="cla_germ_infantry_heavy_4"
                default_group="Infantry"
                level="21"
                name="{=cla_germ_infantry_heavy_4}Thiudiskaz Gaizarudana (Spearman)"
                occupation="Soldier"
                culture="Culture.sturgia"
                skill_template="SkillSet.cla_skills_level21_elite">
    <face>
      <face_key_template value="BodyProperty.cla_fighter_germanic" />
    </face>
    <upgrade_targets>
      <upgrade_target id="NPCCharacter.cla_germ_infantry_heavy_5" />
    </upgrade_targets>
    <Equipments>
      <EquipmentSet id="cla_germ_infantry_heavy_4_template" />
      <EquipmentSet id="cla_germ_infantry_heavy_4_template" civilian="true" />
    </Equipments>
  </NPCCharacter>
  <NPCCharacter id="cla_germ_infantry_heavy_5"
                default_group="Infantry"
                level="26"
                name="{=cla_germ_infantry_5}Thiudiskaz Brunnjawiga (Spearman)"
                occupation="Soldier"
                culture="Culture.sturgia"
                skill_template="SkillSet.cla_skills_level26_elite">
    <face>
      <face_key_template value="BodyProperty.cla_fighter_germanic" />
    </face>
    <upgrade_targets></upgrade_targets>
    <Equipments>
      <EquipmentSet id="cla_germ_infantry_heavy_5_template" />
      <EquipmentSet id="cla_germ_infantry_heavy_5_template" civilian="true" />
    </Equipments>
  </NPCCharacter>

</NPCCharacters>