<?xml version="1.0" encoding="utf-8"?>
<NPCCharacters>

<!-- Legionaries -->
  <NPCCharacter id="cla_rome_infantry_2"
                default_group="Infantry"
                level="11"
                name="{=cla_rome_infantry_2}Legionarius Tiro"
                occupation="Soldier"
                culture="Culture.empire"
                skill_template="SkillSet.cla_skills_level11">
    <face>
      <face_key_template value="BodyProperty.cla_rome_legionary" />
    </face>
    <upgrade_targets>
      <upgrade_target id="NPCCharacter.cla_rome_infantry_3" />
    </upgrade_targets>
    <Equipments>
      <EquipmentSet id="cla_rome_infantry_2_template" />
      <EquipmentSet id="cla_rome_infantry_2_template" civilian="true" />
    </Equipments>
  </NPCCharacter>
  <NPCCharacter id="cla_rome_infantry_3"
                default_group="Infantry"
                level="16"
                name="{=cla_rome_infantry_3}Legionarius Miles"
                occupation="Soldier"
                culture="Culture.empire"
                skill_template="SkillSet.cla_skills_level16">
    <face>
      <face_key_template value="BodyProperty.cla_rome_legionary" />
    </face>
    <upgrade_targets>
      <upgrade_target id="NPCCharacter.cla_rome_infantry_4" />
    </upgrade_targets>
    <Equipments>
      <EquipmentSet id="cla_rome_infantry_3_template" />
      <EquipmentSet id="cla_rome_infantry_3_template" civilian="true" />
    </Equipments>
  </NPCCharacter>
  <NPCCharacter id="cla_rome_infantry_4"
                default_group="Infantry"
                level="21"
                name="{=cla_rome_infantry_4}Legionarius Aquila Cohortales"
                occupation="Soldier"
                culture="Culture.empire"
                skill_template="SkillSet.cla_skills_level21">
    <face>
      <face_key_template value="BodyProperty.cla_rome_legionary" />
    </face>
    <upgrade_targets>
    </upgrade_targets>
    <Equipments>
      <EquipmentSet id="cla_rome_infantry_4_template" />
      <EquipmentSet id="cla_rome_infantry_4_template" civilian="true" />
    </Equipments>
  </NPCCharacter>
<!-- Elite -->
  <NPCCharacter id="cla_rome_infantry_evocatus_3"
                default_group="Infantry"
                level="16"
                name="{=cla_rome_infantry_evocatus_3}Legionarius Evocatus"
                occupation="Soldier"
                is_basic_troop="true"
                culture="Culture.empire"
                skill_template="SkillSet.cla_skills_level16">
    <face>
      <face_key_template value="BodyProperty.cla_rome_legionary_experienced" />
    </face>
    <upgrade_targets>
      <upgrade_target id="NPCCharacter.cla_rome_infantry_evocatus_4" />
    </upgrade_targets>
    <Equipments>
      <EquipmentSet id="cla_rome_infantry_evocatus_3_template" />
      <EquipmentSet id="cla_rome_infantry_evocatus_3_template" civilian="true" />
    </Equipments>
  </NPCCharacter>
  <NPCCharacter id="cla_rome_infantry_evocatus_4"
                default_group="Infantry"
                level="21"
                name="{=cla_rome_infantry_evocatus_4}Legionarius Egregius"
                occupation="Soldier"
                culture="Culture.empire"
                skill_template="SkillSet.cla_skills_level21">
    <face>
      <face_key_template value="BodyProperty.cla_rome_legionary_experienced" />
    </face>
    <upgrade_targets>
      <upgrade_target id="NPCCharacter.cla_rome_infantry_evocatus_5" />
    </upgrade_targets>
    <Equipments>
      <EquipmentSet id="cla_rome_infantry_evocatus_4_template" />
      <EquipmentSet id="cla_rome_infantry_evocatus_4_template" civilian="true" />
    </Equipments>
  </NPCCharacter>
  <NPCCharacter id="cla_rome_infantry_evocatus_5"
                default_group="Infantry"
                level="26"
                name="{=cla_rome_infantry_evocatus_6}Legionarius Extraordinarius"
                occupation="Soldier"
                culture="Culture.empire"
                skill_template="SkillSet.cla_skills_level26">
    <face>
      <face_key_template value="BodyProperty.cla_rome_legionary_experienced" />
    </face>
     <upgrade_targets></upgrade_targets>
    <Equipments>
      <EquipmentSet id="cla_rome_infantry_evocatus_5_template" />
      <EquipmentSet id="cla_rome_infantry_evocatus_5_template" civilian="true" />
    </Equipments>
  </NPCCharacter>

</NPCCharacters>