<?xml version="1.0" encoding="utf-8"?>
<NPCCharacters>

<!-- Praetorian Troop Tree -->
  <NPCCharacter id="cla_rome_praetorian_6"
                default_group="Cavalry"
                level="31"
                name="{=cla_rome_praetorian_6}Cohortes Praetorius Equites"
                occupation="Soldier"
                is_basic_troop="true"
                culture="Culture.empire"
                skill_template="SkillSet.cla_skills_level31_elite">
    <face>
      <face_key_template value="BodyProperty.cla_rome_legionary" />
    </face>
     <upgrade_targets></upgrade_targets>
    <Equipments>
      <EquipmentSet id="cla_rome_praetorian_6_template" />
      <EquipmentSet id="cla_rome_praetorian_6_template" civilian="true" />
    </Equipments>
  </NPCCharacter>
  <NPCCharacter id="cla_rome_praetorian_infantry_6"
                default_group="Infantry"
                level="31"
                name="{=cla_rome_praetorian_6}Cohortes Praetorius"
                occupation="Soldier"
                is_basic_troop="true"
                culture="Culture.empire"
                skill_template="SkillSet.cla_skills_level31_elite">
    <face>
      <face_key_template value="BodyProperty.cla_rome_legionary" />
    </face>
     <upgrade_targets></upgrade_targets>
    <Equipments>
      <EquipmentSet id="cla_rome_praetorian_infantry_6_template" />
      <EquipmentSet id="cla_rome_praetorian_infantry_6_template" civilian="true" />
    </Equipments>
  </NPCCharacter>
<!-- Officer -->
  <NPCCharacter id="cla_rome_officer_decurio_6"
                default_group="Cavalry"
                level="31"
                name="{=cla_rome_officer_decurio_6}Legionarius Decurio"
                occupation="Soldier"
                is_basic_troop="true"
                culture="Culture.empire"
                skill_template="SkillSet.cla_skills_level31_elite">
    <face>
      <face_key_template value="BodyProperty.cla_rome_legionary" />
    </face>
     <upgrade_targets></upgrade_targets>
    <Equipments>
      <EquipmentSet id="cla_rome_officer_decurio_6_template" />
      <EquipmentSet id="cla_rome_officer_decurio_6_template" civilian="true" />
    </Equipments>
  </NPCCharacter>

  <NPCCharacter id="cla_rome_officer_optio_5"
                default_group="Infantry"
                formation_position_preference="Back"
                level="26"
                name="{=cla_rome_officer_optio_5}Legionarius Optio"
                occupation="Soldier"
                is_basic_troop="true"
                culture="Culture.empire"
                skill_template="SkillSet.cla_skills_level26_elite">
    <face>
      <face_key_template value="BodyProperty.cla_rome_legionary" />
    </face>
    <upgrade_targets>
    </upgrade_targets>
    <Equipments>
      <EquipmentSet id="cla_rome_officer_optio_5_template" />
      <EquipmentSet id="cla_rome_officer_optio_5_template" civilian="true" />
    </Equipments>
  </NPCCharacter>
  <NPCCharacter id="cla_rome_officer_centurion_6"
                default_group="Infantry"
                formation_position_preference="Back"
                level="31"
                name="{=cla_rome_officer_centurion_6}Legionarius Centurio"
                occupation="Soldier"
                culture="Culture.empire"
                skill_template="SkillSet.cla_skills_level31_elite">
    <face>
      <face_key_template value="BodyProperty.cla_rome_legionary" />
    </face>
    <upgrade_targets>
    </upgrade_targets>
    <Equipments>
      <EquipmentSet id="cla_rome_officer_centurion_6_template" />
      <EquipmentSet id="cla_rome_officer_centurion_6_template" civilian="true" />
    </Equipments>
  </NPCCharacter>
  <NPCCharacter id="cla_rome_officer_centurion_7"
                default_group="Infantry"
                formation_position_preference="Back"
                level="36"
                name="{=cla_rome_officer_centurion_7}Legionarius Pilus Prior"
                occupation="Soldier"
                culture="Culture.empire"
                skill_template="SkillSet.cla_skills_level36_elite">
    <face>
      <face_key_template value="BodyProperty.cla_rome_legionary" />
    </face>
    <upgrade_targets></upgrade_targets>
    <Equipments>
      <EquipmentSet id="cla_rome_officer_centurion_7_template" />
      <EquipmentSet id="cla_rome_officer_centurion_7_template" civilian="true" />
    </Equipments>
  </NPCCharacter>
<!-- Standard Bearers -->
  <NPCCharacter id="cla_rome_standard_bearer_5"
                default_group="Infantry"
                formation_position_preference="Back"
                level="26"
                name="{=cla_rome_standard_bearer_4}Legionarius Vexillarius"
                occupation="Soldier"
                is_basic_troop="true"
                culture="Culture.empire"
                skill_template="SkillSet.cla_skills_level26">
    <face>
      <face_key_template value="BodyProperty.cla_rome_legionary" />
    </face>
    <upgrade_targets>
    </upgrade_targets>
    <Equipments>
      <EquipmentSet id="cla_rome_standard_bearer_5_template" />
      <EquipmentSet id="cla_rome_standard_bearer_5_template" civilian="true" />
    </Equipments>
  </NPCCharacter>
  <NPCCharacter id="cla_rome_standard_bearer_6"
                default_group="Infantry"
                formation_position_preference="Back"
                level="31"
                name="{=cla_rome_standard_bearer_6}Legionarius Signifer"
                occupation="Soldier"
                is_basic_troop="true"
                culture="Culture.empire"
                skill_template="SkillSet.cla_skills_level31">
    <face>
      <face_key_template value="BodyProperty.cla_rome_legionary" />
    </face>
    <upgrade_targets>
    </upgrade_targets>
    <Equipments>
      <EquipmentSet id="cla_rome_standard_bearer_6_template" />
      <EquipmentSet id="cla_rome_standard_bearer_6_template" civilian="true" />
    </Equipments>
  </NPCCharacter>
  <NPCCharacter id="cla_rome_standard_bearer_7"
                default_group="Infantry"
                formation_position_preference="Back"
                level="36"
                name="{=cla_rome_standard_bearer_7}Legionarius Aquilifer"
                occupation="Soldier"
                is_basic_troop="true"
                culture="Culture.empire"
                skill_template="SkillSet.cla_skills_level36">
    <face>
      <face_key_template value="BodyProperty.cla_rome_legionary" />
    </face>
    <upgrade_targets> </upgrade_targets>
    <Equipments>
      <EquipmentSet id="cla_rome_standard_bearer_7_template" />
      <EquipmentSet id="cla_rome_standard_bearer_7_template" civilian="true" />
    </Equipments>
  </NPCCharacter>
<!-- Roman Engineers -->
  <NPCCharacter id="cla_rome_infantry_engineer_5"
                default_group="Ranged"
                level="26"
                name="{=cla_rome_infantry_engineer_5}Legionarius Ballistarius"
                occupation="Soldier"
                is_basic_troop="true"
                culture="Culture.empire"
                skill_template="SkillSet.cla_skills_level26">
    <face>
      <face_key_template value="BodyProperty.cla_rome_legionary" />
    </face>
    <upgrade_targets></upgrade_targets>
    <Equipments>
      <EquipmentSet id="cla_rome_infantry_engineer_5_template" />
      <EquipmentSet id="cla_rome_infantry_engineer_5_template" civilian="true" />
    </Equipments>
  </NPCCharacter>

</NPCCharacters>