<?xml version="1.0" encoding="utf-8"?>
<NPCCharacters>
<!-- Auxilia Troop Tree -->
  <NPCCharacter id="cla_rome_mercenary_recruit"
                default_group="Infantry"
                level="6"
                name="{=cla_rome_mercenary_recruit}Mercenarius Novicus"
                occupation="Soldier"
                is_basic_troop="true"
                culture="Culture.empire"
                skill_template="SkillSet.cla_skills_level6">
    <face>
      <face_key_template value="BodyProperty.cla_rome_auxiliary" />
    </face>
    <upgrade_targets>
      <upgrade_target id="NPCCharacter.cla_rome_mercenary_infantry_2" />
      <upgrade_target id="NPCCharacter.cla_rome_mercenary_archer_2" />
    </upgrade_targets>
    <Equipments>
      <EquipmentSet id="cla_rome_mercenary_recruit_template" />
      <EquipmentSet id="cla_rome_mercenary_recruit_template" civilian="true" />
    </Equipments>
  </NPCCharacter>
  <NPCCharacter id="cla_rome_mercenary_infantry_2"
                default_group="Infantry"
                level="11"
                name="{=cla_rome_mercenary_infantry_2}Mercenarius"
                occupation="Soldier"
                culture="Culture.empire"
                skill_template="SkillSet.cla_skills_level11">
    <face>
      <face_key_template value="BodyProperty.cla_rome_auxiliary" />
    </face>
    <upgrade_targets>
      <upgrade_target id="NPCCharacter.cla_rome_mercenary_infantry_3" />
    </upgrade_targets>
    <Equipments>
      <EquipmentSet id="cla_rome_mercenary_infantry_2_template" />
      <EquipmentSet id="cla_rome_mercenary_infantry_2_template" civilian="true" />
    </Equipments>
  </NPCCharacter>
  <NPCCharacter id="cla_rome_mercenary_infantry_3"
                default_group="Infantry"
                formation_position_preference="Back"
                level="16"
                name="{=cla_rome_mercenary_infantry_3}Mercenarius Peritus"
                occupation="Soldier"
                culture="Culture.empire"
                skill_template="SkillSet.cla_skills_level16">
    <face>
      <face_key_template value="BodyProperty.cla_rome_auxiliary" />
    </face>
    <upgrade_targets>
      <upgrade_target id="NPCCharacter.cla_rome_mercenary_infantry_4" />
      <upgrade_target id="NPCCharacter.cla_rome_mercenary_cavalry_4" />
    </upgrade_targets>
    <Equipments>
      <EquipmentSet id="cla_rome_mercenary_infantry_3_template" />
      <EquipmentSet id="cla_rome_mercenary_infantry_3_template" civilian="true" />
    </Equipments>
  </NPCCharacter>
  <NPCCharacter id="cla_rome_mercenary_infantry_4"
                default_group="Infantry"
                formation_position_preference="Back"
                level="21"
                name="{=cla_rome_mercenary_infantry_4}Mercenarius Paratus"
                occupation="Soldier"
                culture="Culture.empire"
                skill_template="SkillSet.cla_skills_level21">
    <face>
      <face_key_template value="BodyProperty.cla_rome_auxiliary" />
    </face>
    <upgrade_targets>
    </upgrade_targets>
    <Equipments>
      <EquipmentSet id="cla_rome_mercenary_infantry_4_template" />
      <EquipmentSet id="cla_rome_mercenary_infantry_4_template" civilian="true" />
    </Equipments>
  </NPCCharacter>

<!-- Cavalry-->
  <NPCCharacter id="cla_rome_mercenary_cavalry_4"
                default_group="Cavalry"
                level="21"
                name="{=cla_rome_mercenary_cavalry_4}Mercenarius Alaris"
                upgrade_requires="ItemCategory.horse"
                occupation="Soldier"
                culture="Culture.empire"
                skill_template="SkillSet.cla_skills_level21">
    <face>
      <face_key_template value="BodyProperty.cla_rome_auxiliary" />
    </face>
    <upgrade_targets>
    </upgrade_targets>
    <Equipments>
      <EquipmentSet id="cla_rome_mercenary_cavalry_4_template" />
      <EquipmentSet id="cla_rome_mercenary_cavalry_4_template" civilian="true" />
    </Equipments>
  </NPCCharacter>

  <!-- Basic Ranged -->
  <NPCCharacter id="cla_rome_mercenary_archer_2"
                default_group="Ranged"
                level="11"
                name="{=cla_rome_mercenary_archer_2}Mercenarius Sagittarius Tiro"
                occupation="Soldier"
                culture="Culture.empire"
                skill_template="SkillSet.cla_skills_level11">
    <face>
      <face_key_template value="BodyProperty.fighter_aserai" />
    </face>
    <upgrade_targets>
      <upgrade_target id="NPCCharacter.cla_rome_mercenary_archer_3" />
    </upgrade_targets>
    <Equipments>
      <EquipmentSet id="cla_rome_mercenary_archer_2_template" />
      <EquipmentSet id="cla_rome_mercenary_archer_2_template" civilian="true" />
    </Equipments>
  </NPCCharacter>
  <NPCCharacter id="cla_rome_mercenary_archer_3"
                default_group="Ranged"
                level="16"
                name="{=cla_rome_mercenary_archer_3}Mercenarius Sagittarius Novicus"
                occupation="Soldier"
                culture="Culture.empire"
                skill_template="SkillSet.cla_skills_level16">
    <face>
      <face_key_template value="BodyProperty.fighter_aserai" />
    </face>
    <upgrade_targets>
    </upgrade_targets>
    <Equipments>
      <EquipmentSet id="cla_rome_mercenary_archer_3_template" />
      <EquipmentSet id="cla_rome_mercenary_archer_3_template" civilian="true" />
    </Equipments>
  </NPCCharacter>

</NPCCharacters>