<?xml version="1.0" encoding="utf-8"?>
<NPCCharacters>
<!-- Auxilia Troop Tree -->
  <NPCCharacter id="cla_rome_auxilia_recruit_scyth"
                default_group="Infantry"
                level="6"
                name="{=cla_rome_auxilia_recruit_scyth}Auxilia Cohortales Tiro Scyth"
                occupation="Soldier"
                is_basic_troop="true"
                culture="Culture.khuzait"
                skill_template="SkillSet.cla_skills_level6">
    <face>
      <face_key_template value="BodyProperty.cla_fighter_scythia" />
      <hair_tags>
        <hair_tag name="Ponytail" />
        <hair_tag name="LongAndBushy" />
        <hair_tag name="TiedAcrossBack" />
        <hair_tag name="SlickedLong" />
        <hair_tag name="PartedAndCombedBack" />
        <hair_tag name="Tousled" />
        <hair_tag name="BraidedAndLong" />
        <hair_tag name="Short" />
        <hair_tag name="HighPonytail" />
        <hair_tag name="Mohawk" />
        <hair_tag name="Native Braids" />
        <hair_tag name="Bandit Hair 1" />
        <hair_tag name="Bandit Hair 2" />
        <hair_tag name="Bandit Hair 3" />
      </hair_tags>
      <beard_tags>
        <beard_tag name="Cleanshaven" />
        <beard_tag name="LightShortBeard" />
        <beard_tag name="HeavyShortBeard" />
        <beard_tag name="PointedShortBeard" />
        <beard_tag name="LongBeard" />
        <beard_tag name="HeavyLongBeard" />
        <beard_tag name="LongScragglyBeard" />
        <beard_tag name="LightShortBeard" />
        <beard_tag name="HeavyShortBeard" />
        <beard_tag name="PointedShortBeard" />
        <beard_tag name="LongBeard" />
        <beard_tag name="HeavyLongBeard" />
      </beard_tags>
    </face>
    <upgrade_targets>
      <upgrade_target id="NPCCharacter.cla_rome_auxilia_infantry_spear_scyth_2" />
      <upgrade_target id="NPCCharacter.cla_rome_auxilia_archer_scyth_2" />
      <upgrade_target id="NPCCharacter.cla_rome_auxilia_cavalry_scyth_2" />
    </upgrade_targets>
    <Equipments>
      <EquipmentSet id="cla_rome_auxilia_recruit_scyth_template" />
      <EquipmentSet id="cla_rome_auxilia_recruit_scyth_template" civilian="true" />
    </Equipments>
  </NPCCharacter>
  <NPCCharacter id="cla_rome_auxilia_infantry_spear_scyth_2"
                default_group="Infantry"
                level="11"
                name="{=cla_rome_auxilia_infantry_spear_2}Auxilia Cohortales Miles Scyth"
                occupation="Soldier"
                culture="Culture.khuzait"
                skill_template="SkillSet.cla_skills_level11">
    <face>
      <face_key_template value="BodyProperty.cla_fighter_scythia" />
      <hair_tags>
        <hair_tag name="Ponytail" />
        <hair_tag name="LongAndBushy" />
        <hair_tag name="TiedAcrossBack" />
        <hair_tag name="SlickedLong" />
        <hair_tag name="PartedAndCombedBack" />
        <hair_tag name="Tousled" />
        <hair_tag name="BraidedAndLong" />
        <hair_tag name="Short" />
        <hair_tag name="HighPonytail" />
        <hair_tag name="Mohawk" />
        <hair_tag name="Native Braids" />
        <hair_tag name="Bandit Hair 1" />
        <hair_tag name="Bandit Hair 2" />
        <hair_tag name="Bandit Hair 3" />
      </hair_tags>
      <beard_tags>
        <beard_tag name="Cleanshaven" />
        <beard_tag name="LightShortBeard" />
        <beard_tag name="HeavyShortBeard" />
        <beard_tag name="PointedShortBeard" />
        <beard_tag name="LongBeard" />
        <beard_tag name="HeavyLongBeard" />
        <beard_tag name="LongScragglyBeard" />
        <beard_tag name="LightShortBeard" />
        <beard_tag name="HeavyShortBeard" />
        <beard_tag name="PointedShortBeard" />
        <beard_tag name="LongBeard" />
        <beard_tag name="HeavyLongBeard" />
      </beard_tags>
    </face>
    <upgrade_targets>
      <upgrade_target id="NPCCharacter.cla_rome_auxilia_infantry_spear_scyth_3" />
    </upgrade_targets>
    <Equipments>
      <EquipmentSet id="cla_rome_auxilia_infantry_spear_2_scyth_template" />
      <EquipmentSet id="cla_rome_auxilia_infantry_spear_2_scyth_template" civilian="true" />
    </Equipments>
  </NPCCharacter>
  <NPCCharacter id="cla_rome_auxilia_infantry_spear_scyth_3"
                default_group="Infantry"
                formation_position_preference="Back"
                level="16"
                name="{=cla_rome_auxilia_infantry_spear_scyth_3}Auxilia Cohortales Immunes Scyth"
                occupation="Soldier"
                culture="Culture.khuzait"
                skill_template="SkillSet.cla_skills_level16">
    <face>
      <face_key_template value="BodyProperty.cla_fighter_scythia" />
      <hair_tags>
        <hair_tag name="Ponytail" />
        <hair_tag name="LongAndBushy" />
        <hair_tag name="TiedAcrossBack" />
        <hair_tag name="SlickedLong" />
        <hair_tag name="PartedAndCombedBack" />
        <hair_tag name="Tousled" />
        <hair_tag name="BraidedAndLong" />
        <hair_tag name="Short" />
        <hair_tag name="HighPonytail" />
        <hair_tag name="Mohawk" />
        <hair_tag name="Native Braids" />
        <hair_tag name="Bandit Hair 1" />
        <hair_tag name="Bandit Hair 2" />
        <hair_tag name="Bandit Hair 3" />
      </hair_tags>
      <beard_tags>
        <beard_tag name="Cleanshaven" />
        <beard_tag name="LightShortBeard" />
        <beard_tag name="HeavyShortBeard" />
        <beard_tag name="PointedShortBeard" />
        <beard_tag name="LongBeard" />
        <beard_tag name="HeavyLongBeard" />
        <beard_tag name="LongScragglyBeard" />
        <beard_tag name="LightShortBeard" />
        <beard_tag name="HeavyShortBeard" />
        <beard_tag name="PointedShortBeard" />
        <beard_tag name="LongBeard" />
        <beard_tag name="HeavyLongBeard" />
      </beard_tags>
    </face>
    <upgrade_targets>
    </upgrade_targets>
    <Equipments>
      <EquipmentSet id="cla_rome_auxilia_infantry_spear_3_scyth_template" />
      <EquipmentSet id="cla_rome_auxilia_infantry_spear_3_scyth_template" civilian="true" />
    </Equipments>
  </NPCCharacter>

<!-- Archers -->
  <NPCCharacter id="cla_rome_auxilia_archer_scyth_2"
                default_group="Ranged"
                level="11"
                name="{=cla_rome_auxilia_archer_scyth_2}Auxilia Sagittarius Tiro Scyth"
                occupation="Soldier"
                culture="Culture.khuzait"
                skill_template="SkillSet.cla_skills_level11">
    <face>
      <face_key_template value="BodyProperty.cla_fighter_scythia" />
      <hair_tags>
        <hair_tag name="Ponytail" />
        <hair_tag name="LongAndBushy" />
        <hair_tag name="TiedAcrossBack" />
        <hair_tag name="SlickedLong" />
        <hair_tag name="PartedAndCombedBack" />
        <hair_tag name="Tousled" />
        <hair_tag name="BraidedAndLong" />
        <hair_tag name="Short" />
        <hair_tag name="HighPonytail" />
        <hair_tag name="Mohawk" />
        <hair_tag name="Native Braids" />
        <hair_tag name="Bandit Hair 1" />
        <hair_tag name="Bandit Hair 2" />
        <hair_tag name="Bandit Hair 3" />
      </hair_tags>
      <beard_tags>
        <beard_tag name="Cleanshaven" />
        <beard_tag name="LightShortBeard" />
        <beard_tag name="HeavyShortBeard" />
        <beard_tag name="PointedShortBeard" />
        <beard_tag name="LongBeard" />
        <beard_tag name="HeavyLongBeard" />
        <beard_tag name="LongScragglyBeard" />
        <beard_tag name="LightShortBeard" />
        <beard_tag name="HeavyShortBeard" />
        <beard_tag name="PointedShortBeard" />
        <beard_tag name="LongBeard" />
        <beard_tag name="HeavyLongBeard" />
      </beard_tags>
    </face>
    <upgrade_targets>
      <upgrade_target id="NPCCharacter.cla_rome_auxilia_archer_scyth_3" />
      <upgrade_target id="NPCCharacter.cla_rome_auxilia_archer_cav_scyth_3" />
    </upgrade_targets>
    <Equipments>
      <EquipmentSet id="cla_rome_auxilia_archer_2_scyth_template" />
      <EquipmentSet id="cla_rome_auxilia_archer_2_scyth_template" civilian="true" />
    </Equipments>
  </NPCCharacter>
  <NPCCharacter id="cla_rome_auxilia_archer_scyth_3"
                default_group="Ranged"
                level="16"
                name="{=cla_rome_auxilia_archer_scyth_3}Auxilia Sagittarius Scyth"
                occupation="Soldier"
                culture="Culture.khuzait"
                skill_template="SkillSet.cla_skills_level16">
    <face>
      <face_key_template value="BodyProperty.cla_fighter_scythia" />
      <hair_tags>
        <hair_tag name="Ponytail" />
        <hair_tag name="LongAndBushy" />
        <hair_tag name="TiedAcrossBack" />
        <hair_tag name="SlickedLong" />
        <hair_tag name="PartedAndCombedBack" />
        <hair_tag name="Tousled" />
        <hair_tag name="BraidedAndLong" />
        <hair_tag name="Short" />
        <hair_tag name="HighPonytail" />
        <hair_tag name="Mohawk" />
        <hair_tag name="Native Braids" />
        <hair_tag name="Bandit Hair 1" />
        <hair_tag name="Bandit Hair 2" />
        <hair_tag name="Bandit Hair 3" />
      </hair_tags>
      <beard_tags>
        <beard_tag name="Cleanshaven" />
        <beard_tag name="LightShortBeard" />
        <beard_tag name="HeavyShortBeard" />
        <beard_tag name="PointedShortBeard" />
        <beard_tag name="LongBeard" />
        <beard_tag name="HeavyLongBeard" />
        <beard_tag name="LongScragglyBeard" />
        <beard_tag name="LightShortBeard" />
        <beard_tag name="HeavyShortBeard" />
        <beard_tag name="PointedShortBeard" />
        <beard_tag name="LongBeard" />
        <beard_tag name="HeavyLongBeard" />
      </beard_tags>
    </face>
    <upgrade_targets>
    </upgrade_targets>
    <Equipments>
      <EquipmentSet id="cla_rome_auxilia_archer_3_scyth_template" />
      <EquipmentSet id="cla_rome_auxilia_archer_3_scyth_template" civilian="true" />
    </Equipments>
  </NPCCharacter>

<!-- HorseArcher -->
  <NPCCharacter id="cla_rome_auxilia_archer_cav_scyth_3"
                default_group="HorseArcher"
                level="16"
                name="{=cla_rome_auxilia_archer_cav_scyth_3}Auxilia Sagittarius Alaris Scyth"
                occupation="Soldier"
                culture="Culture.khuzait"
                skill_template="SkillSet.cla_skills_level16">
    <face>
      <face_key_template value="BodyProperty.cla_fighter_scythia" />
      <hair_tags>
        <hair_tag name="Ponytail" />
        <hair_tag name="LongAndBushy" />
        <hair_tag name="TiedAcrossBack" />
        <hair_tag name="SlickedLong" />
        <hair_tag name="PartedAndCombedBack" />
        <hair_tag name="Tousled" />
        <hair_tag name="BraidedAndLong" />
        <hair_tag name="Short" />
        <hair_tag name="HighPonytail" />
        <hair_tag name="Mohawk" />
        <hair_tag name="Native Braids" />
        <hair_tag name="Bandit Hair 1" />
        <hair_tag name="Bandit Hair 2" />
        <hair_tag name="Bandit Hair 3" />
      </hair_tags>
      <beard_tags>
        <beard_tag name="Cleanshaven" />
        <beard_tag name="LightShortBeard" />
        <beard_tag name="HeavyShortBeard" />
        <beard_tag name="PointedShortBeard" />
        <beard_tag name="LongBeard" />
        <beard_tag name="HeavyLongBeard" />
        <beard_tag name="LongScragglyBeard" />
        <beard_tag name="LightShortBeard" />
        <beard_tag name="HeavyShortBeard" />
        <beard_tag name="PointedShortBeard" />
        <beard_tag name="LongBeard" />
        <beard_tag name="HeavyLongBeard" />
      </beard_tags>
    </face>
    <upgrade_targets>
      <upgrade_target id="NPCCharacter.cla_rome_auxilia_archer_cav_scyth_4" />
    </upgrade_targets>
    <Equipments>
      <EquipmentSet id="cla_rome_auxilia_archer_cav_scyth_3_template" />
      <EquipmentSet id="cla_rome_auxilia_archer_cav_scyth_3_template" civilian="true" />
    </Equipments>
  </NPCCharacter>
  <NPCCharacter id="cla_rome_auxilia_archer_cav_scyth_4"
                default_group="HorseArcher"
                level="16"
                name="{=cla_rome_auxilia_archer_cav_scyth_4}Auxilia Elite Sagittarius Alaris Scyth"
                occupation="Soldier"
                culture="Culture.khuzait"
                skill_template="SkillSet.cla_skills_level16">
    <face>
      <face_key_template value="BodyProperty.cla_fighter_scythia" />
      <hair_tags>
        <hair_tag name="Ponytail" />
        <hair_tag name="LongAndBushy" />
        <hair_tag name="TiedAcrossBack" />
        <hair_tag name="SlickedLong" />
        <hair_tag name="PartedAndCombedBack" />
        <hair_tag name="Tousled" />
        <hair_tag name="BraidedAndLong" />
        <hair_tag name="Short" />
        <hair_tag name="HighPonytail" />
        <hair_tag name="Mohawk" />
        <hair_tag name="Native Braids" />
        <hair_tag name="Bandit Hair 1" />
        <hair_tag name="Bandit Hair 2" />
        <hair_tag name="Bandit Hair 3" />
      </hair_tags>
      <beard_tags>
        <beard_tag name="Cleanshaven" />
        <beard_tag name="LightShortBeard" />
        <beard_tag name="HeavyShortBeard" />
        <beard_tag name="PointedShortBeard" />
        <beard_tag name="LongBeard" />
        <beard_tag name="HeavyLongBeard" />
        <beard_tag name="LongScragglyBeard" />
        <beard_tag name="LightShortBeard" />
        <beard_tag name="HeavyShortBeard" />
        <beard_tag name="PointedShortBeard" />
        <beard_tag name="LongBeard" />
        <beard_tag name="HeavyLongBeard" />
      </beard_tags>
    </face>
    <upgrade_targets>
    </upgrade_targets>
    <Equipments>
      <EquipmentSet id="cla_rome_auxilia_archer_cav_scyth_4_template" />
      <EquipmentSet id="cla_rome_auxilia_archer_cav_scyth_4_template" civilian="true" />
    </Equipments>
  </NPCCharacter>

<!-- Cavalry-->
  <NPCCharacter id="cla_rome_auxilia_cavalry_scyth_2"
                default_group="Cavalry"
                level="11"
                name="{=cla_rome_auxilia_cavalry_scyth_2}Eques Alaris Novicus Scyth"
                upgrade_requires="ItemCategory.horse"
                occupation="Soldier"
                culture="Culture.khuzait"
                skill_template="SkillSet.cla_skills_level11">
    <face>
      <face_key_template value="BodyProperty.cla_fighter_scythia" />
      <hair_tags>
        <hair_tag name="Ponytail" />
        <hair_tag name="LongAndBushy" />
        <hair_tag name="TiedAcrossBack" />
        <hair_tag name="SlickedLong" />
        <hair_tag name="PartedAndCombedBack" />
        <hair_tag name="Tousled" />
        <hair_tag name="BraidedAndLong" />
        <hair_tag name="Short" />
        <hair_tag name="HighPonytail" />
        <hair_tag name="Mohawk" />
        <hair_tag name="Native Braids" />
        <hair_tag name="Bandit Hair 1" />
        <hair_tag name="Bandit Hair 2" />
        <hair_tag name="Bandit Hair 3" />
      </hair_tags>
      <beard_tags>
        <beard_tag name="Cleanshaven" />
        <beard_tag name="LightShortBeard" />
        <beard_tag name="HeavyShortBeard" />
        <beard_tag name="PointedShortBeard" />
        <beard_tag name="LongBeard" />
        <beard_tag name="HeavyLongBeard" />
        <beard_tag name="LongScragglyBeard" />
        <beard_tag name="LightShortBeard" />
        <beard_tag name="HeavyShortBeard" />
        <beard_tag name="PointedShortBeard" />
        <beard_tag name="LongBeard" />
        <beard_tag name="HeavyLongBeard" />
      </beard_tags>
    </face>
    <upgrade_targets>
      <upgrade_target id="NPCCharacter.cla_rome_auxilia_cavalry_scyth_3" />
    </upgrade_targets>
    <Equipments>
      <EquipmentSet id="cla_rome_auxilia_cavalry_2_scyth_template" />
      <EquipmentSet id="cla_rome_auxilia_cavalry_2_scyth_template" civilian="true" />
    </Equipments>
  </NPCCharacter>
  <NPCCharacter id="cla_rome_auxilia_cavalry_scyth_3"
                default_group="Cavalry"
                level="16"
                name="{=cla_rome_auxilia_cavalry_scyth_3}Eques Alaris Scyth"
                occupation="Soldier"
                culture="Culture.khuzait"
                skill_template="SkillSet.cla_skills_level16">
    <face>
      <face_key_template value="BodyProperty.cla_fighter_scythia" />
      <hair_tags>
        <hair_tag name="Ponytail" />
        <hair_tag name="LongAndBushy" />
        <hair_tag name="TiedAcrossBack" />
        <hair_tag name="SlickedLong" />
        <hair_tag name="PartedAndCombedBack" />
        <hair_tag name="Tousled" />
        <hair_tag name="BraidedAndLong" />
        <hair_tag name="Short" />
        <hair_tag name="HighPonytail" />
        <hair_tag name="Mohawk" />
        <hair_tag name="Native Braids" />
        <hair_tag name="Bandit Hair 1" />
        <hair_tag name="Bandit Hair 2" />
        <hair_tag name="Bandit Hair 3" />
      </hair_tags>
      <beard_tags>
        <beard_tag name="Cleanshaven" />
        <beard_tag name="LightShortBeard" />
        <beard_tag name="HeavyShortBeard" />
        <beard_tag name="PointedShortBeard" />
        <beard_tag name="LongBeard" />
        <beard_tag name="HeavyLongBeard" />
        <beard_tag name="LongScragglyBeard" />
        <beard_tag name="LightShortBeard" />
        <beard_tag name="HeavyShortBeard" />
        <beard_tag name="PointedShortBeard" />
        <beard_tag name="LongBeard" />
        <beard_tag name="HeavyLongBeard" />
      </beard_tags>
    </face>
    <upgrade_targets>
    </upgrade_targets>
    <Equipments>
      <EquipmentSet id="cla_rome_auxilia_cavalry_3_scyth_template" />
      <EquipmentSet id="cla_rome_auxilia_cavalry_3_scyth_template" civilian="true" />
    </Equipments>
  </NPCCharacter>

</NPCCharacters>