<?xml version="1.0" encoding="utf-8"?>
<NPCCharacters>
<!-- Auxilia Troop Tree -->
  <NPCCharacter id="cla_rome_auxilia_recruit_celt"
                default_group="Infantry"
                level="6"
                name="{=cla_rome_auxilia_recruit_celt}Auxilia Cohortales Tiro Battanii"
                occupation="Soldier"
                is_basic_troop="true"
                culture="Culture.battania"
                skill_template="SkillSet.cla_skills_level6">
    <face>
      <face_key_template value="BodyProperty.cla_fighter_celt" />
      <hair_tags>
        <hair_tag name="Ponytail" />
        <hair_tag name="LongAndBushy" />
        <hair_tag name="TiedAcrossBack" />
        <hair_tag name="SlickedLong" />
        <hair_tag name="PartedAndCombedBack" />
        <hair_tag name="Tousled" />
        <hair_tag name="Short" />
        <hair_tag name="HighPonytail" />
        <hair_tag name="ShortAndThin" />
        <hair_tag name="SlickedShort" />
        <hair_tag name="Bandit Hair 1" />
        <hair_tag name="Bandit Hair 2" />
        <hair_tag name="Bandit Hair 3" />
      </hair_tags>
      <beard_tags>
        <beard_tag name="MustacheAndPatch" />
        <beard_tag name="MediumMustache" />
        <beard_tag name="LightGoatee" />
        <beard_tag name="BushyGoatee" />
        <beard_tag name="DroopingMustacheAndBeard" />
        <beard_tag name="TiedBeardShavenCheeks" />
        <beard_tag name="WaxedMustache" />
        <beard_tag name="DroopyMustache" />
        <beard_tag name="WaxedBeardWithShavedCheeks" />
        <beard_tag name="BeardWithShavedCheeks" />
        <beard_tag name="HeavyShortBeard" />
        <beard_tag name="PointedShortBeard" />
        <beard_tag name="LongBeard" />
        <beard_tag name="HeavyLongBeard" />
        <beard_tag name="LongScragglyBeard" />
        <beard_tag name="cla_CeltMustache" />
        <beard_tag name="cla_HangingMustache" />
        <beard_tag name="cla_CurlyBeard" />
        <beard_tag name="cla_CurlyBeard_2" />
        <beard_tag name="cla_TrimmedGoatee" />
        <beard_tag name="cla_ShortMustache" />
        <beard_tag name="cla_VikingBeard" />
      </beard_tags>
    </face>
    <upgrade_targets>
      <upgrade_target id="NPCCharacter.cla_rome_auxilia_infantry_spear_celt_2" />
      <upgrade_target id="NPCCharacter.cla_rome_auxilia_archer_celt_2" />
      <upgrade_target id="NPCCharacter.cla_rome_auxilia_cavalry_celt_2" />
    </upgrade_targets>
    <Equipments>
      <EquipmentSet id="cla_rome_auxilia_recruit_celt_template" />
      <EquipmentSet id="cla_rome_auxilia_recruit_celt_template" civilian="true" />
    </Equipments>
  </NPCCharacter>
  <NPCCharacter id="cla_rome_auxilia_infantry_spear_celt_2"
                default_group="Infantry"
                level="11"
                name="{=cla_rome_auxilia_infantry_spear_celt_2}Auxilia Cohortales Miles Battanii"
                occupation="Soldier"
                culture="Culture.battania"
                skill_template="SkillSet.cla_skills_level11">
    <face>
      <face_key_template value="BodyProperty.cla_fighter_celt" />
      <hair_tags>
        <hair_tag name="Ponytail" />
        <hair_tag name="LongAndBushy" />
        <hair_tag name="TiedAcrossBack" />
        <hair_tag name="SlickedLong" />
        <hair_tag name="PartedAndCombedBack" />
        <hair_tag name="Tousled" />
        <hair_tag name="Short" />
        <hair_tag name="HighPonytail" />
        <hair_tag name="ShortAndThin" />
        <hair_tag name="SlickedShort" />
        <hair_tag name="Bandit Hair 1" />
        <hair_tag name="Bandit Hair 2" />
        <hair_tag name="Bandit Hair 3" />
      </hair_tags>
      <beard_tags>
        <beard_tag name="MustacheAndPatch" />
        <beard_tag name="MediumMustache" />
        <beard_tag name="LightGoatee" />
        <beard_tag name="BushyGoatee" />
        <beard_tag name="DroopingMustacheAndBeard" />
        <beard_tag name="TiedBeardShavenCheeks" />
        <beard_tag name="WaxedMustache" />
        <beard_tag name="DroopyMustache" />
        <beard_tag name="WaxedBeardWithShavedCheeks" />
        <beard_tag name="BeardWithShavedCheeks" />
        <beard_tag name="HeavyShortBeard" />
        <beard_tag name="PointedShortBeard" />
        <beard_tag name="LongBeard" />
        <beard_tag name="HeavyLongBeard" />
        <beard_tag name="LongScragglyBeard" />
        <beard_tag name="cla_CeltMustache" />
        <beard_tag name="cla_HangingMustache" />
        <beard_tag name="cla_CurlyBeard" />
        <beard_tag name="cla_CurlyBeard_2" />
        <beard_tag name="cla_TrimmedGoatee" />
        <beard_tag name="cla_ShortMustache" />
        <beard_tag name="cla_VikingBeard" />
      </beard_tags>
    </face>
    <upgrade_targets>
      <upgrade_target id="NPCCharacter.cla_rome_auxilia_infantry_spear_celt_3" />
    </upgrade_targets>
    <Equipments>
      <EquipmentSet id="cla_rome_auxilia_infantry_spear_2_celt_template" />
      <EquipmentSet id="cla_rome_auxilia_infantry_spear_2_celt_template" civilian="true" />
    </Equipments>
  </NPCCharacter>
  <NPCCharacter id="cla_rome_auxilia_infantry_spear_celt_3"
                default_group="Infantry"
                formation_position_preference="Back"
                level="16"
                name="{=cla_rome_auxilia_infantry_spear_celt_3}Auxilia Cohortales Immunes Battanii"
                occupation="Soldier"
                culture="Culture.battania"
                skill_template="SkillSet.cla_skills_level16">
    <face>
      <face_key_template value="BodyProperty.cla_fighter_celt" />
      <hair_tags>
        <hair_tag name="Ponytail" />
        <hair_tag name="LongAndBushy" />
        <hair_tag name="TiedAcrossBack" />
        <hair_tag name="SlickedLong" />
        <hair_tag name="PartedAndCombedBack" />
        <hair_tag name="Tousled" />
        <hair_tag name="Short" />
        <hair_tag name="HighPonytail" />
        <hair_tag name="ShortAndThin" />
        <hair_tag name="SlickedShort" />
        <hair_tag name="Bandit Hair 1" />
        <hair_tag name="Bandit Hair 2" />
        <hair_tag name="Bandit Hair 3" />
      </hair_tags>
      <beard_tags>
        <beard_tag name="MustacheAndPatch" />
        <beard_tag name="MediumMustache" />
        <beard_tag name="LightGoatee" />
        <beard_tag name="BushyGoatee" />
        <beard_tag name="DroopingMustacheAndBeard" />
        <beard_tag name="TiedBeardShavenCheeks" />
        <beard_tag name="WaxedMustache" />
        <beard_tag name="DroopyMustache" />
        <beard_tag name="WaxedBeardWithShavedCheeks" />
        <beard_tag name="BeardWithShavedCheeks" />
        <beard_tag name="HeavyShortBeard" />
        <beard_tag name="PointedShortBeard" />
        <beard_tag name="LongBeard" />
        <beard_tag name="HeavyLongBeard" />
        <beard_tag name="LongScragglyBeard" />
        <beard_tag name="cla_CeltMustache" />
        <beard_tag name="cla_HangingMustache" />
        <beard_tag name="cla_CurlyBeard" />
        <beard_tag name="cla_CurlyBeard_2" />
        <beard_tag name="cla_TrimmedGoatee" />
        <beard_tag name="cla_ShortMustache" />
        <beard_tag name="cla_VikingBeard" />
      </beard_tags>
    </face>
    <upgrade_targets>
    </upgrade_targets>
    <Equipments>
      <EquipmentSet id="cla_rome_auxilia_infantry_spear_3_celt_template" />
      <EquipmentSet id="cla_rome_auxilia_infantry_spear_3_celt_template" civilian="true" />
    </Equipments>
  </NPCCharacter>

<!-- Archers -->
  <NPCCharacter id="cla_rome_auxilia_archer_celt_2"
                default_group="Ranged"
                level="11"
                name="{=cla_rome_auxilia_archer_celt_2}Auxilia Funditor Tiro Battanii"
                occupation="Soldier"
                culture="Culture.battania"
                skill_template="SkillSet.cla_skills_level11">
    <face>
      <face_key_template value="BodyProperty.cla_fighter_celt" />
      <hair_tags>
        <hair_tag name="Ponytail" />
        <hair_tag name="LongAndBushy" />
        <hair_tag name="TiedAcrossBack" />
        <hair_tag name="SlickedLong" />
        <hair_tag name="PartedAndCombedBack" />
        <hair_tag name="Tousled" />
        <hair_tag name="Short" />
        <hair_tag name="HighPonytail" />
        <hair_tag name="ShortAndThin" />
        <hair_tag name="SlickedShort" />
        <hair_tag name="Bandit Hair 1" />
        <hair_tag name="Bandit Hair 2" />
        <hair_tag name="Bandit Hair 3" />
      </hair_tags>
      <beard_tags>
        <beard_tag name="MustacheAndPatch" />
        <beard_tag name="MediumMustache" />
        <beard_tag name="LightGoatee" />
        <beard_tag name="BushyGoatee" />
        <beard_tag name="DroopingMustacheAndBeard" />
        <beard_tag name="TiedBeardShavenCheeks" />
        <beard_tag name="WaxedMustache" />
        <beard_tag name="DroopyMustache" />
        <beard_tag name="WaxedBeardWithShavedCheeks" />
        <beard_tag name="BeardWithShavedCheeks" />
        <beard_tag name="HeavyShortBeard" />
        <beard_tag name="PointedShortBeard" />
        <beard_tag name="LongBeard" />
        <beard_tag name="HeavyLongBeard" />
        <beard_tag name="LongScragglyBeard" />
        <beard_tag name="cla_CeltMustache" />
        <beard_tag name="cla_HangingMustache" />
        <beard_tag name="cla_CurlyBeard" />
        <beard_tag name="cla_CurlyBeard_2" />
        <beard_tag name="cla_TrimmedGoatee" />
        <beard_tag name="cla_ShortMustache" />
        <beard_tag name="cla_VikingBeard" />
      </beard_tags>
    </face>
    <upgrade_targets>
      <upgrade_target id="NPCCharacter.cla_rome_auxilia_archer_celt_3" />
    </upgrade_targets>
    <Equipments>
      <EquipmentSet id="cla_rome_auxilia_archer_2_celt_template" />
      <EquipmentSet id="cla_rome_auxilia_archer_2_celt_template" civilian="true" />
    </Equipments>
  </NPCCharacter>
  <NPCCharacter id="cla_rome_auxilia_archer_celt_3"
                default_group="Ranged"
                level="16"
                name="{=cla_rome_auxilia_archer_celt_3}Auxilia Funditor Battanii"
                occupation="Soldier"
                culture="Culture.battania"
                skill_template="SkillSet.cla_skills_level16">
    <face>
      <face_key_template value="BodyProperty.cla_fighter_celt" />
      <hair_tags>
        <hair_tag name="Ponytail" />
        <hair_tag name="LongAndBushy" />
        <hair_tag name="TiedAcrossBack" />
        <hair_tag name="SlickedLong" />
        <hair_tag name="PartedAndCombedBack" />
        <hair_tag name="Tousled" />
        <hair_tag name="Short" />
        <hair_tag name="HighPonytail" />
        <hair_tag name="ShortAndThin" />
        <hair_tag name="SlickedShort" />
        <hair_tag name="Bandit Hair 1" />
        <hair_tag name="Bandit Hair 2" />
        <hair_tag name="Bandit Hair 3" />
      </hair_tags>
      <beard_tags>
        <beard_tag name="MustacheAndPatch" />
        <beard_tag name="MediumMustache" />
        <beard_tag name="LightGoatee" />
        <beard_tag name="BushyGoatee" />
        <beard_tag name="DroopingMustacheAndBeard" />
        <beard_tag name="TiedBeardShavenCheeks" />
        <beard_tag name="WaxedMustache" />
        <beard_tag name="DroopyMustache" />
        <beard_tag name="WaxedBeardWithShavedCheeks" />
        <beard_tag name="BeardWithShavedCheeks" />
        <beard_tag name="HeavyShortBeard" />
        <beard_tag name="PointedShortBeard" />
        <beard_tag name="LongBeard" />
        <beard_tag name="HeavyLongBeard" />
        <beard_tag name="LongScragglyBeard" />
        <beard_tag name="cla_CeltMustache" />
        <beard_tag name="cla_HangingMustache" />
        <beard_tag name="cla_CurlyBeard" />
        <beard_tag name="cla_CurlyBeard_2" />
        <beard_tag name="cla_TrimmedGoatee" />
        <beard_tag name="cla_ShortMustache" />
        <beard_tag name="cla_VikingBeard" />
      </beard_tags>
    </face>
    <upgrade_targets>
    </upgrade_targets>
    <Equipments>
      <EquipmentSet id="cla_rome_auxilia_archer_3_celt_template" />
      <EquipmentSet id="cla_rome_auxilia_archer_3_celt_template" civilian="true" />
    </Equipments>
  </NPCCharacter>

<!-- Cavalry-->
  <NPCCharacter id="cla_rome_auxilia_cavalry_celt_2"
                default_group="Cavalry"
                level="11"
                name="{=cla_rome_auxilia_cavalry_celt_2}Eques Alaris Novicus Battanii"
                upgrade_requires="ItemCategory.horse"
                occupation="Soldier"
                culture="Culture.battania"
                skill_template="SkillSet.cla_skills_level11">
    <face>
      <face_key_template value="BodyProperty.cla_fighter_celt" />
      <hair_tags>
        <hair_tag name="Ponytail" />
        <hair_tag name="LongAndBushy" />
        <hair_tag name="TiedAcrossBack" />
        <hair_tag name="SlickedLong" />
        <hair_tag name="PartedAndCombedBack" />
        <hair_tag name="Tousled" />
        <hair_tag name="Short" />
        <hair_tag name="HighPonytail" />
        <hair_tag name="ShortAndThin" />
        <hair_tag name="SlickedShort" />
        <hair_tag name="Bandit Hair 1" />
        <hair_tag name="Bandit Hair 2" />
        <hair_tag name="Bandit Hair 3" />
      </hair_tags>
      <beard_tags>
        <beard_tag name="MustacheAndPatch" />
        <beard_tag name="MediumMustache" />
        <beard_tag name="LightGoatee" />
        <beard_tag name="BushyGoatee" />
        <beard_tag name="DroopingMustacheAndBeard" />
        <beard_tag name="TiedBeardShavenCheeks" />
        <beard_tag name="WaxedMustache" />
        <beard_tag name="DroopyMustache" />
        <beard_tag name="WaxedBeardWithShavedCheeks" />
        <beard_tag name="BeardWithShavedCheeks" />
        <beard_tag name="HeavyShortBeard" />
        <beard_tag name="PointedShortBeard" />
        <beard_tag name="LongBeard" />
        <beard_tag name="HeavyLongBeard" />
        <beard_tag name="LongScragglyBeard" />
        <beard_tag name="cla_CeltMustache" />
        <beard_tag name="cla_HangingMustache" />
        <beard_tag name="cla_CurlyBeard" />
        <beard_tag name="cla_CurlyBeard_2" />
        <beard_tag name="cla_TrimmedGoatee" />
        <beard_tag name="cla_ShortMustache" />
        <beard_tag name="cla_VikingBeard" />
      </beard_tags>
    </face>
    <upgrade_targets>
      <upgrade_target id="NPCCharacter.cla_rome_auxilia_cavalry_celt_3" />
    </upgrade_targets>
    <Equipments>
      <EquipmentSet id="cla_rome_auxilia_cavalry_2_celt_template" />
      <EquipmentSet id="cla_rome_auxilia_cavalry_2_celt_template" civilian="true" />
    </Equipments>
  </NPCCharacter>
  <NPCCharacter id="cla_rome_auxilia_cavalry_celt_3"
                default_group="Cavalry"
                level="16"
                name="{=cla_rome_auxilia_cavalry_celt_3}Eques Alaris Battanii"
                occupation="Soldier"
                culture="Culture.battania"
                skill_template="SkillSet.cla_skills_level16">
    <face>
      <face_key_template value="BodyProperty.cla_fighter_celt" />
      <hair_tags>
        <hair_tag name="Ponytail" />
        <hair_tag name="LongAndBushy" />
        <hair_tag name="TiedAcrossBack" />
        <hair_tag name="SlickedLong" />
        <hair_tag name="PartedAndCombedBack" />
        <hair_tag name="Tousled" />
        <hair_tag name="Short" />
        <hair_tag name="HighPonytail" />
        <hair_tag name="ShortAndThin" />
        <hair_tag name="SlickedShort" />
        <hair_tag name="Bandit Hair 1" />
        <hair_tag name="Bandit Hair 2" />
        <hair_tag name="Bandit Hair 3" />
      </hair_tags>
      <beard_tags>
        <beard_tag name="MustacheAndPatch" />
        <beard_tag name="MediumMustache" />
        <beard_tag name="LightGoatee" />
        <beard_tag name="BushyGoatee" />
        <beard_tag name="DroopingMustacheAndBeard" />
        <beard_tag name="TiedBeardShavenCheeks" />
        <beard_tag name="WaxedMustache" />
        <beard_tag name="DroopyMustache" />
        <beard_tag name="WaxedBeardWithShavedCheeks" />
        <beard_tag name="BeardWithShavedCheeks" />
        <beard_tag name="HeavyShortBeard" />
        <beard_tag name="PointedShortBeard" />
        <beard_tag name="LongBeard" />
        <beard_tag name="HeavyLongBeard" />
        <beard_tag name="LongScragglyBeard" />
        <beard_tag name="cla_CeltMustache" />
        <beard_tag name="cla_HangingMustache" />
        <beard_tag name="cla_CurlyBeard" />
        <beard_tag name="cla_CurlyBeard_2" />
        <beard_tag name="cla_TrimmedGoatee" />
        <beard_tag name="cla_ShortMustache" />
        <beard_tag name="cla_VikingBeard" />
      </beard_tags>
    </face>
    <upgrade_targets>
      <upgrade_target id="NPCCharacter.cla_rome_auxilia_cavalry_celt_4" />
    </upgrade_targets>
    <Equipments>
      <EquipmentSet id="cla_rome_auxilia_cavalry_3_celt_template" />
      <EquipmentSet id="cla_rome_auxilia_cavalry_3_celt_template" civilian="true" />
    </Equipments>
  </NPCCharacter>
  <NPCCharacter id="cla_rome_auxilia_cavalry_celt_4"
                default_group="Cavalry"
                level="21"
                name="{=cla_rome_auxilia_cavalry_celt_4}Eques Alaris Elite Battanii"
                occupation="Soldier"
                culture="Culture.battania"
                skill_template="SkillSet.cla_skills_level21">
    <face>
      <face_key_template value="BodyProperty.cla_fighter_celt" />
      <hair_tags>
        <hair_tag name="Ponytail" />
        <hair_tag name="LongAndBushy" />
        <hair_tag name="TiedAcrossBack" />
        <hair_tag name="SlickedLong" />
        <hair_tag name="PartedAndCombedBack" />
        <hair_tag name="Tousled" />
        <hair_tag name="Short" />
        <hair_tag name="HighPonytail" />
        <hair_tag name="ShortAndThin" />
        <hair_tag name="SlickedShort" />
        <hair_tag name="Bandit Hair 1" />
        <hair_tag name="Bandit Hair 2" />
        <hair_tag name="Bandit Hair 3" />
      </hair_tags>
      <beard_tags>
        <beard_tag name="MustacheAndPatch" />
        <beard_tag name="MediumMustache" />
        <beard_tag name="LightGoatee" />
        <beard_tag name="BushyGoatee" />
        <beard_tag name="DroopingMustacheAndBeard" />
        <beard_tag name="TiedBeardShavenCheeks" />
        <beard_tag name="WaxedMustache" />
        <beard_tag name="DroopyMustache" />
        <beard_tag name="WaxedBeardWithShavedCheeks" />
        <beard_tag name="BeardWithShavedCheeks" />
        <beard_tag name="HeavyShortBeard" />
        <beard_tag name="PointedShortBeard" />
        <beard_tag name="LongBeard" />
        <beard_tag name="HeavyLongBeard" />
        <beard_tag name="LongScragglyBeard" />
        <beard_tag name="cla_CeltMustache" />
        <beard_tag name="cla_HangingMustache" />
        <beard_tag name="cla_CurlyBeard" />
        <beard_tag name="cla_CurlyBeard_2" />
        <beard_tag name="cla_TrimmedGoatee" />
        <beard_tag name="cla_ShortMustache" />
        <beard_tag name="cla_VikingBeard" />
      </beard_tags>
    </face>
    <upgrade_targets>
    </upgrade_targets>
    <Equipments>
      <EquipmentSet id="cla_rome_auxilia_cavalry_4_celt_template" />
      <EquipmentSet id="cla_rome_auxilia_cavalry_4_celt_template" civilian="true" />
    </Equipments>
  </NPCCharacter>
</NPCCharacters>