<?xml version="1.0" encoding="utf-8"?>
<NPCCharacters>
<!-- Auxilia Troop Tree -->
  <NPCCharacter id="cla_rome_auxilia_recruit_carthage"
                default_group="Infantry"
                level="6"
                name="{=cla_rome_auxilia_recruit_carthage}Auxilia Cohortales Tiro Nahasi"
                occupation="Soldier"
                is_basic_troop="true"
                culture="Culture.aserai"
                skill_template="SkillSet.cla_skills_level6">
    <face>
      <face_key_template value="BodyProperty.cla_fighter_nahasi" />
    </face>
    <upgrade_targets>
      <upgrade_target id="NPCCharacter.cla_rome_auxilia_infantry_spear_carthage_2" />
      <upgrade_target id="NPCCharacter.cla_rome_auxilia_archer_carthage_2" />
      <upgrade_target id="NPCCharacter.cla_rome_auxilia_cavalry_carthage_2" />
    </upgrade_targets>
    <Equipments>
      <EquipmentSet id="cla_rome_auxilia_recruit_carthage_template" />
      <EquipmentSet id="cla_rome_auxilia_recruit_carthage_template" civilian="true" />
    </Equipments>
  </NPCCharacter>
  <NPCCharacter id="cla_rome_auxilia_infantry_spear_carthage_2"
                default_group="Infantry"
                level="11"
                name="{=cla_rome_auxilia_infantry_spear_carthage_2}Auxilia Cohortales Miles Nahasi"
                occupation="Soldier"
                culture="Culture.aserai"
                skill_template="SkillSet.cla_skills_level11">
    <face>
      <face_key_template value="BodyProperty.cla_fighter_nahasi" />
    </face>
    <upgrade_targets>
      <upgrade_target id="NPCCharacter.cla_rome_auxilia_infantry_spear_carthage_3" />
    </upgrade_targets>
    <Equipments>
      <EquipmentSet id="cla_rome_auxilia_infantry_spear_2_carthage_template" />
      <EquipmentSet id="cla_rome_auxilia_infantry_spear_2_carthage_template" civilian="true" />
    </Equipments>
  </NPCCharacter>
  <NPCCharacter id="cla_rome_auxilia_infantry_spear_carthage_3"
                default_group="Infantry"
                level="16"
                name="{=cla_rome_auxilia_infantry_spear_carthage_3}Auxilia Cohortales Immunes Nahasi"
                occupation="Soldier"
                culture="Culture.aserai"
                skill_template="SkillSet.cla_skills_level16">
    <face>
      <face_key_template value="BodyProperty.cla_fighter_nahasi" />
    </face>
    <upgrade_targets>
      <upgrade_target id="NPCCharacter.cla_rome_auxilia_infantry_spear_carthage_4" />
    </upgrade_targets>
    <Equipments>
      <EquipmentSet id="cla_rome_auxilia_infantry_spear_3_carthage_template" />
      <EquipmentSet id="cla_rome_auxilia_infantry_spear_3_carthage_template" civilian="true" />
    </Equipments>
  </NPCCharacter>
  <NPCCharacter id="cla_rome_auxilia_infantry_spear_carthage_4"
                default_group="Infantry"
                level="21"
                name="{=cla_rome_auxilia_infantry_spear_carthage_4}Auxilia Cohortales Elite Nahasi"
                occupation="Soldier"
                culture="Culture.aserai"
                skill_template="SkillSet.cla_skills_level21">
    <face>
      <face_key_template value="BodyProperty.cla_fighter_nahasi" />
    </face>
    <upgrade_targets>
    </upgrade_targets>
    <Equipments>
      <EquipmentSet id="cla_rome_auxilia_infantry_spear_4_carthage_template" />
      <EquipmentSet id="cla_rome_auxilia_infantry_spear_4_carthage_template" civilian="true" />
    </Equipments>
  </NPCCharacter>

<!-- Archers -->
  <NPCCharacter id="cla_rome_auxilia_archer_carthage_2"
                default_group="Ranged"
                level="11"
                name="{=cla_rome_auxilia_archer_carthage_2}Auxilia Sagittarius Tiro Gawwali"
                occupation="Soldier"
                culture="Culture.aserai"
                skill_template="SkillSet.cla_skills_level11">
    <face>
      <face_key_template value="BodyProperty.cla_fighter_jawwal" />
    </face>
    <upgrade_targets>
      <upgrade_target id="NPCCharacter.cla_rome_auxilia_archer_carthage_3" />
    </upgrade_targets>
    <Equipments>
      <EquipmentSet id="cla_rome_auxilia_archer_2_carthage_template" />
      <EquipmentSet id="cla_rome_auxilia_archer_2_carthage_template" civilian="true" />
    </Equipments>
  </NPCCharacter>
  <NPCCharacter id="cla_rome_auxilia_archer_carthage_3"
                default_group="Ranged"
                level="16"
                name="{=cla_rome_auxilia_archer_carthage_3}Auxilia Sagittarius Gawwali"
                occupation="Soldier"
                culture="Culture.aserai"
                skill_template="SkillSet.cla_skills_level16">
    <face>
      <face_key_template value="BodyProperty.cla_fighter_jawwal" />
    </face>
    <upgrade_targets>
    </upgrade_targets>
    <Equipments>
      <EquipmentSet id="cla_rome_auxilia_archer_3_carthage_template" />
      <EquipmentSet id="cla_rome_auxilia_archer_3_carthage_template" civilian="true" />
    </Equipments>
  </NPCCharacter>

<!-- Cavalry-->
  <NPCCharacter id="cla_rome_auxilia_cavalry_carthage_2"
                default_group="Cavalry"
                level="11"
                name="{=cla_rome_auxilia_cavalry_carthage_2}Eques Alaris Novicus Kaani"
                upgrade_requires="ItemCategory.horse"
                occupation="Soldier"
                culture="Culture.aserai"
                skill_template="SkillSet.cla_skills_level11">
    <face>
      <face_key_template value="BodyProperty.cla_fighter_kanic" />
    </face>
    <upgrade_targets>
      <upgrade_target id="NPCCharacter.cla_rome_auxilia_cavalry_carthage_3" />
    </upgrade_targets>
    <Equipments>
      <EquipmentSet id="cla_rome_auxilia_cavalry_2_carthage_template" />
      <EquipmentSet id="cla_rome_auxilia_cavalry_2_carthage_template" civilian="true" />
    </Equipments>
  </NPCCharacter>
  <NPCCharacter id="cla_rome_auxilia_cavalry_carthage_3"
                default_group="Cavalry"
                level="16"
                name="{=cla_rome_auxilia_cavalry_carthage_3}Eques Alaris Kaani"
                occupation="Soldier"
                culture="Culture.aserai"
                skill_template="SkillSet.cla_skills_level16">
    <face>
      <face_key_template value="BodyProperty.cla_fighter_kanic" />
    </face>
    <upgrade_targets>
    </upgrade_targets>
    <Equipments>
      <EquipmentSet id="cla_rome_auxilia_cavalry_3_carthage_template" />
      <EquipmentSet id="cla_rome_auxilia_cavalry_3_carthage_template" civilian="true" />
    </Equipments>
  </NPCCharacter>

</NPCCharacters>