<?xml version="1.0" encoding="utf-8"?>
<NPCCharacters>
<!-- Body Guard -->
  <NPCCharacter id="cla_scythia_bodyguard_6"
                default_group="HorseArcher"
                level="31"
                name="{=cla_scythia_cavalry_elite_6}Saka Oathbound"
                occupation="Soldier"
                culture="Culture.khuzait"
                skill_template="SkillSet.cla_skills_level31_elite">
    <face>
      <face_key_template value="BodyProperty.cla_fighter_scythia" />
      <hair_tags>
        <hair_tag name="Ponytail" />
        <hair_tag name="LongAndBushy" />
        <hair_tag name="TiedAcrossBack" />
        <hair_tag name="SlickedLong" />
        <hair_tag name="PartedAndCombedBack" />
        <hair_tag name="Tousled" />
        <hair_tag name="BraidedAndLong" />
        <hair_tag name="Short" />
        <hair_tag name="HighPonytail" />
        <hair_tag name="Mohawk" />
        <hair_tag name="Native Braids" />
        <hair_tag name="Bandit Hair 1" />
        <hair_tag name="Bandit Hair 2" />
        <hair_tag name="Bandit Hair 3" />
      </hair_tags>
      <beard_tags>
        <beard_tag name="Cleanshaven" />
        <beard_tag name="LightShortBeard" />
        <beard_tag name="HeavyShortBeard" />
        <beard_tag name="PointedShortBeard" />
        <beard_tag name="LongBeard" />
        <beard_tag name="HeavyLongBeard" />
        <beard_tag name="LongScragglyBeard" />
        <beard_tag name="LightShortBeard" />
        <beard_tag name="HeavyShortBeard" />
        <beard_tag name="PointedShortBeard" />
        <beard_tag name="LongBeard" />
        <beard_tag name="HeavyLongBeard" />
      </beard_tags>
    </face>
    <upgrade_targets>
    </upgrade_targets>
    <Equipments>
      <EquipmentSet id="cla_scythia_bodyguard_6_template" />
      <EquipmentSet id="cla_scythia_bodyguard_6_template" civilian="true" />
    </Equipments>
  </NPCCharacter>
<!-- Leaders -->
  <NPCCharacter id="cla_scythia_cavalry_leader_7"
                default_group="HorseArcher"
                level="36"
                name="{=cla_scythia_cavalry_leader_7}Saka War Lord"
                occupation="Soldier"
                is_basic_troop="true"
                culture="Culture.khuzait"
                skill_template="SkillSet.cla_skills_level36_elite">
    <face>
      <face_key_template value="BodyProperty.cla_fighter_scythia" />
      <hair_tags>
        <hair_tag name="Ponytail" />
        <hair_tag name="LongAndBushy" />
        <hair_tag name="TiedAcrossBack" />
        <hair_tag name="SlickedLong" />
        <hair_tag name="PartedAndCombedBack" />
        <hair_tag name="Tousled" />
        <hair_tag name="BraidedAndLong" />
        <hair_tag name="Short" />
        <hair_tag name="HighPonytail" />
        <hair_tag name="Mohawk" />
        <hair_tag name="Native Braids" />
        <hair_tag name="Bandit Hair 1" />
        <hair_tag name="Bandit Hair 2" />
        <hair_tag name="Bandit Hair 3" />
      </hair_tags>
      <beard_tags>
        <beard_tag name="Cleanshaven" />
        <beard_tag name="LightShortBeard" />
        <beard_tag name="HeavyShortBeard" />
        <beard_tag name="PointedShortBeard" />
        <beard_tag name="LongBeard" />
        <beard_tag name="HeavyLongBeard" />
        <beard_tag name="LongScragglyBeard" />
        <beard_tag name="LightShortBeard" />
        <beard_tag name="HeavyShortBeard" />
        <beard_tag name="PointedShortBeard" />
        <beard_tag name="LongBeard" />
        <beard_tag name="HeavyLongBeard" />
      </beard_tags>
    </face>
    <upgrade_targets>
    </upgrade_targets>
    <Equipments>
      <EquipmentSet id="cla_scythia_cavalry_leader_7_template" />
      <EquipmentSet id="cla_scythia_cavalry_leader_7_template" civilian="true" />
    </Equipments>
  </NPCCharacter>
<!-- Banner -->
  <NPCCharacter id="cla_scythia_infantry_banner_5"
                default_group="Infantry"
                level="26"
                name="{=cla_scythia_infantry_banner_5}Saka Armored Bannerman"
                occupation="Soldier"
                culture="Culture.khuzait"
                skill_template="SkillSet.cla_skills_level26">
    <face>
      <face_key_template value="BodyProperty.cla_fighter_scythia" />
      <hair_tags>
        <hair_tag name="Ponytail" />
        <hair_tag name="LongAndBushy" />
        <hair_tag name="TiedAcrossBack" />
        <hair_tag name="SlickedLong" />
        <hair_tag name="PartedAndCombedBack" />
        <hair_tag name="Tousled" />
        <hair_tag name="BraidedAndLong" />
        <hair_tag name="Short" />
        <hair_tag name="HighPonytail" />
        <hair_tag name="Mohawk" />
        <hair_tag name="Native Braids" />
        <hair_tag name="Bandit Hair 1" />
        <hair_tag name="Bandit Hair 2" />
        <hair_tag name="Bandit Hair 3" />
      </hair_tags>
      <beard_tags>
        <beard_tag name="Cleanshaven" />
        <beard_tag name="LightShortBeard" />
        <beard_tag name="HeavyShortBeard" />
        <beard_tag name="PointedShortBeard" />
        <beard_tag name="LongBeard" />
        <beard_tag name="HeavyLongBeard" />
        <beard_tag name="LongScragglyBeard" />
        <beard_tag name="LightShortBeard" />
        <beard_tag name="HeavyShortBeard" />
        <beard_tag name="PointedShortBeard" />
        <beard_tag name="LongBeard" />
        <beard_tag name="HeavyLongBeard" />
      </beard_tags>
    </face>
    <upgrade_targets>
    </upgrade_targets>
    <Equipments>
      <EquipmentSet id="cla_scythia_infantry_banner_5_template" />
      <EquipmentSet id="cla_scythia_infantry_banner_5_template" civilian="true" />
    </Equipments>
  </NPCCharacter>
<!-- Mounted Bannerman -->
  <NPCCharacter id="cla_scythia_cavalry_banner_5"
                default_group="Cavalry"
                level="26"
                name="{=cla_scythia_cavalry_banner_5}Saka Mounted Banner"
                upgrade_requires="ItemCategory.horse"
                occupation="Soldier"
                culture="Culture.khuzait"
                skill_template="SkillSet.cla_skills_level26">
    <face>
      <face_key_template value="BodyProperty.cla_fighter_scythia" />
      <hair_tags>
        <hair_tag name="Ponytail" />
        <hair_tag name="LongAndBushy" />
        <hair_tag name="TiedAcrossBack" />
        <hair_tag name="SlickedLong" />
        <hair_tag name="PartedAndCombedBack" />
        <hair_tag name="Tousled" />
        <hair_tag name="BraidedAndLong" />
        <hair_tag name="Short" />
        <hair_tag name="HighPonytail" />
        <hair_tag name="Mohawk" />
        <hair_tag name="Native Braids" />
        <hair_tag name="Bandit Hair 1" />
        <hair_tag name="Bandit Hair 2" />
        <hair_tag name="Bandit Hair 3" />
      </hair_tags>
      <beard_tags>
        <beard_tag name="Cleanshaven" />
        <beard_tag name="LightShortBeard" />
        <beard_tag name="HeavyShortBeard" />
        <beard_tag name="PointedShortBeard" />
        <beard_tag name="LongBeard" />
        <beard_tag name="HeavyLongBeard" />
        <beard_tag name="LongScragglyBeard" />
        <beard_tag name="LightShortBeard" />
        <beard_tag name="HeavyShortBeard" />
        <beard_tag name="PointedShortBeard" />
        <beard_tag name="LongBeard" />
        <beard_tag name="HeavyLongBeard" />
      </beard_tags>
    </face>
    <upgrade_targets>
    </upgrade_targets>
    <Equipments>
      <EquipmentSet id="cla_scythia_cavalry_banner_5_template" />
      <EquipmentSet id="cla_scythia_cavalry_banner_5_template" civilian="true" />
    </Equipments>
  </NPCCharacter>

</NPCCharacters>