<?xml version="1.0" encoding="utf-8"?>
<NPCCharacters>

<!-- Draco Standard -->
  <NPCCharacter id="cla_dacia_standard_flag_5"
                default_group="Infantry"
                formation_position_preference="Back"
                level="26"
                name="{=cla_dacia_standard_flag_5}Dryatic Standard Bearer"
                occupation="Soldier"
                is_basic_troop="true"
                culture="Culture.vlandia"
                skill_template="SkillSet.cla_skills_level26">
    <face>
      <face_key_template value="BodyProperty.cla_fighter_dacia" />
    </face>
    <upgrade_targets>
    </upgrade_targets>
    <Equipments>
      <EquipmentSet id="cla_dacia_standard_flag_5_template" />
      <EquipmentSet id="cla_dacia_standard_flag_5_template" civilian="true" />
    </Equipments>
  </NPCCharacter>
  <NPCCharacter id="cla_dacia_standard_bucium_6"
                default_group="Infantry"
                formation_position_preference="Back"
                level="31"
                name="{=cla_dacia_standard_bucium_6}Dryatic Bucium Bearer"
                occupation="Soldier"
                is_basic_troop="true"
                culture="Culture.vlandia"
                skill_template="SkillSet.cla_skills_level31">
    <face>
      <face_key_template value="BodyProperty.cla_fighter_dacia" />
    </face>
    <upgrade_targets>
    </upgrade_targets>
    <Equipments>
      <EquipmentSet id="cla_dacia_standard_bucium_6_template" />
      <EquipmentSet id="cla_dacia_standard_bucium_6_template" civilian="true" />
    </Equipments>
  </NPCCharacter>
  <NPCCharacter id="cla_dacia_standard_draco_7"
                default_group="Infantry"
                formation_position_preference="Back"
                level="36"
                name="{=cla_dacia_standard_draco_7}Dryatic Draco Bearer"
                occupation="Soldier"
                is_basic_troop="true"
                culture="Culture.vlandia"
                skill_template="SkillSet.cla_skills_level36">
    <face>
      <face_key_template value="BodyProperty.cla_fighter_dacia" />
    </face>
    <upgrade_targets> </upgrade_targets>
    <Equipments>
      <EquipmentSet id="cla_dacia_standard_draco_7_template" />
      <EquipmentSet id="cla_dacia_standard_draco_7_template" civilian="true" />
    </Equipments>
  </NPCCharacter>
<!-- Officer -->
  <NPCCharacter id="cla_dacia_infantry_officer_7"
                default_group="Infantry"
                formation_position_preference="Back"
                level="36"
                name="{=cla_dacia_infantry_officer_7}Dryatic Tribal Chief"
                occupation="Soldier"
                is_basic_troop="true"
                culture="Culture.vlandia"
                skill_template="SkillSet.cla_skills_level36_elite">
    <face>
      <face_key_template value="BodyProperty.cla_fighter_dacia" />
    </face>
    <upgrade_targets> </upgrade_targets>
    <Equipments>
      <EquipmentSet id="cla_dacia_infantry_officer_7_template" />
      <EquipmentSet id="cla_dacia_infantry_officer_7_template" civilian="true" />
    </Equipments>
  </NPCCharacter>
<!-- Body Guard -->
  <NPCCharacter id="cla_dacia_bodyguard_6"
                default_group="Cavalry"
                formation_position_preference="Back"
                level="31"
                name="{=cla_dacia_bodyguard_6}Dryatic Honor Guard"
                occupation="Soldier"
                is_basic_troop="true"
                culture="Culture.vlandia"
                skill_template="SkillSet.cla_skills_level31">
    <face>
      <face_key_template value="BodyProperty.cla_fighter_dacia" />
    </face>
    <upgrade_targets>
    </upgrade_targets>
    <Equipments>
      <EquipmentSet id="cla_dacia_bodyguard_6_template" />
      <EquipmentSet id="cla_dacia_bodyguard_6_template" civilian="true" />
    </Equipments>
  </NPCCharacter>

</NPCCharacters>