<?xml version="1.0" encoding="utf-8"?>
<NPCCharacters>

<!-- Republic Legionaries -->
<!-- Velites -->
  <NPCCharacter id="cla_rome_republic_velites_1"
                default_group="Infantry"
                level="6"
                name="{=cla_rome_republic_velites_1}Legionarius Veles"
                occupation="Soldier"
                is_basic_troop="true"
                culture="Culture.empire"
                skill_template="SkillSet.cla_skills_level6">
    <face>
      <face_key_template value="BodyProperty.cla_rome_legionary" />
    </face>
    <upgrade_targets>
      <upgrade_target id="NPCCharacter.cla_rome_republic_velites_2" />
      <upgrade_target id="NPCCharacter.cla_rome_republic_hastati_2" />
    </upgrade_targets>
    <Equipments>
      <EquipmentSet id="cla_rome_republic_velites_1_template" />
      <EquipmentSet id="cla_rome_republic_velites_1_template" civilian="true" />
    </Equipments>
  </NPCCharacter>
  <NPCCharacter id="cla_rome_republic_velites_2"
                default_group="Infantry"
                level="11"
                name="{=cla_rome_republic_velites_2}Legionarius Experienced Veles"
                occupation="Soldier"
                culture="Culture.empire"
                skill_template="SkillSet.cla_skills_level11">
    <face>
      <face_key_template value="BodyProperty.cla_rome_legionary" />
    </face>
    <upgrade_targets>
      <upgrade_target id="NPCCharacter.cla_rome_republic_velites_3" />
    </upgrade_targets>
    <Equipments>
      <EquipmentSet id="cla_rome_republic_velites_2_template" />
      <EquipmentSet id="cla_rome_republic_velites_2_template" civilian="true" />
    </Equipments>
  </NPCCharacter>
  <NPCCharacter id="cla_rome_republic_velites_3"
                default_group="Infantry"
                level="16"
                name="{=cla_rome_republic_velites_3}Legionarius Veteran Veles"
                occupation="Soldier"
                culture="Culture.empire"
                skill_template="SkillSet.cla_skills_level16">
    <face>
      <face_key_template value="BodyProperty.cla_rome_legionary" />
    </face>
    <upgrade_targets>
    </upgrade_targets>
    <Equipments>
      <EquipmentSet id="cla_rome_republic_velites_1_template" />
      <EquipmentSet id="cla_rome_republic_velites_1_template" civilian="true" />
    </Equipments>
  </NPCCharacter>
<!-- Hastati -->
  <NPCCharacter id="cla_rome_republic_hastati_2"
                default_group="Infantry"
                level="11"
                name="{=cla_rome_republic_hastati_2}Legionarius Hastatus"
                occupation="Soldier"
                culture="Culture.empire"
                skill_template="SkillSet.cla_skills_level11">
    <face>
      <face_key_template value="BodyProperty.cla_rome_legionary" />
    </face>
    <upgrade_targets>
      <upgrade_target id="NPCCharacter.cla_rome_republic_hastati_3" />
    </upgrade_targets>
    <Equipments>
      <EquipmentSet id="cla_rome_republic_hastati_2_template" />
      <EquipmentSet id="cla_rome_republic_hastati_2_template" civilian="true" />
    </Equipments>
  </NPCCharacter>
  <NPCCharacter id="cla_rome_republic_hastati_3"
                default_group="Infantry"
                level="16"
                name="{=cla_rome_republic_hastati_3}Legionarius Trained Hastatus"
                occupation="Soldier"
                culture="Culture.empire"
                skill_template="SkillSet.cla_skills_level16">
    <face>
      <face_key_template value="BodyProperty.cla_rome_legionary" />
    </face>
    <upgrade_targets>
    </upgrade_targets>
    <Equipments>
      <EquipmentSet id="cla_rome_republic_hastati_3_template" />
      <EquipmentSet id="cla_rome_republic_hastati_3_template" civilian="true" />
    </Equipments>
  </NPCCharacter>

<!-- Principes-->
  <NPCCharacter id="cla_rome_republic_principes_3"
                default_group="Infantry"
                level="16"
                name="{=cla_rome_republic_principes_3}Legionarius Princeps"
                occupation="Soldier"
                is_basic_troop="true"
                culture="Culture.empire"
                skill_template="SkillSet.cla_skills_level16_elite">
    <face>
      <face_key_template value="BodyProperty.cla_rome_legionary" />
    </face>
    <upgrade_targets>
      <upgrade_target id="NPCCharacter.cla_rome_republic_principes_4" />
      <upgrade_target id="NPCCharacter.cla_rome_republic_triarii_4" />
    </upgrade_targets>
    <Equipments>
      <EquipmentSet id="cla_rome_republic_principes_3_template" />
      <EquipmentSet id="cla_rome_republic_principes_3_template" civilian="true" />
    </Equipments>
  </NPCCharacter>
  <NPCCharacter id="cla_rome_republic_principes_4"
                default_group="Infantry"
                level="21"
                name="{=cla_rome_republic_principes_4}Legionarius Veteran Princeps"
                occupation="Soldier"
                culture="Culture.empire"
                skill_template="SkillSet.cla_skills_level21_elite">
    <face>
      <face_key_template value="BodyProperty.cla_rome_legionary" />
    </face>
    <upgrade_targets>
    </upgrade_targets>
    <Equipments>
      <EquipmentSet id="cla_rome_republic_principes_4_template" />
      <EquipmentSet id="cla_rome_republic_principes_4_template" civilian="true" />
    </Equipments>
  </NPCCharacter>
<!-- Triarii -->
  <NPCCharacter id="cla_rome_republic_triarii_4"
                default_group="Infantry"
                level="21"
                name="{=cla_rome_republic_triarii_4}Legionarius Experienced Triarius"
                occupation="Soldier"
                culture="Culture.empire"
                skill_template="SkillSet.cla_skills_level21_elite">
    <face>
      <face_key_template value="BodyProperty.cla_rome_legionary_experienced" />
    </face>
    <upgrade_targets>
      <upgrade_target id="NPCCharacter.cla_rome_republic_triarii_5" />
    </upgrade_targets>
    <Equipments>
      <EquipmentSet id="cla_rome_republic_triarii_4_template" />
      <EquipmentSet id="cla_rome_republic_triarii_4_template" civilian="true" />
    </Equipments>
  </NPCCharacter>
  <NPCCharacter id="cla_rome_republic_triarii_5"
                default_group="Infantry"
                level="26"
                name="{=cla_rome_republic_triarii_5}Legionarius Veteran Triarius"
                occupation="Soldier"
                culture="Culture.empire"
                skill_template="SkillSet.cla_skills_level26_elite">
    <face>
      <face_key_template value="BodyProperty.cla_rome_legionary_experienced" />
    </face>
    <upgrade_targets>
    </upgrade_targets>
    <Equipments>
      <EquipmentSet id="cla_rome_republic_triarii_5_template" />
      <EquipmentSet id="cla_rome_republic_triarii_5_template" civilian="true" />
    </Equipments>
  </NPCCharacter>
</NPCCharacters>