<?xml version="1.0" encoding="utf-8"?>
<NPCCharacters>

  <NPCCharacter id="cla_carthage_numidian_skirmisher_1"
                default_group="Infantry"
                level="6"
                name="{=cla_carthage_numidian_skirmisher_1}Ish Gawwali (Skirmisher)"
                occupation="Soldier"
                is_basic_troop="true"
                culture="Culture.aserai"
                skill_template="SkillSet.cla_skills_level6_elite">
    <face>
      <face_key_template value="BodyProperty.cla_fighter_jawwal" />
    </face>
    <upgrade_targets>
      <upgrade_target id="NPCCharacter.cla_carthage_numidian_skirmisher_2" />
      <upgrade_target id="NPCCharacter.cla_carthage_numidian_archer_2" />
      <upgrade_target id="NPCCharacter.cla_carthage_numidian_skirmisher_cav_2" />
    </upgrade_targets>
    <Equipments>
      <EquipmentSet id="cla_carthage_numidian_skirmisher_1_template" />
      <EquipmentSet id="cla_carthage_numidian_skirmisher_1_template" civilian="true" />
    </Equipments>
  </NPCCharacter>

  <NPCCharacter id="cla_carthage_numidian_skirmisher_2"
                default_group="Infantry"
                level="11"
                name="{=cla_carthage_numidian_skirmisher_2}Ish Mahnit Gawwali (Skirmisher)"
                occupation="Soldier"
                culture="Culture.aserai"
                skill_template="SkillSet.cla_skills_level11_elite">
    <face>
      <face_key_template value="BodyProperty.cla_fighter_jawwal" />
    </face>
    <upgrade_targets>
      <upgrade_target id="NPCCharacter.cla_carthage_numidian_skirmisher_3" />
    </upgrade_targets>
    <Equipments>
      <EquipmentSet id="cla_carthage_numidian_skirmisher_2_template" />
      <EquipmentSet id="cla_carthage_numidian_skirmisher_2_template" civilian="true" />
    </Equipments>
  </NPCCharacter>
  <NPCCharacter id="cla_carthage_numidian_skirmisher_3"
                default_group="Infantry"
                level="16"
                name="{=cla_carthage_numidian_skirmisher_3}Zoreq Gawwali (Skirmisher)"
                occupation="Soldier"
                culture="Culture.aserai"
                skill_template="SkillSet.cla_skills_level16_elite">
    <face>
      <face_key_template value="BodyProperty.cla_fighter_jawwal" />
    </face>
    <upgrade_targets>
    </upgrade_targets>
    <Equipments>
      <EquipmentSet id="cla_carthage_numidian_skirmisher_3_template" />
      <EquipmentSet id="cla_carthage_numidian_skirmisher_3_template" civilian="true" />
    </Equipments>
  </NPCCharacter>
<!-- Mounted Skirmisher -->
  <NPCCharacter id="cla_carthage_numidian_skirmisher_cav_2"
                default_group="Cavalry"
                level="11"
                name="{=cla_carthage_numidian_skirmisher_cav_2}Rakub Gedud Gawwali (Skirmisher Cav)"
                upgrade_requires="ItemCategory.horse"
                occupation="Soldier"
                culture="Culture.aserai"
                skill_template="SkillSet.cla_skills_level11_elite">
    <face>
      <face_key_template value="BodyProperty.cla_fighter_jawwal" />
    </face>
    <upgrade_targets>
      <upgrade_target id="NPCCharacter.cla_carthage_numidian_skirmisher_cav_3" />
    </upgrade_targets>
    <Equipments>
      <EquipmentSet id="cla_carthage_numidian_skirmisher_cav_2_template" />
      <EquipmentSet id="cla_carthage_numidian_skirmisher_cav_2_template" civilian="true" />
    </Equipments>
  </NPCCharacter>
  <NPCCharacter id="cla_carthage_numidian_skirmisher_cav_3"
                default_group="Cavalry"
                level="16"
                name="{=cla_carthage_numidian_skirmisher_cav_3}Rakub Mahnit Gawwali (Skirmisher Cav)"
                occupation="Soldier"
                culture="Culture.aserai"
                skill_template="SkillSet.cla_skills_level16_elite">
    <face>
      <face_key_template value="BodyProperty.cla_fighter_jawwal" />
    </face>
    <upgrade_targets>
      <upgrade_target id="NPCCharacter.cla_carthage_numidian_skirmisher_cav_4" />
    </upgrade_targets>
    <Equipments>
      <EquipmentSet id="cla_carthage_numidian_skirmisher_cav_3_template" />
      <EquipmentSet id="cla_carthage_numidian_skirmisher_cav_3_template" civilian="true" />
    </Equipments>
  </NPCCharacter>
  <NPCCharacter id="cla_carthage_numidian_skirmisher_cav_4"
                default_group="Cavalry"
                level="21"
                name="{=cla_carthage_numidian_skirmisher_cav_4}Purush Gawwali (Skirmisher Cav)"
                occupation="Soldier"
                culture="Culture.aserai"
                skill_template="SkillSet.cla_skills_level21_elite">
    <face>
      <face_key_template value="BodyProperty.cla_fighter_jawwal" />
    </face>
    <upgrade_targets>
    </upgrade_targets>
    <Equipments>
      <EquipmentSet id="cla_carthage_numidian_skirmisher_cav_4_template" />
      <EquipmentSet id="cla_carthage_numidian_skirmisher_cav_4_template" civilian="true" />
    </Equipments>
  </NPCCharacter>

<!-- Archers-->
  <NPCCharacter id="cla_carthage_numidian_archer_2"
                default_group="Ranged"
                level="11"
                name="{=cla_carthage_numidian_archer_2}Tsayud Gawwali (Archer)"
                occupation="Soldier"
                culture="Culture.aserai"
                skill_template="SkillSet.cla_skills_level11_elite">
    <face>
      <face_key_template value="BodyProperty.cla_fighter_jawwal" />
    </face>
    <upgrade_targets>
      <upgrade_target id="NPCCharacter.cla_carthage_numidian_archer_3" />
    </upgrade_targets>
    <Equipments>
      <EquipmentSet id="cla_carthage_numidian_archer_2_template" />
      <EquipmentSet id="cla_carthage_numidian_archer_2_template" civilian="true" />
    </Equipments>
  </NPCCharacter>
  <NPCCharacter id="cla_carthage_numidian_archer_3"
                default_group="Ranged"
                level="16"
                name="{=cla_carthage_numidian_archer_3}Tsayud Gawwali Buhur (Archer)"
                occupation="Soldier"
                culture="Culture.aserai"
                skill_template="SkillSet.cla_skills_level16_elite">
    <face>
      <face_key_template value="BodyProperty.cla_fighter_jawwal" />
    </face>
    <upgrade_targets>
    </upgrade_targets>
    <Equipments>
      <EquipmentSet id="cla_carthage_numidian_archer_3_template" />
      <EquipmentSet id="cla_carthage_numidian_archer_3_template" civilian="true" />
    </Equipments>
  </NPCCharacter>

</NPCCharacters>