<?xml version="1.0" encoding="utf-8"?>
<NPCCharacters>
  <!-- Troops -->
  <NPCCharacter id="cla_dacia_recruit"
                default_group="Infantry"
                level="6"
                name="{=cla_dacia_recruit}Dryatic Clansman"
                occupation="Soldier"
                is_basic_troop="true"
                culture="Culture.vlandia"
                skill_template="SkillSet.cla_skills_level6">
    <face>
      <face_key_template value="BodyProperty.cla_fighter_dacia" />
    </face>
    <upgrade_targets>
      <upgrade_target id="NPCCharacter.cla_dacia_infantry_2" />
      <upgrade_target id="NPCCharacter.cla_dacia_infantry_falx_2" />
      <upgrade_target id="NPCCharacter.cla_dacia_ranged_2" />
      <upgrade_target id="NPCCharacter.cla_dacia_cavalry_2" />
    </upgrade_targets>
    <Equipments>
      <EquipmentSet id="cla_dacia_recruit_template" />
      <EquipmentSet id="cla_dacia_recruit_template" civilian="true" />
    </Equipments>
  </NPCCharacter>
  <NPCCharacter id="cla_dacia_infantry_2"
                default_group="Infantry"
                level="11"
                name="{=cla_dacia_infantry_2}Dryatic Clan Warrior"
                occupation="Soldier"
                culture="Culture.vlandia"
                skill_template="SkillSet.cla_skills_level11">
    <face>
      <face_key_template value="BodyProperty.cla_fighter_dacia" />
    </face>
    <upgrade_targets>
      <upgrade_target id="NPCCharacter.cla_dacia_infantry_3" />
    </upgrade_targets>
    <Equipments>
      <EquipmentSet id="cla_dacia_infantry_2_template" />
      <EquipmentSet id="cla_dacia_infantry_2_template" civilian="true" />
    </Equipments>
  </NPCCharacter>
  <NPCCharacter id="cla_dacia_infantry_3"
                default_group="Infantry"
                level="16"
                name="{=cla_dacia_infantry_3}Dryatic Trained Warrior"
                occupation="Soldier"
                culture="Culture.vlandia"
                skill_template="SkillSet.cla_skills_level16">
    <face>
      <face_key_template value="BodyProperty.cla_fighter_dacia" />
    </face>
    <upgrade_targets>
    </upgrade_targets>
    <Equipments>
      <EquipmentSet id="cla_dacia_infantry_3_template" />
      <EquipmentSet id="cla_dacia_infantry_3_template" civilian="true" />
    </Equipments>
  </NPCCharacter>

<!-- Falx -->
  <NPCCharacter id="cla_dacia_infantry_falx_2"
                default_group="Infantry"
                level="11"
                name="{=cla_dacia_infantry_falx_2}Dryatic Falxman"
                occupation="Soldier"
                culture="Culture.vlandia"
                skill_template="SkillSet.cla_skills_level11">
    <face>
      <face_key_template value="BodyProperty.cla_fighter_dacia" />
    </face>
    <upgrade_targets>
      <upgrade_target id="NPCCharacter.cla_dacia_infantry_falx_3" />
    </upgrade_targets>
    <Equipments>
      <EquipmentSet id="cla_dacia_infantry_falx_2_template" />
      <EquipmentSet id="cla_dacia_infantry_falx_2_template" civilian="true" />
    </Equipments>
  </NPCCharacter>
  <NPCCharacter id="cla_dacia_infantry_falx_3"
                default_group="Infantry"
                level="16"
                name="{=cla_dacia_infantry_falx_3}Dryatic Trained Falxman"
                occupation="Soldier"
                culture="Culture.vlandia"
                skill_template="SkillSet.cla_skills_level16">
    <face>
      <face_key_template value="BodyProperty.cla_fighter_dacia" />
    </face>
    <upgrade_targets>
      <upgrade_target id="NPCCharacter.cla_dacia_infantry_falx_4" />
    </upgrade_targets>
    <Equipments>
      <EquipmentSet id="cla_dacia_infantry_falx_3_template" />
      <EquipmentSet id="cla_dacia_infantry_falx_3_template" civilian="true" />
    </Equipments>
  </NPCCharacter>
  <NPCCharacter id="cla_dacia_infantry_falx_4"
                default_group="Infantry"
                level="21"
                name="{=cla_dacia_infantry_falx_4}Dryatic Veteran Falxman"
                occupation="Soldier"
                culture="Culture.vlandia"
                skill_template="SkillSet.cla_skills_level21">
    <face>
      <face_key_template value="BodyProperty.cla_fighter_dacia" />
    </face>
    <upgrade_targets>
    </upgrade_targets>
    <Equipments>
      <EquipmentSet id="cla_dacia_infantry_falx_4_template" />
      <EquipmentSet id="cla_dacia_infantry_falx_4_template" civilian="true" />
    </Equipments>
  </NPCCharacter>

<!-- Cavalry -->
  <NPCCharacter id="cla_dacia_cavalry_2"
                default_group="Cavalry"
                level="11"
                name="{=cla_dacia_cavalry_2}Dryatic Scout Cavalry"
                upgrade_requires="ItemCategory.horse"
                occupation="Soldier"
                culture="Culture.vlandia"
                skill_template="SkillSet.cla_skills_level11">
    <face>
      <face_key_template value="BodyProperty.cla_fighter_dacia" />
    </face>
    <upgrade_targets>
      <upgrade_target id="NPCCharacter.cla_dacia_cavalry_3" />
    </upgrade_targets>
    <Equipments>
      <EquipmentSet id="cla_dacia_cavalry_2_template" />
      <EquipmentSet id="cla_dacia_cavalry_2_template" civilian="true" />
    </Equipments>
  </NPCCharacter>
  <NPCCharacter id="cla_dacia_cavalry_3"
                default_group="Cavalry"
                level="16"
                name="{=cla_dacia_cavalry_3}Dryatic Elite Scout"
                occupation="Soldier"
                culture="Culture.vlandia"
                skill_template="SkillSet.cla_skills_level16">
    <face>
      <face_key_template value="BodyProperty.cla_fighter_dacia" />
    </face>
    <upgrade_targets>
    </upgrade_targets>
    <Equipments>
      <EquipmentSet id="cla_dacia_cavalry_3_template" />
      <EquipmentSet id="cla_dacia_cavalry_3_template" civilian="true" />
    </Equipments>
  </NPCCharacter>

<!-- Ranged -->
  <NPCCharacter id="cla_dacia_ranged_2"
                default_group="Ranged"
                level="11"
                name="{=cla_dacia_ranged_2}Dryatic Wood Runner"
                occupation="Soldier"
                culture="Culture.vlandia"
                skill_template="SkillSet.cla_skills_level11">
    <face>
      <face_key_template value="BodyProperty.cla_fighter_dacia" />
    </face>
    <upgrade_targets>
      <upgrade_target id="NPCCharacter.cla_dacia_ranged_3" />
      <upgrade_target id="NPCCharacter.cla_dacia_ranged_horse_3" />
    </upgrade_targets>
    <Equipments>
      <EquipmentSet id="cla_dacia_ranged_2_template" />
      <EquipmentSet id="cla_dacia_ranged_2_template" civilian="true" />
    </Equipments>
  </NPCCharacter>
  <NPCCharacter id="cla_dacia_ranged_3"
                default_group="Ranged"
                level="16"
                name="{=cla_dacia_ranged_3}Dryatic Archer"
                occupation="Soldier"
                culture="Culture.vlandia"
                skill_template="SkillSet.cla_skills_level16">
    <face>
      <face_key_template value="BodyProperty.cla_fighter_dacia" />
    </face>
    <upgrade_targets>
    </upgrade_targets>
    <Equipments>
      <EquipmentSet id="cla_dacia_ranged_3_template" />
      <EquipmentSet id="cla_dacia_ranged_3_template" civilian="true" />
    </Equipments>
  </NPCCharacter>
<!-- Horse Archer -->
  <NPCCharacter id="cla_dacia_ranged_horse_3"
                default_group="HorseArcher"
                level="16"
                name="{=cla_dacia_ranged_horse_3}Dryatic Mounted Jun"
                upgrade_requires="ItemCategory.horse"
                occupation="Soldier"
                culture="Culture.vlandia"
                skill_template="SkillSet.cla_skills_level16">
    <face>
      <face_key_template value="BodyProperty.cla_fighter_dacia" />
    </face>
    <upgrade_targets>
    </upgrade_targets>
    <Equipments>
      <EquipmentSet id="cla_dacia_ranged_horse_3_template" />
      <EquipmentSet id="cla_dacia_ranged_horse_3_template" civilian="true" />
    </Equipments>
  </NPCCharacter>

<!-- Elite -->
  <NPCCharacter id="cla_dacia_elite_infantry_3"
                default_group="Infantry"
                formation_position_preference="Back"
                level="16"
                name="{=cla_dacia_elite_infantry_3}Dryatic Armed Tarabostes"
                occupation="Soldier"
                is_basic_troop="true"
                culture="Culture.vlandia"
                skill_template="SkillSet.cla_skills_level16_elite">
    <face>
      <face_key_template value="BodyProperty.cla_fighter_dacia" />
    </face>
    <upgrade_targets>
      <upgrade_target id="NPCCharacter.cla_dacia_elite_infantry_4" />
    </upgrade_targets>
    <Equipments>
      <EquipmentSet id="cla_dacia_elite_infantry_3_template" />
      <EquipmentSet id="cla_dacia_elite_infantry_3_template" civilian="true" />
    </Equipments>
  </NPCCharacter>
  <NPCCharacter id="cla_dacia_elite_infantry_4"
                default_group="Infantry"
                formation_position_preference="Back"
                level="21"
                name="{=cla_dacia_elite_infantry_4}Dryatic Veteran Warrior"
                occupation="Soldier"
                culture="Culture.vlandia"
                skill_template="SkillSet.cla_skills_level21_elite">
    <face>
      <face_key_template value="BodyProperty.cla_fighter_dacia" />
    </face>
    <upgrade_targets>
      <upgrade_target id="NPCCharacter.cla_dacia_elite_infantry_5" />
    </upgrade_targets>
    <Equipments>
      <EquipmentSet id="cla_dacia_elite_infantry_4_template" />
      <EquipmentSet id="cla_dacia_elite_infantry_4_template" civilian="true" />
    </Equipments>
  </NPCCharacter>
  <NPCCharacter id="cla_dacia_elite_infantry_5"
                default_group="Infantry"
                formation_position_preference="Back"
                level="26"
                name="{=cla_dacia_elite_infantry_5}Dryatic Elite Warrior"
                occupation="Soldier"
                culture="Culture.vlandia"
                skill_template="SkillSet.cla_skills_level26_elite">
    <face>
      <face_key_template value="BodyProperty.cla_fighter_dacia" />
    </face>
    <upgrade_targets>
    </upgrade_targets>
    <Equipments>
      <EquipmentSet id="cla_dacia_elite_infantry_5_template" />
      <EquipmentSet id="cla_dacia_elite_infantry_5_template" civilian="true" />
    </Equipments>
  </NPCCharacter>

</NPCCharacters>