<?xml version="1.0" encoding="utf-8"?>
<NPCCharacters>
<!-- Auxilia Troop Tree -->
  <NPCCharacter id="cla_rome_auxilia_recruit"
                default_group="Infantry"
                level="6"
                name="{=cla_rome_auxilia_recruit}Auxilia Cohortales Tiro"
                occupation="Soldier"
                is_basic_troop="true"
                culture="Culture.empire"
                skill_template="SkillSet.cla_skills_level6">
    <face>
      <face_key_template value="BodyProperty.cla_rome_auxiliary" />
    </face>
    <upgrade_targets>
      <upgrade_target id="NPCCharacter.cla_rome_auxilia_infantry_spear_2" />
      <upgrade_target id="NPCCharacter.cla_rome_auxilia_archer_2" />
      <upgrade_target id="NPCCharacter.cla_rome_auxilia_cavalry_2" />
    </upgrade_targets>
    <Equipments>
      <EquipmentSet id="cla_rome_auxilia_recruit_template" />
      <EquipmentSet id="cla_rome_auxilia_recruit_template" civilian="true" />
    </Equipments>
  </NPCCharacter>
  <NPCCharacter id="cla_rome_auxilia_infantry_spear_2"
                default_group="Infantry"
                level="11"
                name="{=cla_rome_auxilia_infantry_spear_2}Auxilia Cohortales Miles"
                occupation="Soldier"
                culture="Culture.empire"
                skill_template="SkillSet.cla_skills_level11">
    <face>
      <face_key_template value="BodyProperty.cla_rome_auxiliary" />
    </face>
    <upgrade_targets>
      <upgrade_target id="NPCCharacter.cla_rome_auxilia_infantry_spear_3" />
    </upgrade_targets>
    <Equipments>
      <EquipmentSet id="cla_rome_auxilia_infantry_spear_2_template" />
      <EquipmentSet id="cla_rome_auxilia_infantry_spear_2_template" civilian="true" />
    </Equipments>
  </NPCCharacter>
  <NPCCharacter id="cla_rome_auxilia_infantry_spear_3"
                default_group="Infantry"
                formation_position_preference="Back"
                level="16"
                name="{=cla_rome_auxilia_infantry_spear_3}Auxilia Cohortales Immunes"
                occupation="Soldier"
                culture="Culture.empire"
                skill_template="SkillSet.cla_skills_level16">
    <face>
      <face_key_template value="BodyProperty.cla_rome_auxiliary" />
    </face>
    <upgrade_targets>
    </upgrade_targets>
    <Equipments>
      <EquipmentSet id="cla_rome_auxilia_infantry_spear_3_template" />
      <EquipmentSet id="cla_rome_auxilia_infantry_spear_3_template" civilian="true" />
    </Equipments>
  </NPCCharacter>

<!-- Archers -->
  <NPCCharacter id="cla_rome_auxilia_archer_2"
                default_group="Ranged"
                level="11"
                name="{=cla_rome_auxilia_archer_2}Auxilia Sagittarius Tiro"
                occupation="Soldier"
                culture="Culture.empire"
                skill_template="SkillSet.cla_skills_level11">
    <face>
      <face_key_template value="BodyProperty.cla_rome_auxiliary" />
    </face>
    <upgrade_targets>
      <upgrade_target id="NPCCharacter.cla_rome_auxilia_archer_3" />
    </upgrade_targets>
    <Equipments>
      <EquipmentSet id="cla_rome_auxilia_archer_2_template" />
      <EquipmentSet id="cla_rome_auxilia_archer_2_template" civilian="true" />
    </Equipments>
  </NPCCharacter>
  <NPCCharacter id="cla_rome_auxilia_archer_3"
                default_group="Ranged"
                level="16"
                name="{=cla_rome_auxilia_archer_3}Auxilia Sagittarius"
                occupation="Soldier"
                culture="Culture.empire"
                skill_template="SkillSet.cla_skills_level16">
    <face>
      <face_key_template value="BodyProperty.cla_rome_auxiliary" />
    </face>
    <upgrade_targets>
    </upgrade_targets>
    <Equipments>
      <EquipmentSet id="cla_rome_auxilia_archer_3_template" />
      <EquipmentSet id="cla_rome_auxilia_archer_3_template" civilian="true" />
    </Equipments>
  </NPCCharacter>

<!-- Cavalry-->
  <NPCCharacter id="cla_rome_auxilia_cavalry_2"
                default_group="Cavalry"
                level="11"
                name="{=cla_rome_auxilia_cavalry_2}Eques Alaris Novicus"
                upgrade_requires="ItemCategory.horse"
                occupation="Soldier"
                culture="Culture.empire"
                skill_template="SkillSet.cla_skills_level11">
    <face>
      <face_key_template value="BodyProperty.cla_rome_auxiliary" />
    </face>
    <upgrade_targets>
      <upgrade_target id="NPCCharacter.cla_rome_auxilia_cavalry_3" />
    </upgrade_targets>
    <Equipments>
      <EquipmentSet id="cla_rome_auxilia_cavalry_2_template" />
      <EquipmentSet id="cla_rome_auxilia_cavalry_2_template" civilian="true" />
    </Equipments>
  </NPCCharacter>
  <NPCCharacter id="cla_rome_auxilia_cavalry_3"
                default_group="Cavalry"
                level="16"
                name="{=cla_rome_auxilia_cavalry_3}Eques Alaris"
                occupation="Soldier"
                culture="Culture.empire"
                skill_template="SkillSet.cla_skills_level16">
    <face>
      <face_key_template value="BodyProperty.cla_rome_auxiliary" />
    </face>
    <upgrade_targets>
    </upgrade_targets>
    <Equipments>
      <EquipmentSet id="cla_rome_auxilia_cavalry_3_template" />
      <EquipmentSet id="cla_rome_auxilia_cavalry_3_template" civilian="true" />
    </Equipments>
  </NPCCharacter>

</NPCCharacters>