<?xml version="1.0" encoding="utf-8"?>
<NPCCharacters>
<!-- Auxilia Troop Tree -->
  <NPCCharacter id="cla_rome_auxilia_recruit_germ"
                default_group="Infantry"
                level="6"
                name="{=cla_rome_auxilia_recruit_germ}Auxilia Cohortales Tiro Thiudiskaz"
                occupation="Soldier"
                is_basic_troop="true"
                culture="Culture.empire"
                skill_template="SkillSet.cla_skills_level6">
    <face>
      <face_key_template value="BodyProperty.cla_fighter_germanic" />
    </face>
    <upgrade_targets>
      <upgrade_target id="NPCCharacter.cla_rome_auxilia_infantry_spear_germ_2" />
      <upgrade_target id="NPCCharacter.cla_rome_auxilia_archer_germ_2" />
      <upgrade_target id="NPCCharacter.cla_rome_auxilia_cavalry_germ_2" />
    </upgrade_targets>
    <Equipments>
      <EquipmentSet id="cla_rome_auxilia_recruit_germ_template" />
      <EquipmentSet id="cla_rome_auxilia_recruit_germ_template" civilian="true" />
    </Equipments>
  </NPCCharacter>
  <NPCCharacter id="cla_rome_auxilia_infantry_spear_germ_2"
                default_group="Infantry"
                level="11"
                name="{=cla_rome_auxilia_infantry_spear_germ_2}Auxilia Cohortales Miles Thiudiskaz"
                occupation="Soldier"
                culture="Culture.empire"
                skill_template="SkillSet.cla_skills_level11">
    <face>
      <face_key_template value="BodyProperty.cla_fighter_germanic" />
    </face>
    <upgrade_targets>
      <upgrade_target id="NPCCharacter.cla_rome_auxilia_infantry_spear_germ_3" />
    </upgrade_targets>
    <Equipments>
      <EquipmentSet id="cla_rome_auxilia_infantry_spear_2_germ_template" />
      <EquipmentSet id="cla_rome_auxilia_infantry_spear_2_germ_template" civilian="true" />
    </Equipments>
  </NPCCharacter>
  <NPCCharacter id="cla_rome_auxilia_infantry_spear_germ_3"
                default_group="Infantry"
                level="16"
                name="{=cla_rome_auxilia_infantry_spear_germ_3}Auxilia Cohortales Immunes Thiudiskaz"
                occupation="Soldier"
                culture="Culture.empire"
                skill_template="SkillSet.cla_skills_level16">
    <face>
      <face_key_template value="BodyProperty.cla_fighter_germanic" />
    </face>
    <upgrade_targets>
      <upgrade_target id="NPCCharacter.cla_rome_auxilia_infantry_spear_germ_4" />
    </upgrade_targets>
    <Equipments>
      <EquipmentSet id="cla_rome_auxilia_infantry_spear_3_germ_template" />
      <EquipmentSet id="cla_rome_auxilia_infantry_spear_3_germ_template" civilian="true" />
    </Equipments>
  </NPCCharacter>
  <NPCCharacter id="cla_rome_auxilia_infantry_spear_germ_4"
                default_group="Infantry"
                level="21"
                name="{=cla_rome_auxilia_infantry_spear_germ_4}Auxilia Cohortales Egregius Thiudiskaz"
                occupation="Soldier"
                culture="Culture.empire"
                skill_template="SkillSet.cla_skills_level21">
    <face>
      <face_key_template value="BodyProperty.cla_fighter_germanic" />
    </face>
    <upgrade_targets>
    </upgrade_targets>
    <Equipments>
      <EquipmentSet id="cla_rome_auxilia_infantry_spear_4_germ_template" />
      <EquipmentSet id="cla_rome_auxilia_infantry_spear_4_germ_template" civilian="true" />
    </Equipments>
  </NPCCharacter>

<!-- Archers -->
  <NPCCharacter id="cla_rome_auxilia_archer_germ_2"
                default_group="Ranged"
                level="11"
                name="{=cla_rome_auxilia_archer_germ_2}Auxilia Sagittarius Tiro Thiudiskaz"
                occupation="Soldier"
                culture="Culture.empire"
                skill_template="SkillSet.cla_skills_level11">
    <face>
      <face_key_template value="BodyProperty.cla_fighter_germanic" />
    </face>
    <upgrade_targets>
      <upgrade_target id="NPCCharacter.cla_rome_auxilia_archer_germ_3" />
    </upgrade_targets>
    <Equipments>
      <EquipmentSet id="cla_rome_auxilia_archer_2_germ_template" />
      <EquipmentSet id="cla_rome_auxilia_archer_2_germ_template" civilian="true" />
    </Equipments>
  </NPCCharacter>
  <NPCCharacter id="cla_rome_auxilia_archer_germ_3"
                default_group="Ranged"
                level="16"
                name="{=cla_rome_auxilia_archer_germ_3}Auxilia Sagittariu Thiudiskazs"
                occupation="Soldier"
                culture="Culture.empire"
                skill_template="SkillSet.cla_skills_level16">
    <face>
      <face_key_template value="BodyProperty.cla_fighter_germanic" />
    </face>
    <upgrade_targets>
    </upgrade_targets>
    <Equipments>
      <EquipmentSet id="cla_rome_auxilia_archer_3_germ_template" />
      <EquipmentSet id="cla_rome_auxilia_archer_3_germ_template" civilian="true" />
    </Equipments>
  </NPCCharacter>

<!-- Cavalry-->
  <NPCCharacter id="cla_rome_auxilia_cavalry_germ_2"
                default_group="Cavalry"
                level="11"
                name="{=cla_rome_auxilia_cavalry_2}Eques Alaris Novicus Thiudiskaz"
                upgrade_requires="ItemCategory.horse"
                occupation="Soldier"
                culture="Culture.empire"
                skill_template="SkillSet.cla_skills_level11">
    <face>
      <face_key_template value="BodyProperty.cla_fighter_germanic" />
    </face>
    <upgrade_targets>
      <upgrade_target id="NPCCharacter.cla_rome_auxilia_cavalry_germ_3" />
    </upgrade_targets>
    <Equipments>
      <EquipmentSet id="cla_rome_auxilia_cavalry_2_germ_template" />
      <EquipmentSet id="cla_rome_auxilia_cavalry_2_germ_template" civilian="true" />
    </Equipments>
  </NPCCharacter>
  <NPCCharacter id="cla_rome_auxilia_cavalry_germ_3"
                default_group="Cavalry"
                level="16"
                name="{=cla_rome_auxilia_cavalry_3}Eques Alaris Thiudiskaz"
                occupation="Soldier"
                culture="Culture.empire"
                skill_template="SkillSet.cla_skills_level16">
    <face>
      <face_key_template value="BodyProperty.cla_fighter_germanic" />
    </face>
    <upgrade_targets>
    </upgrade_targets>
    <Equipments>
      <EquipmentSet id="cla_rome_auxilia_cavalry_3_germ_template" />
      <EquipmentSet id="cla_rome_auxilia_cavalry_3_germ_template" civilian="true" />
    </Equipments>
  </NPCCharacter>

</NPCCharacters>