<?xml version="1.0" encoding="utf-8"?>
<NPCCharacters>

<!-- Pheonician Troops -->

<!-- Hoplite -->
  <NPCCharacter id="cla_carthage_hoplite_phoenician_2"
                default_group="Infantry"
                level="11"
                name="{=cla_carthage_hoplite_phoenician_2}Ish Kaani (Hoplite)"
                occupation="Soldier"
                is_basic_troop="true"
                culture="Culture.aserai"
                skill_template="SkillSet.cla_skills_level11">
    <face>
      <face_key_template value="BodyProperty.cla_fighter_kanic" />
    </face>
    <upgrade_targets>
      <upgrade_target id="NPCCharacter.cla_carthage_hoplite_phoenician_3" />
      <upgrade_target id="NPCCharacter.cla_carthage_thureophoroi_phoenician_3" />
    </upgrade_targets>
    <Equipments>
      <EquipmentSet id="cla_carthage_hoplite_phoenician_2_template" />
      <EquipmentSet id="cla_carthage_hoplite_phoenician_2_template" civilian="true" />
    </Equipments>
  </NPCCharacter>
  <NPCCharacter id="cla_carthage_hoplite_phoenician_3"
                default_group="Infantry"
                level="16"
                name="{=cla_carthage_hoplite_phoenician_3}Durek Kaani (Hoplite)"
                occupation="Soldier"
                culture="Culture.aserai"
                skill_template="SkillSet.cla_skills_level16">
    <face>
      <face_key_template value="BodyProperty.cla_fighter_kanic" />
    </face>
    <upgrade_targets>
      <upgrade_target id="NPCCharacter.cla_carthage_hoplite_phoenician_4" />
    </upgrade_targets>
    <Equipments>
      <EquipmentSet id="cla_carthage_hoplite_phoenician_3_template" />
      <EquipmentSet id="cla_carthage_hoplite_phoenician_3_template" civilian="true" />
    </Equipments>
  </NPCCharacter>
  <NPCCharacter id="cla_carthage_hoplite_phoenician_4"
                default_group="Infantry"
                level="21"
                name="{=cla_carthage_hoplite_phoenician_4}Gibbor Kaani (Hoplite)"
                occupation="Soldier"
                culture="Culture.aserai"
                skill_template="SkillSet.cla_skills_level21">
    <face>
      <face_key_template value="BodyProperty.cla_fighter_kanic" />
    </face>
    <upgrade_targets>
    </upgrade_targets>
    <Equipments>
      <EquipmentSet id="cla_carthage_hoplite_phoenician_4_template" />
      <EquipmentSet id="cla_carthage_hoplite_phoenician_4_template" civilian="true" />
    </Equipments>
  </NPCCharacter>

<!-- Thureophoroi -->
  <NPCCharacter id="cla_carthage_thureophoroi_phoenician_3"
                default_group="Infantry"
                level="16"
                name="{=cla_carthage_thureophoroi_phoenician_3}Mishoter Kaani (Thureophoroi)"
                occupation="Soldier"
                culture="Culture.aserai"
                skill_template="SkillSet.cla_skills_level11">
    <face>
      <face_key_template value="BodyProperty.cla_fighter_kanic" />
    </face>
    <upgrade_targets>
      <upgrade_target id="NPCCharacter.cla_carthage_thureophoroi_phoenician_4" />
    </upgrade_targets>
    <Equipments>
      <EquipmentSet id="cla_carthage_thureophoroi_phoenician_3_template" />
      <EquipmentSet id="cla_carthage_thureophoroi_phoenician_3_template" civilian="true" />
    </Equipments>
  </NPCCharacter>
  <NPCCharacter id="cla_carthage_thureophoroi_phoenician_4"
                default_group="Infantry"
                level="21"
                name="{=cla_carthage_thureophoroi_phoenician_4}Noseh-Tsinnuh Kaani (Thureophoroi)"
                occupation="Soldier"
                culture="Culture.aserai"
                skill_template="SkillSet.cla_skills_level21">
    <face>
      <face_key_template value="BodyProperty.cla_fighter_kanic" />
    </face>
    <upgrade_targets>
    </upgrade_targets>
    <Equipments>
      <EquipmentSet id="cla_carthage_thureophoroi_phoenician_4_template" />
      <EquipmentSet id="cla_carthage_thureophoroi_phoenician_4_template" civilian="true" />
    </Equipments>
  </NPCCharacter>

<!-- Sacred Band -->
  <NPCCharacter id="cla_carthage_sacred_phoenician_3"
                default_group="Infantry"
                level="16"
                name="{=cla_carthage_sacred_phoenician_3}Ben Adir (Sacred Band)"
                occupation="Soldier"
                is_basic_troop="true"
                culture="Culture.aserai"
                skill_template="SkillSet.cla_skills_level16">
    <face>
      <face_key_template value="BodyProperty.cla_fighter_kanic" />
    </face>
    <upgrade_targets>
      <upgrade_target id="NPCCharacter.cla_carthage_sacred_phoenician_4" />
    </upgrade_targets>
     <Equipments>
      <EquipmentSet id="cla_carthage_sacred_phoenician_3_template" />
      <EquipmentSet id="cla_carthage_sacred_phoenician_3_template" civilian="true" />
    </Equipments>
  </NPCCharacter>
  <NPCCharacter id="cla_carthage_sacred_phoenician_4"
                default_group="Infantry"
                level="21"
                name="{=cla_carthage_sacred_phoenician_4}Gibbor Mequdush (Sacred Band)"
                occupation="Soldier"
                culture="Culture.aserai"
                skill_template="SkillSet.cla_skills_level21">
    <face>
      <face_key_template value="BodyProperty.cla_fighter_kanic" />
    </face>
    <upgrade_targets>
      <upgrade_target id="NPCCharacter.cla_carthage_sacred_phoenician_5" />
    </upgrade_targets>
     <Equipments>
      <EquipmentSet id="cla_carthage_sacred_phoenician_4_template" />
      <EquipmentSet id="cla_carthage_sacred_phoenician_4_template" civilian="true" />
    </Equipments>
  </NPCCharacter>
  <NPCCharacter id="cla_carthage_sacred_phoenician_5"
                default_group="Infantry"
                level="26"
                name="{=cla_carthage_sacred_phoenician_5}Gibbor Mequdush Haluts (Sacred Band)"
                occupation="Soldier"
                culture="Culture.aserai"
                skill_template="SkillSet.cla_skills_level26">
    <face>
      <face_key_template value="BodyProperty.cla_fighter_kanic" />
    </face>
    <upgrade_targets>
    </upgrade_targets>
     <Equipments>
      <EquipmentSet id="cla_carthage_sacred_phoenician_5_template" />
      <EquipmentSet id="cla_carthage_sacred_phoenician_5_template" civilian="true" />
    </Equipments>
  </NPCCharacter>

</NPCCharacters>