﻿<?xml version="1.0" encoding="utf-8"?>
<Factions>
  <!--player faction-->
  <Faction id="player_faction"
           owner="Hero.main_hero"
           banner_key="11.163.166.1528.1528.764.764.1.0.0.133.171.171.483.483.764.764.0.0.0"
           is_minor_faction="true"
           label_color="FFD2C0AA"
           color="FF744C38"
           color2="FFFFB53E"
           alternative_color="FF6C5749"
           alternative_color2="FFB3A491"
           culture="Culture.battania"
           settlement_banner_mesh="encounter_flag_a"
           name="{=o0Xm5Rqk}Playerland"
           tier="0"></Faction>
  <!--bandit factions-->
  <Faction id="looters"
           banner_key="24.116.95.1536.1536.768.768.1.0.0"
           label_color="FF8B7C73"
           color="FF8B7C73"
           color2="FF8B7C73"
           alternative_color="FF8B7C73"
           alternative_color2="FF8B7C73"
           culture="Culture.looters"
           default_party_template="PartyTemplate.looters_template"
           settlement_banner_mesh="none"
           is_bandit="true"
           is_outlaw="true"
           name="{=cla_looters_culture}Barbari"
           tier="1"></Faction>
  <Faction id="looters_2"
           banner_key="24.116.95.1536.1536.768.768.1.0.0"
           label_color="FF8B7C73"
           color="FF8B7C73"
           color2="FF8B7C73"
           alternative_color="FF8B7C73"
           alternative_color2="FF8B7C73"
           culture="Culture.looters"
           default_party_template="PartyTemplate.looters_template"
           settlement_banner_mesh="none"
           is_bandit="true"
           is_outlaw="true"
           name="{=cla_looters_culture}Barbari"
           tier="1"></Faction>
  <Faction id="cla_bandits_gladiator_rebel"
           banner_key="24.116.95.1536.1536.768.768.1.0.0"
           label_color="FF8B7C73"
           color="FF8B7C73"
           color2="FF8B7C73"
           alternative_color="FF8B7C73"
           alternative_color2="FF8B7C73"
           culture="Culture.looters"
           default_party_template="PartyTemplate.cla_gladiator_rebel_party"
           settlement_banner_mesh="none"
           is_bandit="true"
           is_outlaw="true"
           name="{=cla_looters_culture}Gladiator Rebels"
           tier="1"></Faction>
  <!--Faction id="deserters" owner="Hero.lord_deserters_1" label_color="FF8B7C73" color="FF8B7C73" color2="FF8B7C73" alternative_color="FF8B7C73" alternative_color2="FF8B7C73" culture="Culture.deserters" default_party_template="PartyTemplate.deserters_template" settlement_banner_mesh="none" is_bandit="true" is_outlaw="true" name="Deserters">
  </Faction-->
  <Faction id="sea_raiders"
           banner_key="20.12.116.1536.1536.768.768.1.0.0"
           label_color="FF8B7C73"
           color="FF8B7C73"
           color2="FF8B7C73"
           alternative_color="FF8B7C73"
           alternative_color2="FF8B7C73"
           culture="Culture.sea_raiders"
           default_party_template="PartyTemplate.sea_raiders_template"
           settlement_banner_mesh="none"
           is_bandit="true"
           is_outlaw="true"
           name="{=er_sea_raiders}Thiudiskaz Raiders"
           tier="1"></Faction>
  <Faction id="mountain_bandits"
           banner_key="20.101.116.1536.1536.768.768.1.0.0"
           label_color="FF8B7C73"
           color="FF8B7C73"
           color2="FF8B7C73"
           alternative_color="FF8B7C73"
           alternative_color2="FF8B7C73"
           culture="Culture.mountain_bandits"
           default_party_template="PartyTemplate.mountain_bandits_template"
           settlement_banner_mesh="none"
           is_bandit="true"
           is_outlaw="true"
           name="{=cla_dacian_bandits}Dacian Raiders"
           tier="1"></Faction>
  <Faction id="forest_bandits"
           banner_key="20.2.116.1536.1536.768.768.1.0.0"
           label_color="FF8B7C73"
           color="FF8B7C73"
           color2="FF8B7C73"
           alternative_color="FF8B7C73"
           alternative_color2="FF8B7C73"
           culture="Culture.forest_bandits"
           default_party_template="PartyTemplate.forest_bandits_template"
           settlement_banner_mesh="none"
           is_bandit="true"
           is_outlaw="true"
           name="{=cla_celt_bandits}Briton Raiders"
           tier="1"></Faction>
  <Faction id="desert_bandits"
           banner_key="20.7.116.1536.1536.768.768.1.0.0"
           label_color="FF8B7C73"
           color="FF8B7C73"
           color2="FF8B7C73"
           alternative_color="FF8B7C73"
           alternative_color2="FF8B7C73"
           culture="Culture.desert_bandits"
           default_party_template="PartyTemplate.desert_bandits_template"
           settlement_banner_mesh="none"
           is_bandit="true"
           is_outlaw="true"
           name="{=cla_libyan_bandits}Libyan Rebels"
           tier="1"></Faction>
  <Faction id="steppe_bandits"
           banner_key="20.116.18.1536.1536.768.768.1.0.0"
           label_color="FF8B7C73"
           color="FF8B7C73"
           color2="FF8B7C73"
           alternative_color="FF8B7C73"
           alternative_color2="FF8B7C73"
           culture="Culture.steppe_bandits"
           default_party_template="PartyTemplate.steppe_bandits_template"
           settlement_banner_mesh="none"
           is_bandit="true"
           is_outlaw="true"
           name="{=cla_scythian_bandits}Steppe Raiders"
           tier="1"></Faction>
  <!-- mercenary minor factions (4) -->
  <Faction id="ghilman"
           initial_posX="498.0"
           initial_posY="750.0"
           banner_key="11.154.154.1536.1536.764.764.1.0.0.401.155.155.488.488.764.764.0.0.0"
           label_color="FFD0884E"
           color="FFD0884E"
           color2="FFD0884E"
           alternative_color="FFD0884E"
           alternative_color2="FFD0884E"
           culture="Culture.darshi"
           default_party_template="PartyTemplate.kingdom_hero_party_mercenary_aserai_template"
           settlement_banner_mesh="encounter_flag_f"
           is_minor_faction="true"
           is_clan_type_mercenary="true"
           name="{=ghilmanClanName}Iberian Mercenaries"
           tier="4"
           text="{=4TiYXBqK}TBD - Iberian themed.">
    <minor_faction_character_templates>
      <template id="NPCCharacter.spc_ghilman_leader_0" />
      <template id="NPCCharacter.spc_ghilman_leader_1" />
      <template id="NPCCharacter.spc_ghilman_leader_2" />
      <template id="NPCCharacter.spc_ghilman_leader_3" />
    </minor_faction_character_templates>
  </Faction>
  <!-- short name - legion -->
  <Faction id="legion_of_the_betrayed"
           initial_posX="270.0"
           initial_posY="878.0"
           banner_key="11.147.147.1536.1536.764.764.1.0.0.215.155.155.442.442.764.764.0.0.0"
           label_color="FF7B5869"
           color="FF7B5869"
           color2="FF7B5869"
           alternative_color="FF7B5869"
           alternative_color2="FF7B5869"
           culture="Culture.empire"
           default_party_template="PartyTemplate.kingdom_hero_party_mercenary_empire_template"
           settlement_banner_mesh="encounter_flag_f"
           is_minor_faction="true"
           is_clan_type_mercenary="true"
           name="{=LqTTchsa}Legion of the Betrayed"
           short_name="{=Ssl38GEF}Republic"
           tier="4"
           text="{=bhxVA9w7}TBD - polybian themed like vanilla, but could be temporary.">
    <minor_faction_character_templates>
      <template id="NPCCharacter.spc_legion_of_the_betrayed_leader_0" />
      <template id="NPCCharacter.spc_legion_of_the_betrayed_leader_1" />
      <template id="NPCCharacter.spc_legion_of_the_betrayed_leader_2" />
      <template id="NPCCharacter.spc_legion_of_the_betrayed_leader_3" />
    </minor_faction_character_templates>
  </Faction>
  <!-- short name - skolderbrotva -->
  <Faction id="skolderbrotva"
           initial_posX="660.0"
           initial_posY="1373.0"
           banner_key="11.146.146.1536.1536.764.764.1.0.0.111.150.155.483.483.764.764.0.0.0"
           label_color="FF66CCFF"
           color="FF66CCFF"
           color2="FF66CCFF"
           alternative_color="FF66CCFF"
           alternative_color2="FF66CCFF"
           culture="Culture.nord"
           default_party_template="PartyTemplate.kingdom_hero_party_mercenary_sturgia_template"
           settlement_banner_mesh="encounter_flag_f"
           is_minor_faction="true"
           is_clan_type_mercenary="true"
           name="{=7k9izAvC}Thiudiskaz Mercenaries"
           tier="4"
           text="{=bsPd5zri}TBD.">
    <minor_faction_character_templates>
      <template id="NPCCharacter.spc_skolderbrotva_leader_0" />
      <template id="NPCCharacter.spc_skolderbrotva_leader_1" />
      <template id="NPCCharacter.spc_skolderbrotva_leader_2" />
      <template id="NPCCharacter.spc_skolderbrotva_leader_3" />
    </minor_faction_character_templates>
  </Faction>
  <!-- short name - company -->
  <Faction id="company_of_the_boar"
           initial_posX="529.0"
           initial_posY="978.0"
           banner_key="11.148.148.1536.1536.768.768.1.0.0.151.0.155.522.522.764.764.0.0.0"
           label_color="FFAA415D"
           color="FFAA415D"
           color2="FFAA415D"
           alternative_color="FFAA415D"
           alternative_color2="FFAA415D"
           culture="Culture.vlandia"
           default_party_template="PartyTemplate.kingdom_hero_party_mercenary_vlandia_template"
           settlement_banner_mesh="encounter_flag_f"
           is_minor_faction="true"
           is_clan_type_mercenary="true"
           name="{=UmVjzPI4}Dacian Mercenaries"
           short_name="{=GCy0xb6U}Company"
           tier="4"
           text="{=tae3lhXh}TBD.">
    <minor_faction_character_templates>
      <template id="NPCCharacter.spc_company_of_the_boar_leader_0" />
      <template id="NPCCharacter.spc_company_of_the_boar_leader_1" />
      <template id="NPCCharacter.spc_company_of_the_boar_leader_2" />
      <template id="NPCCharacter.spc_company_of_the_boar_leader_3" />
    </minor_faction_character_templates>
  </Faction>
  <!-- mafia minor factions (8) -->
  <Faction id="beni_zilal"
           initial_posX="135.0"
           initial_posY="711.0"
           banner_key="11.154.154.1536.1536.764.764.1.0.0.222.150.155.483.483.764.764.0.0.0"
           label_color="FFB38841"
           color="FFB38841"
           color2="FFB38841"
           alternative_color="FFB38841"
           alternative_color2="FFB38841"
           culture="Culture.aserai"
           default_party_template="PartyTemplate.kingdom_hero_party_outlaw_aserai_template"
           settlement_banner_mesh="encounter_flag_f"
           is_minor_faction="true"
           is_outlaw="true"
           is_mafia="true"
           name="{=NObV048p}Libyan Separatists"
           tier="4"
           text="{=dRaYhQva}TBD - temp libyan separatists.">
    <minor_faction_character_templates>
      <template id="NPCCharacter.spc_beni_zilal_leader_0" />
      <template id="NPCCharacter.spc_beni_zilal_leader_1" />
      <template id="NPCCharacter.spc_beni_zilal_leader_2" />
      <template id="NPCCharacter.spc_beni_zilal_leader_3" />
    </minor_faction_character_templates>
  </Faction>
  <Faction id="wolfskins"
           initial_posX="200.0"
           initial_posY="1260.0"
           banner_key="14.2.95.1536.1536.764.764.1.0.0.148.41.0.454.454.764.764.0.0.0"
           label_color="FF848B65"
           color="FF848B65"
           color2="FF848B65"
           alternative_color="FF848B65"
           alternative_color2="FF848B65"
           culture="Culture.battania"
           default_party_template="PartyTemplate.kingdom_hero_party_outlaw_battania_template"
           settlement_banner_mesh="encounter_flag_f"
           is_minor_faction="true"
           is_outlaw="true"
           is_mafia="true"
           name="{=nh4Y3LOc}Wolfskins"
           tier="4"
           text="{=7bhNgOKd}TBD.">
    <minor_faction_character_templates>
      <template id="NPCCharacter.spc_wolfskins_leader_0" />
      <template id="NPCCharacter.spc_wolfskins_leader_1" />
      <template id="NPCCharacter.spc_wolfskins_leader_2" />
      <template id="NPCCharacter.spc_wolfskins_leader_3" />
    </minor_faction_character_templates>
  </Faction>
  <Faction id="brotherhood_of_woods"
           initial_posX="286.0"
           initial_posY="1060.0"
           banner_key="11.2.2.1536.1536.764.764.1.0.0.219.155.155.454.454.764.764.0.0.0"
           label_color="FF5A7A4F"
           color="FF5A7A4F"
           color2="FF5A7A4F"
           alternative_color="FF5A7A4F"
           alternative_color2="FF5A7A4F"
           culture="Culture.vlandia"
           default_party_template="PartyTemplate.kingdom_hero_party_outlaw_vlandia_template"
           settlement_banner_mesh="encounter_flag_f"
           is_minor_faction="true"
           is_outlaw="true"
           is_mafia="true"
           name="{=as2TiAIJ}Brotherhood of the Woods"
           short_name="{=khnadIv1}Brotherhood"
           tier="4"
           text="{=xahrUc5n}TBD.">
    <minor_faction_character_templates>
      <template id="NPCCharacter.spc_brotherhood_of_woods_leader_0" />
      <template id="NPCCharacter.spc_brotherhood_of_woods_leader_1" />
      <template id="NPCCharacter.spc_brotherhood_of_woods_leader_2" />
      <template id="NPCCharacter.spc_brotherhood_of_woods_leader_3" />
    </minor_faction_character_templates>
  </Faction>
  <!-- There was no member of this faction, encyclopedia was crashing-->
  <!--<Faction id="guardians" initial_posX="294.0" initial_posY="378.0" label_color="FFFFFFCC" color="FFFFFFCC" color2="FFFFFFCC" alternative_color="FFFFFFCC" alternative_color2="FFFFFFCC" culture="Culture.empire" default_party_template="PartyTemplate.kingdom_hero_party_outlaw_empire_s_template" settlement_banner_mesh="encounter_flag_f" is_minor_faction="true" is_outlaw="true" is_mafia="true" name="Guardians of the Hills" short_name="{=*}Guardians" text="{=*}The Watchers are frontiersmen in the northwest of the Empire. They are used to working with the local nobility, specializing in scouting and tracking. But as the Empire descended into civil war, they have begun asserting power in the areas in which they live, becoming a law unto themselves and taking what they want from surrounding villages. They still will cooperate with imperial marcher noble families, but on their terms, not the Empire's."> 
      </Faction>-->
  <Faction id="hidden_hand"
           initial_posX="642.0"
           initial_posY="901.0"
           banner_key="11.147.147.1536.1536.764.764.1.0.0.342.155.155.454.454.764.764.0.0.0"
           label_color="FF66CCFF"
           color="FF66CCFF"
           color2="FF66CCFF"
           alternative_color="FF66CCFF"
           alternative_color2="FF66CCFF"
           culture="Culture.empire"
           default_party_template="PartyTemplate.kingdom_hero_party_outlaw_empire_w_template"
           settlement_banner_mesh="encounter_flag_f"
           is_minor_faction="true"
           is_outlaw="true"
           is_mafia="true"
           name="{=MVHawAEp}Praetorian Traitors"
           short_name="{=j3KtHQzn}Old Guard"
           tier="3"
           text="{=nQOf27Rx}TBD - temporary assigned as Praetorian Schemers.">
    <minor_faction_character_templates>
      <template id="NPCCharacter.spc_hidden_hand_leader_0" />
      <template id="NPCCharacter.spc_hidden_hand_leader_1" />
      <template id="NPCCharacter.spc_hidden_hand_leader_2" />
      <template id="NPCCharacter.spc_hidden_hand_leader_3" />
    </minor_faction_character_templates>
  </Faction>
  <Faction id="lakepike"
           initial_posX="570.0"
           initial_posY="1171.0"
           banner_key="14.12.105.1536.1536.764.764.1.0.0.307.41.0.454.454.764.764.0.0.359"
           label_color="FF7CAFC7"
           color="FF7CAFC7"
           color2="FF7CAFC7"
           alternative_color="FF7CAFC7"
           alternative_color2="FF7CAFC7"
           culture="Culture.sturgia"
           default_party_template="PartyTemplate.kingdom_hero_party_outlaw_sturgia_template"
           settlement_banner_mesh="encounter_flag_f"
           is_minor_faction="true"
           is_outlaw="true"
           is_mafia="true"
           name="{=7WL1LWdf}Lake Rats"
           short_name="{=7WL1LWdf}Lake Rats"
           tier="4"
           text="{=9ZEdEWmi}TBD.">
    <minor_faction_character_templates>
      <template id="NPCCharacter.spc_lakepike_leader_0" />
      <template id="NPCCharacter.spc_lakepike_leader_1" />
      <template id="NPCCharacter.spc_lakepike_leader_2" />
      <template id="NPCCharacter.spc_lakepike_leader_3" />
    </minor_faction_character_templates>
  </Faction>
  <!-- RELIGIOUS MINOR FACTIONS (2)-->
  <!-- short name - chosen -->
  <!--<Faction id="chosen_of_the_sky" initial_posX="629.0" initial_posY="515.0" label_color="FFFFFFCC" color="FFFFFFCC" color2="FFFFFFCC" alternative_color="FFFFFFCC" alternative_color2="FFFFFFCC" culture="Culture.khuzait" default_party_template="PartyTemplate.kingdom_hero_party_karakhuzaits_template" settlement_banner_mesh="encounter_flag_f" is_minor_faction="true" is_outlaw="true" is_sect="true" name="Chosen of the Sky" short_name="{=*}Chosen" >
  </Faction>-->
  <Faction id="embers_of_flame"
           initial_posX="147.0"
           initial_posY="820.0"
           banner_key="11.148.148.1536.1536.764.764.1.0.0.517.155.155.454.454.764.764.0.0.0"
           label_color="FF7C2B1A"
           color="FF7C2B1A"
           color2="FF7C2B1A"
           alternative_color="FF7C2B1A"
           alternative_color2="FF7C2B1A"
           culture="Culture.empire"
           default_party_template="PartyTemplate.kingdom_hero_party_outlaw_empire_e_template"
           settlement_banner_mesh="encounter_flag_f"
           is_minor_faction="true"
           is_outlaw="true"
           is_sect="true"
           name="{=mtZu1l2j}Separatists"
           short_name="{=zcLTthfN}Separatists"
           tier="3"
           text="{=B8c2mNKj}TBD - temp auxiliary separatists.">
    <minor_faction_character_templates>
      <template id="NPCCharacter.spc_embers_of_flame_leader_0" />
      <template id="NPCCharacter.spc_embers_of_flame_leader_1" />
      <template id="NPCCharacter.spc_embers_of_flame_leader_2" />
      <template id="NPCCharacter.spc_embers_of_flame_leader_3" />
    </minor_faction_character_templates>
  </Faction>
  <!-- nomad minor factions (4) -->
  <Faction id="jawwal"
           initial_posX="335.0"
           initial_posY="700.0"
           banner_key="34.154.154.1536.1536.764.764.1.0.0.411.155.0.454.454.764.764.0.0.0"
           label_color="FFAC5F2E"
           color="FFAC5F2E"
           color2="FFAC5F2E"
           alternative_color="FFAC5F2E"
           alternative_color2="FFAC5F2E"
           culture="Culture.aserai"
           default_party_template="PartyTemplate.kingdom_hero_party_jawwal_template"
           settlement_banner_mesh="encounter_flag_f"
           is_minor_faction="true"
           is_outlaw="true"
           is_nomad="true"
           name="{=8ba4tpRU}Numidian Mercenaries"
           tier="4"
           text="{=RWOYui01}The Gawwal, or “Roamers,” are the main bedouin confederacy in the Nahasa desert. They wander from highland to lowland grazing grounds, declaring huge swathes of the desert their “territory” in which any caravan must offer protection money. They compose poems of their deeds and mock other clans of the Banu Asera for having given up the “freedom” of black wool tents for stone houses in the oases. The other clans consider them boastful nuisances, though grudgingly respecting them as protectors of the old Nahasi ways.">
    <minor_faction_character_templates>
      <template id="NPCCharacter.spc_jawwal_leader_0" />
      <template id="NPCCharacter.spc_jawwal_leader_1" />
      <template id="NPCCharacter.spc_jawwal_leader_2" />
      <template id="NPCCharacter.spc_jawwal_leader_3" />
    </minor_faction_character_templates>
  </Faction>
  <Faction id="karakhuzaits"
           initial_posX="770.0"
           initial_posY="1150.0"
           banner_key="34.25.10.1536.1536.764.764.1.0.0.314.22.35.444.444.764.764.0.0.270"
           label_color="FF72583B"
           color="FF72583B"
           color2="FF72583B"
           alternative_color="FF72583B"
           alternative_color2="FF72583B"
           culture="Culture.khuzait"
           default_party_template="PartyTemplate.kingdom_hero_party_karakhuzaits_template"
           settlement_banner_mesh="encounter_flag_f"
           is_minor_faction="true"
           is_outlaw="true"
           is_nomad="true"
           name="{=6BvGhzao}Scyth Mercenaries"
           tier="4"
           text="{=XJbDRBfd}TBD.">
    <minor_faction_character_templates>
      <template id="NPCCharacter.spc_karakhuzaits_leader_0" />
      <template id="NPCCharacter.spc_karakhuzaits_leader_1" />
      <template id="NPCCharacter.spc_karakhuzaits_leader_2" />
      <template id="NPCCharacter.spc_karakhuzaits_leader_3" />
    </minor_faction_character_templates>
  </Faction>
  <Faction id="forest_people"
           initial_posX="500.0"
           initial_posY="1370.0"
           banner_key="11.2.2.1536.1536.764.764.1.0.0.204.153.155.454.454.764.764.0.0.0"
           label_color="FF61725E"
           color="FF61725E"
           color2="FF61725E"
           alternative_color="FF61725E"
           alternative_color2="FF61725E"
           culture="Culture.vakken"
           default_party_template="PartyTemplate.kingdom_hero_party_forest_people_template"
           settlement_banner_mesh="encounter_flag_f"
           is_minor_faction="true"
           is_outlaw="true"
           is_nomad="true"
           name="{=o7ud4X2X}Forest People"
           tier="4"
           text="{=0u8ipbgn}TBD.">
    <minor_faction_character_templates>
      <template id="NPCCharacter.spc_forest_people_leader_0" />
      <template id="NPCCharacter.spc_forest_people_leader_1" />
      <template id="NPCCharacter.spc_forest_people_leader_2" />
      <template id="NPCCharacter.spc_forest_people_leader_3" />
    </minor_faction_character_templates>
  </Faction>
  <Faction id="eleftheroi"
           initial_posX="785.0"
           initial_posY="980.0"
           banner_key="11.154.154.1536.1536.764.764.1.0.0.108.150.155.454.454.764.764.0.0.0"
           label_color="FFA6825C"
           color="FFA6825C"
           color2="FFA6825C"
           alternative_color="FFA6825C"
           alternative_color2="FFA6825C"
           culture="Culture.empire"
           default_party_template="PartyTemplate.kingdom_hero_party_eleftheroi_template"
           settlement_banner_mesh="encounter_flag_f"
           is_minor_faction="true"
           is_outlaw="true"
           is_nomad="true"
           name="{=eC6qIOzz}Steppe Separatists"
           tier="3"
           text="{=9qAWNBvA}TBD - temp steppe separatists.">
    <minor_faction_character_templates>
      <template id="NPCCharacter.spc_eleftheroi_leader_0" />
      <template id="NPCCharacter.spc_eleftheroi_leader_1" />
      <template id="NPCCharacter.spc_eleftheroi_leader_2" />
      <template id="NPCCharacter.spc_eleftheroi_leader_3" />
    </minor_faction_character_templates>
  </Faction>
  <!--
  <Faction id="freemen" initial_posX="136.0" initial_posY="504.0" label_color="714833" color="714833" color2="FFFF66FF" alternative_color="FFFF66FF" alternative_color2="714833" culture="Culture.vlandia" default_party_template="PartyTemplate.kingdom_hero_party_eleftheroi_template" encounterbackgroundmesh="gui_bg_lord_empire" settlement_banner_mesh="encounter_flag_f" is_minor_faction="true" is_outlaw="true" is_nomad="true" name="Freemen of the Marshes">
  </Faction>
-->

<!-- Rome / Calradians -->
<!-- Empire North -->
  <!-- Aristocratic starting kingdom -->
  <Faction id="clan_empire_north_1"
           name="{=fXENjJJL}Junii"
           tier="6"
           owner="Hero.lord_1_1"
           culture="Culture.empire"
           super_faction="Kingdom.empire"
           banner_key="11.71.4.4922.4922.764.764.1.0.0.529.5.0.152.152.872.873.0.0.0.419.5.0.510.510.764.764.0.0.0.526.5.0.152.152.656.873.0.0.0.527.5.0.152.152.651.654.0.0.0.528.5.0.152.152.877.654.0.0.0" />
  <Faction id="clan_empire_north_2"
           name="{=UW8BjPXR}Tarpeii"
           tier="5"
           owner="Hero.lord_1_3"
           culture="Culture.empire"
           super_faction="Kingdom.empire"
           banner_key="11.71.4.4922.4922.764.764.1.0.0.142.5.0.502.502.764.676.0.0.1.142.5.0.502.502.764.852.0.0.179" />
  <Faction id="clan_empire_north_3"
           name="{=txCNVmSV}Sulpicii"
           tier="4"
           owner="Hero.lord_1_5"
           culture="Culture.empire"
           super_faction="Kingdom.empire"
           banner_key="11.71.4.4345.4345.764.764.1.0.0.302.5.0.294.294.802.604.0.0.327.302.5.0.294.294.726.604.0.0.32.202.5.0.366.366.854.864.0.0.47.202.5.0.371.382.674.864.0.1.316.320.5.0.315.315.764.715.0.0.0" />
  <Faction id="clan_empire_north_4"
           name="{=tA3IRBgv}Curiatii"
           tier="4"
           owner="Hero.lord_1_20"
           culture="Culture.empire"
           super_faction="Kingdom.empire"
           banner_key="11.71.4.4345.4345.764.764.1.0.0.304.5.0.454.454.914.764.0.0.0.443.5.0.510.510.764.764.0.0.0.304.5.0.426.426.614.764.0.0.0" />
  <Faction id="clan_empire_north_5"
           name="{=4rr3d8hY}Antonii"
           tier="3"
           owner="Hero.lord_1_50"
           culture="Culture.empire"
           super_faction="Kingdom.empire"
           banner_key="11.71.4.8690.8690.590.796.1.0.0.202.5.0.368.368.854.864.0.0.55.202.5.0.370.389.674.864.0.1.303.331.5.0.368.368.764.699.0.0.0" />
  <Faction id="clan_empire_north_6"
           name="{=9ORFG9l4}Postumii"
           tier="4"
           owner="Hero.lord_1_51"
           culture="Culture.empire"
           super_faction="Kingdom.empire"
           banner_key="11.71.4.4345.4345.764.764.1.0.0.502.5.0.487.487.764.764.0.0.0.300.5.0.447.447.764.764.0.0.0" />
  <Faction id="clan_empire_north_7"
           name="{=CibaXzG8}Numicii"
           tier="1"
           owner="Hero.lord_1_58"
           culture="Culture.empire"
           super_faction="Kingdom.empire"
           banner_key="11.71.4.4345.4345.764.764.1.0.0.423.5.0.506.506.764.764.0.0.0.529.5.0.261.261.764.764.0.0.0" />
  <Faction id="clan_empire_north_8"
           name="{=SCTf5cay}Minucii"
           tier="3"
           owner="Hero.lord_NE8_l"
           culture="Culture.empire"
           super_faction="Kingdom.empire"
           banner_key="11.71.4.4345.4345.764.764.1.0.0.502.5.0.510.510.764.764.0.0.0.338.5.0.487.487.764.764.0.0.0.503.5.0.109.109.764.624.0.0.0" />
  <Faction id="clan_empire_north_9"
           name="{=nclQqoam}Serapides"
           tier="2"
           owner="Hero.lord_NE9_l"
           culture="Culture.empire"
           super_faction="Kingdom.empire"
           banner_key="11.71.4.8690.8690.764.764.1.0.0.401.5.0.287.287.764.764.0.0.15.401.5.0.145.145.764.764.0.0.29.503.5.0.50.48.764.764.0.0.15.423.5.0.428.438.764.764.0.0.0" />

<!-- Empire West -->
  <!-- Populist starting kingdom - WEST-->
  <Faction id="clan_empire_west_1"
           name="{=OVQoC9fn}Julii"
           tier="6"
           owner="Hero.lord_1_7"
           culture="Culture.empire"
           super_faction="Kingdom.empire_w"
           banner_key="11.71.4.4922.4922.776.777.1.0.0.203.5.0.305.305.764.774.0.0.0.323.5.0.509.509.764.764.0.0.0" />
  <Faction id="clan_empire_west_2"
           name="{=a4GxTbPD}Nautii"
           tier="5"
           owner="Hero.lord_1_9"
           culture="Culture.empire"
           super_faction="Kingdom.empire_w"
           banner_key="11.71.4.4922.4922.764.764.1.0.0.337.5.0.272.272.764.672.0.0.0.301.5.0.292.292.764.916.0.0.90.301.5.0.292.292.764.844.0.0.270" />
  <Faction id="clan_empire_west_3"
           name="{=tdGvElSy}Manlii"
           tier="4"
           owner="Hero.lord_1_11"
           culture="Culture.empire"
           super_faction="Kingdom.empire_w"
           banner_key="11.71.4.4922.4922.764.764.1.0.0.103.5.0.454.454.764.764.0.0.0" />
  <Faction id="clan_empire_west_4"
           name="{=xqkKtWqa}Verginii"
           tier="4"
           owner="Hero.lord_1_40"
           culture="Culture.empire"
           super_faction="Kingdom.empire_w"
           banner_key="11.71.4.4922.4922.764.764.1.0.0.201.5.0.454.454.914.764.0.0.180.201.5.0.454.454.764.764.0.0.0.201.5.0.454.454.614.764.0.0.180" />
  <Faction id="clan_empire_west_5"
           name="{=cd0yDTM1}Romilii"
           tier="3"
           owner="Hero.lord_1_45"
           culture="Culture.empire"
           super_faction="Kingdom.empire_w"
           banner_key="11.71.4.4922.4922.776.777.1.0.0.418.5.0.285.285.764.764.0.0.0.500.5.0.454.454.764.764.0.0.0.500.5.0.380.380.764.762.0.0.0" />
  <Faction id="clan_empire_west_6"
           name="{=ApJrV7bA}Valerii"
           tier="3"
           owner="Hero.lord_1_52"
           culture="Culture.empire"
           super_faction="Kingdom.empire_w"
           banner_key="11.71.4.4922.4922.764.764.1.0.0.336.5.0.454.454.764.764.0.1.180.340.5.0.171.171.764.564.0.0.0" />
  <Faction id="clan_empire_west_7"
           name="{=bjemmmcF}Menenii"
           tier="3"
           owner="Hero.lord_1_53"
           culture="Culture.empire"
           super_faction="Kingdom.empire_w"
           banner_key="11.71.4.4922.4922.764.764.1.0.0.423.5.0.454.454.764.764.0.0.1.340.5.0.300.300.764.754.0.0.0" />
  <Faction id="clan_empire_west_8"
           name="{=pdz4YsEf}Pollii"
           tier="1"
           owner="Hero.lord_1_71"
           culture="Culture.empire"
           super_faction="Kingdom.empire_w"
           banner_key="11.71.4.4922.4922.764.764.1.0.0.419.5.0.454.454.764.764.0.0.0.335.5.0.143.143.873.642.0.0.325.335.5.0.143.143.655.642.0.0.42.335.5.0.143.143.651.882.0.0.134.335.5.0.143.143.877.882.0.0.214" />
  <Faction id="clan_empire_west_9"
           name="{=LTWTTQ71}Servilii"
           tier="2"
           owner="Hero.lord_WE9_l"
           culture="Culture.empire"
           super_faction="Kingdom.empire_w"
           banner_key="11.71.4.4922.4922.776.777.1.0.0.343.5.0.419.348.764.910.0.0.0.106.5.0.422.411.764.651.0.0.0.505.5.0.87.47.764.805.0.0.0" />

<!-- Empire South -->
 <!-- Monarchist starting kingdom -->
  <Faction id="clan_empire_south_1"
           name="{=hrWQWgaM}Cornelii"
           tier="6"
           owner="Hero.lord_1_14"
           culture="Culture.empire"
           super_faction="Kingdom.empire_s"
           banner_key="11.71.4.4922.4922.764.764.1.0.0.200.5.0.237.237.683.905.0.0.0.200.5.0.247.237.844.906.0.1.0.326.5.0.215.206.764.714.0.1.0" />
  <Faction id="clan_empire_south_2"
           name="{=UQHUu2bj}Claudii"
           tier="4"
           owner="Hero.lord_1_15"
           culture="Culture.empire"
           super_faction="Kingdom.empire_s"
           banner_key="11.71.4.4922.4922.764.764.1.0.0.214.5.0.463.463.764.764.0.0.0" />
  <Faction id="clan_empire_south_3"
           name="{=h7ujXmDx}Lucretii"
           tier="5"
           owner="Hero.lord_1_17"
           culture="Culture.empire"
           super_faction="Kingdom.empire_s"
           banner_key="11.71.4.4922.4922.764.764.1.0.0.108.5.0.485.485.764.644.0.0.0.325.5.0.454.454.764.844.0.0.0" />
  <Faction id="clan_empire_south_4"
           name="{=4Dbwdjbe}Veturii"
           tier="4"
           owner="Hero.lord_1_30"
           culture="Culture.empire"
           super_faction="Kingdom.empire_s"
           banner_key="11.71.4.4922.4922.764.764.1.0.0.418.5.0.147.147.604.882.0.0.0.107.5.0.454.454.764.764.0.0.0.418.5.0.147.147.924.882.0.0.0" />
  <Faction id="clan_empire_south_5"
           name="{=6OEQJV6k}Mucii"
           tier="3"
           owner="Hero.lord_1_63"
           culture="Culture.empire"
           super_faction="Kingdom.empire_s"
           banner_key="11.71.4.4922.4922.764.764.1.0.0.119.5.0.344.344.764.658.0.0.0.217.5.0.303.303.764.924.0.0.0.510.5.0.243.505.774.787.0.0.0" />
  <Faction id="clan_empire_south_6"
           name="{=BxCRDt5m}Tarquinii"
           tier="3"
           owner="Hero.lord_1_54"
           culture="Culture.empire"
           super_faction="Kingdom.empire_s"
           banner_key="11.71.4.4922.4922.764.764.1.0.0.304.5.0.366.366.763.844.0.0.0.423.5.0.420.420.763.764.0.1.0" />
  <Faction id="clan_empire_south_7"
           name="{=Ds2vQVwr}Marcii"
           tier="3"
           owner="Hero.lord_1_55"
           culture="Culture.empire"
           super_faction="Kingdom.empire_s"
           banner_key="11.71.4.4922.4922.764.764.1.0.0.510.5.0.507.55.764.1025.0.0.0.459.5.0.507.507.764.764.0.0.0.510.5.0.507.171.764.997.0.0.0.510.5.0.507.171.764.532.0.0.0.510.5.0.507.55.764.501.0.0.0" />
  <Faction id="clan_empire_south_8"
           name="{=8Wi66Sp2}Cominii"
           tier="1"
           owner="Hero.lord_1_72"
           culture="Culture.empire"
           super_faction="Kingdom.empire_s"
           banner_key="11.71.4.4922.4922.764.764.1.0.0.147.5.0.454.454.764.765.0.0.0" />
  <Faction id="clan_empire_south_9"
           name="{=xbkYPXCt}Vitellii"
           tier="2"
           owner="Hero.lord_SE9_l"
           culture="Culture.empire"
           super_faction="Kingdom.empire_s"
           banner_key="11.71.4.4922.4922.764.764.1.0.0.505.5.0.460.50.764.764.0.0.0.459.5.0.150.150.660.658.0.0.0.459.5.0.150.150.871.658.0.0.0.459.5.0.150.150.871.870.0.0.0.459.5.0.150.150.660.870.0.0.0.505.5.0.460.50.765.764.0.0.10" />

<!-- Carthage / Aserai -->
  <Faction id="clan_aserai_1"
           name="{=cla_carthage_clan_1}Bini Hannim"
           tier="6"
           owner="Hero.lord_3_1"
           culture="Culture.aserai"
           super_faction="Kingdom.aserai"
           banner_key="11.101.75.4345.4345.764.764.1.0.0.212.1.0.454.454.764.764.0.0.359" />
  <Faction id="clan_aserai_2"
           name="{=cla_carthage_clan_2}Bini Yashro"
           tier="4"
           owner="Hero.lord_3_3"
           culture="Culture.aserai"
           super_faction="Kingdom.aserai"
           banner_key="11.101.75.4345.4345.764.764.1.0.0.223.1.0.454.454.764.764.0.0.359.515.1.0.177.177.764.764.0.0.0.500.1.0.358.358.764.764.0.0.0" />
  <Faction id="clan_aserai_3"
           name="{=cla_carthage_clan_3}Azareth Dayon"
           tier="5"
           owner="Hero.lord_3_5"
           culture="Culture.aserai"
           super_faction="Kingdom.aserai"
           banner_key="11.101.75.4345.4345.764.764.1.0.0.446.1.0.381.381.764.764.0.0.359.309.1.0.325.325.627.764.0.0.320.309.1.0.323.323.901.764.0.0.146" />
  <Faction id="clan_aserai_4"
           name="{=cla_carthage_clan_4}Azareth Alashi"
           tier="4"
           owner="Hero.lord_3_16"
           culture="Culture.aserai"
           super_faction="Kingdom.aserai"
           banner_key="11.101.75.4345.4345.764.764.1.0.0.427.1.0.415.388.695.764.0.0.270.521.1.0.293.298.822.764.0.0.324" />
  <Faction id="clan_aserai_5"
           name="{=cla_carthage_clan_5}Bini Nahonim"
           tier="3"
           owner="Hero.lord_3_17"
           culture="Culture.aserai"
           super_faction="Kingdom.aserai"
           banner_key="11.101.75.4345.4345.764.764.1.0.0.425.1.0.416.416.764.782.0.0.359.400.1.0.120.120.764.937.0.0.0.411.1.0.120.120.764.614.0.0.0" />
  <Faction id="clan_aserai_6"
           name="{=cla_carthage_clan_6}Bini Harei"
           tier="4"
           owner="Hero.lord_3_18"
           culture="Culture.aserai"
           super_faction="Kingdom.aserai"
           banner_key="11.101.75.4345.4345.764.764.1.0.0.222.1.0.454.454.764.764.0.0.359.411.1.0.220.220.764.764.0.0.0" />
  <Faction id="clan_aserai_7"
           name="{=cla_carthage_clan_7}Azareth Mokarim"
           tier="3"
           owner="Hero.lord_3_19"
           culture="Culture.aserai"
           super_faction="Kingdom.aserai"
           banner_key="11.101.75.4345.4345.764.764.1.0.0.426.1.0.397.397.764.688.0.0.270.208.1.0.332.332.764.873.0.0.0" />
  <Faction id="clan_aserai_8"
           name="{=cla_carthage_clan_8}Bini Mehabbi"
           tier="1"
           owner="Hero.lord_3_22"
           culture="Culture.aserai"
           super_faction="Kingdom.aserai"
           banner_key="11.101.75.4345.4345.764.764.1.0.0.428.1.0.454.454.764.764.0.0.359.321.1.0.354.354.764.721.0.0.359" />
  <Faction id="clan_aserai_9"
           name="{=cla_carthage_clan_9}Maldon"
           tier="2"
           owner="Hero.lord_A9_l"
           culture="Culture.aserai"
           super_faction="Kingdom.aserai"
           banner_key="11.101.75.4345.4345.776.777.1.0.0.427.1.0.415.388.764.811.0.0.0.436.1.0.359.366.764.706.0.0.0" />

<!-- Dacia / Vlandia -->
  <Faction id="clan_vlandia_1"
           name="{=cla_dacia_clan_1}Burii"
           tier="6"
           owner="Hero.lord_4_1"
           culture="Culture.vlandia"
           super_faction="Kingdom.vlandia"
           banner_key="11.71.14.4922.4922.764.764.1.0.0.346.15.0.208.208.764.764.0.0.0.424.15.0.213.213.585.764.0.0.0.424.15.0.213.213.943.764.0.0.0" />
  <Faction id="clan_vlandia_2"
           name="{=cla_dacia_clan_2}Ordyssii"
           tier="4"
           owner="Hero.lord_4_3"
           culture="Culture.vlandia"
           super_faction="Kingdom.vlandia"
           banner_key="11.71.14.4922.4922.764.764.1.0.0.419.15.0.454.454.764.764.0.0.0.512.15.0.125.125.653.887.0.0.0.512.15.0.125.125.875.641.0.0.0.512.15.0.125.125.869.887.0.0.0.512.15.0.125.125.653.641.0.0.0" />
  <Faction id="clan_vlandia_3"
           name="{=cla_dacia_clan_3}Biephii"
           tier="4"
           owner="Hero.lord_4_6"
           culture="Culture.vlandia"
           super_faction="Kingdom.vlandia"
           banner_key="11.71.14.4922.4922.764.764.1.0.0.424.15.0.377.377.764.764.0.0.0.220.15.0.138.132.884.939.0.0.0.220.15.0.138.138.644.939.0.0.0" />
  <Faction id="clan_vlandia_4"
           name="{=cla_dacia_clan_4}Racataii"
           tier="5"
           owner="Hero.lord_4_16"
           culture="Culture.vlandia"
           super_faction="Kingdom.vlandia"
           banner_key="11.71.14.4922.4922.764.764.1.0.0.207.15.0.267.238.863.918.0.1.332.207.15.0.238.238.651.918.0.0.28.220.15.0.408.408.757.646.0.0.0.512.15.0.111.111.757.879.0.0.1" />
  <!-- Scorillo Clan -->
  <Faction id="clan_vlandia_5"
           name="{=cla_dacia_clan_5}Sacii"
           tier="2"
           owner="Hero.lord_4_21"
           culture="Culture.vlandia"
           super_faction="Kingdom.vlandia"
           banner_key="11.71.14.4922.4922.764.764.1.0.0.159.15.0.452.452.764.644.0.0.0.418.15.0.270.270.764.864.0.0.0" />
  <Faction id="clan_vlandia_6"
           name="{=cla_dacia_clan_6}Cotensii"
           tier="3"
           owner="Hero.lord_4_22"
           culture="Culture.vlandia"
           super_faction="Kingdom.vlandia"
           banner_key="11.71.14.4922.4922.764.764.1.0.0.336.15.0.382.382.763.764.0.0.0.424.15.0.183.183.903.774.0.0.0.424.15.0.183.183.624.774.0.0.0.424.15.0.183.183.763.904.0.0.0" />
  <Faction id="clan_vlandia_7"
           name="{=cla_dacia_clan_7}Sargetii"
           tier="3"
           owner="Hero.lord_4_23"
           culture="Culture.vlandia"
           super_faction="Kingdom.vlandia"
           banner_key="11.71.14.4922.4922.764.764.1.0.0.141.15.0.454.454.764.764.0.0.0" />
  <Faction id="clan_vlandia_8"
           name="{=cla_dacia_clan_8}Tyrageti"
           tier="3"
           owner="Hero.lord_4_24"
           culture="Culture.vlandia"
           super_faction="Kingdom.vlandia"
           banner_key="11.71.14.4922.4922.764.764.1.0.0.315.15.0.462.462.790.771.0.0.311.315.15.0.462.462.740.758.0.0.49.424.15.0.144.144.753.650.0.0.0" />
  <Faction id="clan_vlandia_9"
           name="{=cla_dacia_clan_9}Appullii"
           tier="2"
           owner="Hero.lord_4_27"
           culture="Culture.vlandia"
           super_faction="Kingdom.vlandia"
           banner_key="11.71.14.4922.4922.764.764.1.0.0.335.15.0.499.499.764.764.0.0.0.336.15.0.186.186.764.744.0.0.0" />
  <Faction id="clan_vlandia_10"
           name="{=cla_dacia_clan_10}Sensii"
           tier="1"
           owner="Hero.lord_4_28"
           culture="Culture.vlandia"
           super_faction="Kingdom.vlandia"
           banner_key="11.71.14.4922.4922.764.764.1.0.0.305.15.0.444.444.764.764.0.0.0.206.15.0.480.480.658.764.0.0.17.206.15.0.480.480.870.764.0.0.194" />
  <Faction id="clan_vlandia_11"
           name="{=cla_dacia_clan_11}Ansamensii"
           tier="4"
           owner="Hero.lord_V11_l"
           culture="Culture.vlandia"
           super_faction="Kingdom.vlandia"
           banner_key="11.71.14.4922.4922.764.764.1.0.0.505.15.0.60.60.583.911.0.0.134.505.15.0.60.60.668.909.0.0.134.505.15.0.60.60.666.827.0.0.134.505.15.0.60.60.751.827.0.0.134.505.15.0.60.60.751.744.0.0.134.505.15.0.60.60.833.745.0.0.134.505.15.0.60.60.833.663.0.0.134.505.15.0.60.60.916.663.0.0.134.505.15.0.60.60.916.580.0.0.134.102.15.0.188.188.638.664.0.0.0.102.15.0.188.188.894.898.0.1.0" />

<!-- Celts / Battania -->
  <Faction id="clan_battania_1"
           name="{=cla_celt_clan_1}Arverni"
           tier="6"
           owner="Hero.lord_5_1"
           culture="Culture.battania"
           super_faction="Kingdom.battania"
           banner_key="11.101.75.4345.4345.764.764.1.0.0.456.39.0.382.382.764.834.0.0.180.413.39.0.224.224.764.614.0.0.0" />
  <Faction id="clan_battania_2"
           name="{=cla_celt_clan_2}Treveri"
           tier="5"
           owner="Hero.lord_5_3"
           culture="Culture.battania"
           super_faction="Kingdom.battania"
           banner_key="11.101.75.4345.4345.764.764.1.0.0.412.39.0.454.454.764.764.0.0.180" />
  <Faction id="clan_battania_3"
           name="{=cla_celt_clan_3}Aquitani"
           tier="4"
           owner="Hero.lord_5_5"
           culture="Culture.battania"
           super_faction="Kingdom.battania"
           banner_key="11.101.75.4345.4345.764.764.1.0.0.427.39.0.261.261.764.869.0.0.359.133.39.0.380.380.764.696.0.0.0" />
  <Faction id="clan_battania_4"
           name="{=cla_celt_clan_4}Baiocasses"
           tier="3"
           owner="Hero.lord_5_14"
           culture="Culture.battania"
           super_faction="Kingdom.battania"
           banner_key="11.101.75.4345.4345.764.764.1.0.0.132.39.0.438.438.764.814.0.0.0.302.39.0.438.438.764.714.0.0.0" />
  <Faction id="clan_battania_5"
           name="{=cla_celt_clan_5}Segusini"
           tier="2"
           owner="Hero.lord_5_16"
           culture="Culture.battania"
           super_faction="Kingdom.battania"
           banner_key="11.101.75.4345.4345.764.764.1.0.0.535.39.0.189.178.814.920.0.1.0.535.39.0.178.178.692.919.0.0.0.151.39.0.425.425.764.732.0.0.0" />
  <Faction id="clan_battania_6"
           name="{=cla_celt_clan_6}Eburovices"
           tier="3"
           owner="Hero.lord_5_17"
           culture="Culture.battania"
           super_faction="Kingdom.battania"
           banner_key="11.101.75.4345.4345.764.764.1.0.0.504.39.0.90.90.764.942.0.0.180.503.39.0.84.84.764.760.0.0.0.406.39.0.455.455.764.764.0.0.0.504.39.0.90.90.764.587.0.0.0" />
  <Faction id="clan_battania_7"
           name="{=cla_celt_clan_7}Lemovices"
           tier="4"
           owner="Hero.lord_5_15"
           culture="Culture.battania"
           super_faction="Kingdom.battania"
           banner_key="11.101.75.4345.4345.764.764.1.0.0.504.39.96.80.80.764.978.1.0.180.407.39.0.368.368.764.757.0.0.0.504.39.96.110.110.764.535.1.0.180" />
  <Faction id="clan_battania_8"
           name="{=cla_celt_clan_8}Medulli"
           tier="1"
           owner="Hero.lord_B8_l"
           culture="Culture.battania"
           super_faction="Kingdom.battania"
           banner_key="11.101.75.4345.4345.764.764.1.0.0.415.39.0.391.391.764.764.0.0.0" />

<!-- Scythia / Khuzait -->
  <Faction id="clan_khuzait_1"
           name="{=CRSFOSil}Urkhunait"
           tier="6"
           owner="Hero.lord_6_1"
           culture="Culture.khuzait"
           super_faction="Kingdom.khuzait"
           banner_key="11.25.10.4345.4345.764.764.1.0.0.449.11.0.327.349.764.649.0.0.0.449.11.0.319.339.764.879.0.0.180.510.11.0.351.240.634.764.0.0.180.510.11.0.351.240.894.764.0.0.180" />
  <Faction id="clan_khuzait_2"
           name="{=Q1nAHnV7}Khergit"
           tier="4"
           owner="Hero.lord_6_4"
           culture="Culture.khuzait"
           super_faction="Kingdom.khuzait"
           banner_key="11.25.10.4345.4345.764.764.1.0.0.128.11.0.454.454.764.764.0.0.0" />
  <Faction id="clan_khuzait_3"
           name="{=VpF6skYs}Arkit"
           tier="5"
           owner="Hero.lord_6_5"
           culture="Culture.khuzait"
           super_faction="Kingdom.khuzait"
           banner_key="11.25.10.4345.4345.764.764.1.0.0.446.11.0.438.438.764.764.0.0.269.503.11.0.164.164.754.767.0.0.315.509.11.0.133.133.767.915.0.0.315.503.11.0.95.95.948.760.0.0.315.503.11.0.95.95.581.763.0.0.315.509.11.0.133.133.762.613.0.0.315" />
  <Faction id="clan_khuzait_6"
           name="{=kbGk2so8}Baltait"
           tier="4"
           owner="Hero.lord_6_18"
           culture="Culture.khuzait"
           super_faction="Kingdom.khuzait"
           banner_key="11.25.10.4345.4345.764.764.1.0.0.218.11.0.194.194.807.631.0.0.359.150.11.0.444.444.764.775.0.0.0" />
<!-- Scyth -->
  <Faction id="clan_khuzait_4"
           name="{=m0teef5g}Tigrit"
           tier="6"
           owner="Hero.lord_6_16"
           culture="Culture.khuzait"
           super_faction="Kingdom.khuzait"
           banner_key="11.44.10.4345.4345.780.802.1.0.0.503.138.138.164.164.904.913.0.0.0.314.138.138.508.508.764.764.0.0.0.503.138.138.164.164.624.913.0.0.0" />
  <Faction id="clan_khuzait_5"
           name="{=gXeF1yKn}Harfit"
           tier="3"
           owner="Hero.lord_6_17"
           culture="Culture.khuzait"
           super_faction="Kingdom.khuzait"
           banner_key="11.25.10.4345.4345.780.802.1.0.0.427.11.0.401.401.764.822.0.0.359.503.11.0.193.193.764.781.0.0.358.218.11.0.222.222.764.612.0.0.0" />
  <Faction id="clan_khuzait_7"
           name="{=b6SEM6Ab}Koltit"
           tier="3"
           owner="Hero.lord_6_19"
           culture="Culture.khuzait"
           super_faction="Kingdom.khuzait"
           banner_key="11.25.10.4345.4345.764.764.1.0.0.117.11.0.346.346.841.838.0.0.179.508.11.0.110.110.638.876.0.0.0.117.11.0.342.342.692.687.0.0.0.508.11.0.108.108.890.648.0.0.0" />
  <Faction id="clan_khuzait_8"
           name="{=W9n5iPbB}Yanserit"
           tier="1"
           owner="Hero.lord_6_20"
           culture="Culture.khuzait"
           super_faction="Kingdom.khuzait"
           banner_key="11.25.10.4345.4345.764.764.1.0.0.427.11.0.236.236.726.768.0.0.273.427.11.0.236.236.802.760.0.0.93.503.11.0.80.80.764.764.0.0.0.510.11.0.236.165.869.644.0.0.0.510.11.0.236.165.869.884.0.0.0.510.11.0.236.165.656.884.0.0.0.510.11.0.236.165.656.644.0.0.0" />
  <Faction id="clan_khuzait_9"
           name="{=cYTdzMQ4}Oburit"
           tier="2"
           owner="Hero.lord_K9_l"
           culture="Culture.khuzait"
           super_faction="Kingdom.khuzait"
           banner_key="11.25.10.4345.4345.764.764.1.0.0.427.11.0.206.176.764.667.0.0.0.503.11.0.92.87.764.642.0.0.0.218.11.0.109.90.764.572.0.0.0.510.11.0.250.300.641.862.0.0.90.504.11.0.155.92.764.769.0.0.180.510.11.0.249.300.887.862.0.0.90.504.11.0.155.92.764.957.0.0.180.503.11.0.92.87.764.859.0.0.0.510.11.0.136.131.764.814.0.0.0.510.11.0.136.131.764.907.0.0.0" />

<!-- Germanic Tribes / Sturgia -->
<!-- Swebagaistaz -->
  <Faction id="clan_sturgia_1"
           name="{=cla_germanic_clan_1}Albingaz"
           tier="6"
           owner="Hero.lord_2_1"
           culture="Culture.sturgia"
           super_faction="Kingdom.sturgia"
           banner_key="11.72.72.1410.1410.772.767.1.0.0.512.148.116.701.181.764.764.1.0.-90.427.148.116.123.129.763.439.1.0.0.427.148.116.123.129.765.1087.1.1.179.503.148.116.64.68.763.1001.1.0.0.503.148.116.64.68.762.522.1.0.0.510.148.116.1998.230.977.762.1.0.-90.510.148.116.1998.230.548.762.1.0.-90" />
  <Faction id="clan_sturgia_5"
           name="{=cla_germanic_clan_5}Geisingaz"
           tier="4"
           owner="Hero.lord_2_17"
           culture="Culture.sturgia"
           super_faction="Kingdom.sturgia"
           banner_key=" 11.72.72.1410.1410.771.766.1.0.0.533.148.116.832.832.770.763.1.1.-1.427.148.116.130.130.769.450.1.1.359.427.148.116.130.130.767.1081.1.0.-180" />
  <Faction id="clan_sturgia_9"
           name="{=cla_germanic_clan_9}Herminingaz"
           tier="4"
           owner="Hero.lord_S9_l"
           culture="Culture.sturgia"
           super_faction="Kingdom.sturgia"
           banner_key=" 11.72.72.1410.1410.772.767.1.0.0.531.148.116.822.822.766.765.1.1.0.500.148.116.142.142.765.514.1.1.0.500.148.116.142.142.765.1003.1.1.0.503.148.116.69.69.767.1003.1.1.0.503.148.116.69.69.765.516.1.1.0" />
  <Faction id="clan_sturgia_2"
           name="{=cla_germanic_clan_2}Ingwingaz"
           tier="5"
           owner="Hero.lord_2_3"
           culture="Culture.sturgia"
           super_faction="Kingdom.sturgia"
           banner_key="24.148.72.1404.1404.772.767.1.0.-90.505.148.116.305.305.771.767.1.0.225.503.148.116.123.123.769.492.1.0.225.503.148.116.123.123.769.1041.1.0.225" />
  <Faction id="clan_sturgia_7"
           name="{=cla_germanic_clan_7}Frankingaz"
           tier="5"
           owner="Hero.lord_2_19"
           culture="Culture.sturgia"
           super_faction="Kingdom.sturgia"
           banner_key="11.72.72.1410.1410.772.767.1.0.0.425.148.116.422.422.766.765.1.1.-91.521.148.116.125.125.524.458.1.1.-91.521.148.116.125.125.999.456.1.1.-91.521.148.116.125.125.999.1073.1.1.-91.521.148.116.125.125.528.1073.1.1.-91.512.148.116.229.817.764.764.1.1.-1" />
  <Faction id="clan_sturgia_8"
           name="{=cla_germanic_clan_8}Arogrimingaz"
           tier="4"
           owner="Hero.lord_2_20"
           culture="Culture.sturgia"
           super_faction="Kingdom.sturgia"
           banner_key="11.72.72.1410.1410.772.767.1.0.0.510.148.116.1568.359.764.764.1.1.-1.512.148.116.229.817.764.764.1.1.-1.427.148.116.169.162.975.484.1.0.313.427.148.116.169.162.554.1045.1.0.133.427.148.116.169.162.554.486.1.1.46.427.148.116.169.162.973.1047.1.1.-134" />
  <Faction id="clan_sturgia_3"
           name="{=cla_germanic_clan_3}Balthingaz"
           tier="5"
           owner="Hero.lord_2_5"
           culture="Culture.sturgia"
           super_faction="Kingdom.sturgia"
           banner_key="11.72.72.1410.1410.772.767.1.0.0.521.148.116.189.211.771.762.1.1.-1.427.148.116.189.211.770.1027.1.1.0.427.148.116.189.211.773.502.1.0.180.528.148.116.963.222.983.765.1.0.269.528.148.116.963.222.542.764.1.1.90" />
  <Faction id="clan_sturgia_4"
           name="{=cla_germanic_clan_4}Ermaningaz"
           tier="5"
           owner="Hero.lord_2_16"
           culture="Culture.sturgia"
           super_faction="Kingdom.sturgia"
           banner_key="11.72.72.1410.1410.772.767.1.0.0.528.148.116.763.309.616.771.1.0.-90.528.148.116.763.309.905.767.1.1.89.510.148.116.1351.361.764.765.1.0.90.521.148.116.194.175.541.485.1.0.90.521.148.116.199.179.985.1042.1.0.90.521.148.116.192.174.542.1046.1.0.90.521.148.116.188.170.987.472.1.0.90.521.72.116.111.100.542.1046.1.0.90.521.72.116.123.110.541.485.1.0.90.521.72.116.118.106.985.1042.1.0.90.521.72.116.109.98.987.472.1.0.90" />
  <Faction id="clan_sturgia_6"
           name="{=cla_germanic_clan_6}Habukingaz"
           tier="4"
           owner="Hero.lord_2_18"
           culture="Culture.sturgia"
           super_faction="Kingdom.sturgia"
           banner_key="11.72.72.1410.1410.772.767.1.0.0.528.148.116.358.617.764.1021.1.0.179.528.148.116.358.617.764.498.1.1.0.504.148.116.453.281.979.764.1.1.90.504.148.116.453.281.546.764.1.0.269.500.148.116.139.135.999.460.1.0.269.500.148.116.139.135.997.1067.1.0.269.500.148.116.139.135.530.464.1.0.269.500.148.116.139.135.532.1063.1.0.269.503.148.116.77.75.1001.460.1.0.269.503.148.116.77.75.532.464.1.0.269.503.148.116.77.75.534.1063.1.0.269.503.148.116.77.75.999.1067.1.0.269" />

</Factions>