<?xml version="1.0" encoding="utf-8"?>
<Kingdoms>

    <Kingdom id="seljuk" 
			 owner="Hero.lord_seljuk_1a" 
			 banner_key="11.74.19.1836.1836.779.782.1.0.-30.101.35.116.639.639.765.762.1.0.0" 
			 primary_banner_color="0xffcacccb" 
			 secondary_banner_color="0xff000000" 
			 label_color="FFDB8330" 
			 color="ffcacccb" 
			 color2="fff4ca14" 
			 alternative_color="fff4ca14" 
			 alternative_color2="ffcacccb" 
			 culture="Culture.persian" 
			 settlement_banner_mesh="encounter_flag_f"
			 flag_mesh="info_screen_flags_b"
			 name="{=seljuk_empire_name}Seulecid Empire" 
			 short_name="{=seljuk_empire_short_name}Seulecid" 
			 title="{=seljuk_empire_title}Seulecid " 
			 ruler_title="{=seljuk_ruler_title}Basileus" 
			 text="{=seljuk_empire_text}WIP.">
    <relationships>
		<relationship kingdom="Kingdom.byzantine" value="-1" isAtWar="true" />
		<relationship kingdom="Kingdom.ayyubid" value="-1" isAtWar="true" />
    </relationships>
    <policies>

    </policies>
  </Kingdom>  
  
   </Kingdoms>