<?xml version="1.0" encoding="utf-8"?>
<NPCCharacters>
<!-- Wanderers -->
  <!-- WANDERERS OF ASERAI -->
  <!-- misanthropic, chip-on-shoulder illegitimate. nautical surgeon -->
  <NPCCharacter id="cla_spc_wanderer_carthage_0" name="{=bvjFhiDr}{FIRSTNAME} the Scholar" voice="ironic" age="26" default_group="Infantry" is_template="true" is_hero="false" culture="Culture.aserai" occupation="Wanderer">
    <face>
      <face_key_template value="BodyProperty.cla_fighter_kanic" />
    </face>
    <Traits>
      <Trait id="PeltastFightingSkills" value="3" />
      <Trait id="Surgeon" value="6" />
      <Trait id="Mercy" value="1" />
      <Trait id="Generosity" value="-1" />
    </Traits>
    <Equipments>
      <EquipmentSet id="cla_carthage_companion_noncom_template" civilian="true" />
      <EquipmentSet id="cla_carthage_companion_noncom_template" />
    </Equipments>
  </NPCCharacter>
  <!--Obsessed with own genealogy -->
  <NPCCharacter id="cla_spc_wanderer_carthage_1" name="{=vtXRptVa}{FIRSTNAME} the Golden" voice="earnest" age="23" default_group="Infantry" is_template="true" is_hero="false" culture="Culture.aserai" occupation="Wanderer">
    <face>
      <face_key_template value="BodyProperty.cla_fighter_kanic" />
    </face>
    <Traits>
      <Trait id="HopliteFightingSkills" value="6" />
      <Trait id="Commander" value="5" />
      <Trait id="Generosity" value="-1" />
      <Trait id="Calculating" value="-1" />
    </Traits>
    <Equipments>
      <EquipmentSet id="cla_carthage_companion_officer_template" civilian="true" />
      <EquipmentSet id="cla_carthage_companion_officer_template" />
    </Equipments>
  </NPCCharacter>
  <!--The falcon, chivalrous, but thinks great clans hog the glory -->
  <NPCCharacter id="cla_spc_wanderer_carthage_2" name="{=TyxXbqVw}{FIRSTNAME} the Falcon" voice="ironic" age="25" default_group="Infantry" is_template="true" is_hero="false" culture="Culture.aserai" occupation="Wanderer">
    <face>
      <face_key_template value="BodyProperty.cla_fighter_kanic" />
    </face>
    <Traits>
      <Trait id="HopliteFightingSkills" value="4" />
      <Trait id="Commander" value="5" />
      <Trait id="Valor" value="1" />
      <Trait id="Generosity" value="1" />
    </Traits>
    <Equipments>
      <EquipmentSet id="cla_carthage_companion_officer_template" civilian="true" />
      <EquipmentSet id="cla_carthage_companion_officer_template" />
    </Equipments>
  </NPCCharacter>
  <!--professional, fighter and killer. often provoked enemies. fell out with lord over a slave woman that he sold -->
  <NPCCharacter id="cla_spc_wanderer_carthage_3" name="{=4GIoPUen}{FIRSTNAME} the Swordsman" voice="softspoken" age="33" default_group="Infantry" is_template="true" is_hero="false" culture="Culture.aserai" occupation="Wanderer">
    <face>
      <face_key_template value="BodyProperty.cla_fighter_kanic" />
    </face>
    <Traits>
      <Trait id="HopliteFightingSkills" value="5" />
      <Trait id="Valor" value="1" />
      <Trait id="Honor" value="1" />
      <Trait id="Mercy" value="-1" />
    </Traits>
    <Equipments>
      <EquipmentSet id="cla_carthage_companion_hoplite_template" civilian="true" />
      <EquipmentSet id="cla_carthage_companion_hoplite_template" />
    </Equipments>
  </NPCCharacter>
  <!-- "The Prince", fitiwi whom a guard captain tried to corrupt -->
  <NPCCharacter id="cla_spc_wanderer_carthage_4" name="{=rgdi5Sxa}{FIRSTNAME} the Prince" voice="ironic" age="25" default_group="Infantry" is_template="true" is_hero="false" culture="Culture.aserai" occupation="Wanderer">
    <face>
      <face_key_template value="BodyProperty.cla_fighter_kanic" />
    </face>
    <Traits>
      <Trait id="PeltastFightingSkills" value="4" />
      <Trait id="RogueSkills" value="7" />
      <Trait id="Honor" value="-1" />
      <Trait id="Mercy" value="1" />
      <Trait id="Generosity" value="1" />
    </Traits>
    <Equipments>
      <EquipmentSet id="cla_carthage_companion_warrior_iberian_template" civilian="true" />
      <EquipmentSet id="cla_carthage_companion_warrior_iberian_template" />
    </Equipments>
  </NPCCharacter>
  <!-- "The Hyena" (contemptuous killer) -->
  <NPCCharacter id="cla_spc_wanderer_carthage_5" name="{=OFWvD0xe}{FIRSTNAME} the Hyena" voice="curt" age="27" default_group="Infantry" is_template="true" is_hero="false" culture="Culture.aserai" occupation="Wanderer">
    <face>
      <face_key_template value="BodyProperty.cla_fighter_kanic" />
    </face>
    <Traits>
      <Trait id="HopliteFightingSkills" value="5" />
      <Trait id="RogueSkills" value="5" />
      <Trait id="Mercy" value="-1" />
      <Trait id="Honor" value="-1" />
      <Trait id="Generosity" value="-1" />
    </Traits>
    <Equipments>
      <EquipmentSet id="cla_carthage_companion_hoplite_template" civilian="true" />
      <EquipmentSet id="cla_carthage_companion_hoplite_template" />
    </Equipments>
  </NPCCharacter>
  <!--of the Wastes - 'the searing gravel plain knows me' -->
  <NPCCharacter id="cla_spc_wanderer_carthage_6" name="{=muC2SGlM}{FIRSTNAME} of the Wastes" voice="curt" age="31" default_group="Infantry" is_template="true" is_hero="false" culture="Culture.aserai" occupation="Wanderer">
    <face>
      <face_key_template value="BodyProperty.cla_fighter_kanic" />
    </face>
    <Traits>
      <Trait id="HopliteFightingSkills" value="5" />
      <Trait id="DesertScoutSkills" value="7" />
      <Trait id="Honor" value="-1" />
      <Trait id="Generosity" value="-1" />
    </Traits>
    <Equipments>
      <EquipmentSet id="cla_carthage_companion_hoplite_template" civilian="true" />
      <EquipmentSet id="cla_carthage_companion_hoplite_template" />
    </Equipments>
  </NPCCharacter>
  <!-- female member of clan that lost power -->
  <NPCCharacter id="cla_spc_wanderer_carthage_7" name="{=28tWEFNi}{FIRSTNAME} the Wanderer" voice="curt" age="25" is_female="true" default_group="Infantry" is_template="true" is_hero="false" culture="Culture.aserai" occupation="Wanderer">
    <face>
      <face_key_template value="BodyProperty.cla_villager_kanic" />
    </face>
    <Traits>
      <Trait id="CavalryFightingSkills" value="4" />
      <Trait id="Commander" value="5" />
      <Trait id="DesertScoutSkills" value="4" />
      <Trait id="Valor" value="1" />
      <Trait id="Calculating" value="1" />
    </Traits>
    <Equipments>
      <EquipmentSet id="cla_carthage_companion_officer_template" civilian="true" />
      <EquipmentSet id="cla_carthage_companion_officer_template" />
    </Equipments>
  </NPCCharacter>
  <!--unlucky merchant -->
  <NPCCharacter id="cla_spc_wanderer_carthage_8" name="{=XBJtv4mD}{FIRSTNAME} the Spicevendor" voice="softspoken" age="28" is_female="true" default_group="Infantry" is_template="true" is_hero="false" culture="Culture.aserai" occupation="Wanderer">
    <face>
      <face_key_template value="BodyProperty.cla_villager_kanic" />
    </face>
    <!--<Hero id="spc_wanderer_aserai_8" faction="Kingdom.aserai" />-->
    <Traits>
      <Trait id="CrossbowmanStyle" value="4" />
      <Trait id="Manager" value="5" />
      <Trait id="Honor" value="1" />
      <Trait id="Mercy" value="1" />
    </Traits>
    <Equipments>
      <EquipmentSet id="cla_carthage_companion_noncom_template" civilian="true" />
      <EquipmentSet id="cla_carthage_companion_noncom_template" />
    </Equipments>
  </NPCCharacter>
  <!-- female alley urchin -->
  <NPCCharacter id="cla_spc_wanderer_carthage_9" name="{=NWuGUi4p}{FIRSTNAME} the Gawwali" voice="ironic" age="22" is_female="true" default_group="Infantry" is_template="true" is_hero="false" culture="Culture.aserai" occupation="Wanderer">
    <face>
      <face_key_template value="BodyProperty.cla_fighter_jawwal" />
    </face>
    <Traits>
      <Trait id="PeltastFightingSkills" value="3" />
      <Trait id="RogueSkills" value="5" />
      <Trait id="Valor" value="1" />
      <Trait id="Generosity" value="1" />
    </Traits>
    <Equipments>
      <EquipmentSet id="cla_carthage_companion_warrior_numidian_template" civilian="true" />
      <EquipmentSet id="cla_carthage_companion_warrior_numidian_template" />
    </Equipments>
  </NPCCharacter>
  <NPCCharacter id="cla_spc_wanderer_carthage_10" name="{=ACqta1a5}{FIRSTNAME} the Engineer" voice="ironic" age="26" default_group="Infantry" is_template="true" is_hero="false" culture="Culture.aserai" occupation="Wanderer">
    <face>
      <face_key_template value="BodyProperty.cla_villager_kanic" />
    </face>
    <Traits>
      <Trait id="PeltastFightingSkills" value="3" />
      <Trait id="EngineerSkills" value="4" />
      <Trait id="Valor" value="1" />
      <Trait id="Honor" value="1" />
      <Trait id="Calculating" value="-1" />
    </Traits>
    <Equipments>
      <EquipmentSet id="cla_carthage_companion_noncom_template" civilian="true" />
      <EquipmentSet id="cla_carthage_companion_noncom_template" />
    </Equipments>
  </NPCCharacter>

<!-- Notables -->
  <!-- URBAN CHARACTERS OF ASERAI -->
  <NPCCharacter id="cla_spc_notable_carthage_0" name="{=!}{FIRSTNAME} the Dateseller" voice="ironic" is_template="true" default_group="Infantry" is_hero="false" culture="Culture.aserai" occupation="Merchant">
    <face>
      <face_key_template value="BodyProperty.cla_villager_kanic" />
    </face>
    <skills></skills>
    <Traits>
      <Trait id="Valor" value="-1" />
      <Trait id="Calculating" value="1" />
    </Traits>
    <Equipments>
      <EquipmentSet id="cla_carthage_npc_wealthy_template" />
      <EquipmentSet id="cla_carthage_npc_wealthy_template" civilian="true" />
    </Equipments>
  </NPCCharacter>
  <NPCCharacter id="cla_spc_notable_carthage_0b" name="{=!}{FIRSTNAME} the Minter" voice="ironic" is_template="true" default_group="Infantry" is_hero="false" culture="Culture.aserai" occupation="Merchant">
    <face>
      <face_key_template value="BodyProperty.cla_villager_kanic" />
    </face>
    <!--<Hero id="spc_notable_aserai_0b" faction="Kingdom.aserai" />-->
    <skills></skills>
    <Traits>
      <Trait id="Commander" value="2" />
      <Trait id="Valor" value="-1" />
      <Trait id="Calculating" value="1" />
    </Traits>
    <Equipments>
      <EquipmentSet id="cla_carthage_npc_wealthy_template" />
      <EquipmentSet id="cla_carthage_npc_wealthy_template" civilian="true" />
    </Equipments>
  </NPCCharacter>
  <NPCCharacter id="cla_spc_notable_carthage_1" name="{=!}{FIRSTNAME} the Coppermonger" voice="curt" is_template="true" default_group="Infantry" is_hero="false" culture="Culture.aserai" occupation="Merchant">
    <face>
      <face_key_template value="BodyProperty.cla_villager_kanic" />
    </face>
    <!--<Hero id="spc_notable_aserai_1" faction="Kingdom.aserai" />-->
    <skills></skills>
    <Traits>
      <Trait id="Generosity" value="-1" />
      <Trait id="Valor" value="-1" />
      <Trait id="Calculating" value="1" />
    </Traits>
    <Equipments>
      <EquipmentSet id="cla_carthage_npc_wealthy_template" />
      <EquipmentSet id="cla_carthage_npc_wealthy_template" civilian="true" />
    </Equipments>
  </NPCCharacter>
  <NPCCharacter id="cla_spc_notable_carthage_1b" name="{=!}{FIRSTNAME} the Incensemonger" voice="curt" is_template="true" default_group="Infantry" is_hero="false" culture="Culture.aserai" occupation="Merchant">
    <face>
      <face_key_template value="BodyProperty.cla_villager_kanic" />
    </face>
    <!--<Hero id="spc_notable_aserai_1b" faction="Kingdom.aserai" />-->
    <Traits>
      <Trait id="Commander" value="2" />
      <Trait id="Generosity" value="-1" />
      <Trait id="Valor" value="-1" />
      <Trait id="Calculating" value="1" />
    </Traits>
    <Equipments>
      <EquipmentSet id="cla_carthage_npc_wealthy_template" />
      <EquipmentSet id="cla_carthage_npc_wealthy_template" civilian="true" />
    </Equipments>
  </NPCCharacter>
  <NPCCharacter id="cla_spc_notable_carthage_2" name="{=!}{FIRSTNAME} the Woolseller" voice="softspoken" is_template="true" default_group="Infantry" is_hero="false" culture="Culture.aserai" occupation="Merchant">
    <face>
      <face_key_template value="BodyProperty.cla_villager_kanic" />
    </face>
    <!--<Hero id="spc_notable_aserai_2" faction="Kingdom.aserai" />-->
    <Traits>
      <Trait id="Valor" value="-1" />
      <Trait id="Calculating" value="1" />
    </Traits>
    <Equipments>
      <EquipmentSet id="cla_carthage_npc_wealthy_template" />
      <EquipmentSet id="cla_carthage_npc_wealthy_template" civilian="true" />
    </Equipments>
  </NPCCharacter>
  <NPCCharacter id="cla_spc_notable_carthage_2b" name="{=!}{FIRSTNAME} the Appraiser" voice="softspoken" is_template="true" default_group="Infantry" is_hero="false" culture="Culture.aserai" occupation="Merchant">
    <face>
      <face_key_template value="BodyProperty.cla_villager_kanic" />
    </face>
    <!--<Hero id="spc_notable_aserai_2b" faction="Kingdom.aserai" />-->
    <Traits>
      <Trait id="Commander" value="1" />
      <Trait id="Valor" value="-1" />
      <Trait id="Calculating" value="1" />
    </Traits>
    <Equipments>
      <EquipmentSet id="cla_carthage_npc_wealthy_template" />
      <EquipmentSet id="cla_carthage_npc_wealthy_template" civilian="true" />
    </Equipments>
  </NPCCharacter>
  <NPCCharacter id="cla_spc_notable_carthage_3" name="{=!}{FIRSTNAME} the Caravanser" voice="ironic" is_template="true" is_female="true" default_group="Infantry" is_hero="false" culture="Culture.aserai" occupation="Merchant">
    <face>
      <face_key_template value="BodyProperty.cla_villager_kanic" />
    </face>
    <!--<Hero id="spc_notable_aserai_3" faction="Kingdom.aserai" />-->
    <skills></skills>
    <Traits>
      <Trait id="Valor" value="-1" />
      <Trait id="Calculating" value="1" />
    </Traits>
    <Equipments>
      <EquipmentSet id="cla_carthage_npc_wealthy_template" />
      <EquipmentSet id="cla_carthage_npc_wealthy_template" civilian="true" />
    </Equipments>
  </NPCCharacter>
  <NPCCharacter id="cla_spc_notable_carthage_3b" name="{=!}{FIRSTNAME} the Benefactor" voice="curt" is_template="true" is_female="true" default_group="Infantry" is_hero="false" culture="Culture.aserai" occupation="Merchant">
    <face>
      <face_key_template value="BodyProperty.cla_villager_kanic" />
    </face>
    <skills></skills>
    <Traits>
      <Trait id="Commander" value="1" />
      <Trait id="Honor" value="1" />
      <Trait id="Calculating" value="1" />
    </Traits>
    <Equipments>
      <EquipmentSet id="cla_carthage_npc_wealthy_template" />
      <EquipmentSet id="cla_carthage_npc_wealthy_template" civilian="true" />
    </Equipments>
  </NPCCharacter>
  <NPCCharacter id="cla_spc_notable_carthage_4" name="{=!}Aserai rebellious preacher" voice="earnest" is_template="true" default_group="Infantry" is_hero="false" culture="Culture.aserai" occupation="Preacher">
    <face>
      <face_key_template value="BodyProperty.cla_villager_kanic" />
    </face>
    <skills></skills>
    <Traits>
      <Trait id="Generosity" value="1" />
      <Trait id="Honor" value="1" />
    </Traits>
    <Equipments>
      <EquipmentSet id="cla_carthage_npc_wealthy_template" />
      <EquipmentSet id="cla_carthage_npc_wealthy_template" civilian="true" />
    </Equipments>
  </NPCCharacter>
  <NPCCharacter id="cla_spc_notable_carthage_5" name="{=!}Aserai fire-and-brimstone preacher" voice="curt" is_template="true" default_group="Infantry" is_hero="false" culture="Culture.aserai" occupation="Preacher">
    <face>
      <face_key_template value="BodyProperty.cla_villager_kanic" />
    </face>
    <!--<Hero id="spc_notable_aserai_5" faction="Kingdom.aserai" />-->
    <skills></skills>
    <Traits>
      <Trait id="Generosity" value="-1" />
      <Trait id="Honor" value="1" />
    </Traits>
    <Equipments>
      <EquipmentSet id="cla_carthage_npc_wealthy_template" />
      <EquipmentSet id="cla_carthage_npc_wealthy_template" civilian="true" />
    </Equipments>
  </NPCCharacter>
  <NPCCharacter id="cla_spc_notable_carthage_6" name="{=!}Aserai female preacher" voice="earnest" is_template="true" default_group="Infantry" is_female="true" culture="Culture.aserai" occupation="Preacher">
    <face>
      <face_key_template value="BodyProperty.cla_villager_kanic" />
    </face>
    <!--<Hero id="spc_notable_aserai_6" faction="Kingdom.aserai" />-->
    <skills></skills>
    <Traits>
      <Trait id="Generosity" value="0" />
      <Trait id="Honor" value="1" />
    </Traits>
    <Equipments>
      <EquipmentSet id="cla_carthage_npc_wealthy_template" />
      <EquipmentSet id="cla_carthage_npc_wealthy_template" civilian="true" />
    </Equipments>
  </NPCCharacter>
  <NPCCharacter id="cla_spc_notable_carthage_7" name="{=!}Aserai fitiwi" voice="earnest" is_template="true" default_group="Infantry" is_hero="false" culture="Culture.aserai" occupation="GangLeader">
    <face>
      <face_key_template value="BodyProperty.cla_villager_kanic" />
    </face>
    <!--<Hero id="spc_notable_aserai_7" faction="Kingdom.aserai" />-->
    <skills></skills>
    <Traits>
      <Trait id="Valor" value="1" />
      <Trait id="Generosity" value="1" />
      <Trait id="Mercy" value="-1" />
    </Traits>
    <Equipments>
      <EquipmentSet id="cla_carthage_npc_wealthy_template" />
      <EquipmentSet id="cla_carthage_npc_wealthy_template" civilian="true" />
    </Equipments>
  </NPCCharacter>
  <NPCCharacter id="cla_spc_notable_carthage_8" name="{=!}Aserai fitiwi" voice="ironic" is_template="true" default_group="Infantry" is_hero="false" culture="Culture.aserai" occupation="GangLeader">
    <face>
      <face_key_template value="BodyProperty.cla_villager_kanic" />
    </face>
    <!--<Hero id="spc_notable_aserai_8" faction="Kingdom.aserai" />-->
    <Traits>
      <Trait id="Valor" value="1" />
      <Trait id="Mercy" value="-1" />
    </Traits>
    <Equipments>
      <EquipmentSet id="cla_carthage_npc_wealthy_template" />
      <EquipmentSet id="cla_carthage_npc_wealthy_template" civilian="true" />
    </Equipments>
  </NPCCharacter>
  <NPCCharacter id="cla_spc_notable_carthage_9" name="{=!}Fearsome female Aserai gang leader" voice="curt" is_template="true" default_group="Infantry" is_female="true" culture="Culture.aserai" occupation="GangLeader">
    <face>
      <face_key_template value="BodyProperty.cla_villager_kanic" />
    </face>
    <!--<Hero id="spc_notable_aserai_9" faction="Kingdom.aserai" />-->
    <skills></skills>
    <Traits>
      <Trait id="Generosity" value="-1" />
      <Trait id="Valor" value="1" />
      <Trait id="Mercy" value="-1" />
    </Traits>
    <Equipments>
      <EquipmentSet id="cla_carthage_notable_iberian_gang_leader" />
      <EquipmentSet id="cla_carthage_notable_iberian_gang_leader" civilian="true" />
    </Equipments>
  </NPCCharacter>
  <NPCCharacter id="cla_spc_notable_carthage_10" name="{=!}Aserai artisan leader" voice="curt" is_template="true" default_group="Infantry" is_hero="false" culture="Culture.aserai" occupation="Artisan">
    <face>
      <face_key_template value="BodyProperty.cla_villager_kanic" />
    </face>
    <Traits>
      <Trait id="Generosity" value="1" />
    </Traits>
    <Equipments>
      <EquipmentSet id="cla_carthage_npc_wealthy_template" />
      <EquipmentSet id="cla_carthage_npc_wealthy_template" civilian="true" />
      <EquipmentSet id="spc_notable_aserai_10" />
    </Equipments>
  </NPCCharacter>
  <NPCCharacter id="cla_spc_notable_carthage_11" name="{=!}Aserai earnest umda rural notable" voice="earnest" is_template="true" default_group="Infantry" culture="Culture.aserai" occupation="RuralNotable">
    <face>
      <face_key_template value="BodyProperty.cla_villager_nahasi" />
    </face>
    <Traits>
      <Trait id="Calculating" value="1" />
    </Traits>
    <Equipments>
      <EquipmentSet id="cla_carthage_npc_wealthy_template" />
      <EquipmentSet id="cla_carthage_npc_wealthy_template" civilian="true" />
    </Equipments>
  </NPCCharacter>
  <NPCCharacter id="cla_spc_notable_carthage_12" name="{=!}Libyan quiet umda rural notable" voice="softspoken" is_template="true" default_group="Infantry" culture="Culture.aserai" occupation="RuralNotable">
    <face>
      <face_key_template value="BodyProperty.cla_villager_nahasi" />
    </face>
    <Traits>
      <Trait id="Honor" value="1" />
    </Traits>
    <Equipments>
      <EquipmentSet id="cla_carthage_npc_wealthy_template" />
      <EquipmentSet id="cla_carthage_npc_wealthy_template" civilian="true" />
    </Equipments>
  </NPCCharacter>
  <NPCCharacter id="cla_spc_carthage_headman_1" name="{=!}Libyan rebellious headman" voice="earnest" is_template="true" default_group="Infantry" is_hero="false" culture="Culture.aserai" occupation="Headman">
    <face>
      <face_key_template value="BodyProperty.cla_villager_nahasi" />
    </face>
    <skills></skills>
    <Traits>
      <Trait id="Valor" value="1" />
      <Trait id="Calculating" value="-1" />
    </Traits>
    <Equipments>
      <EquipmentSet id="cla_carthage_npc_wealthy_template" />
      <EquipmentSet id="cla_carthage_npc_wealthy_template" civilian="true" />
    </Equipments>
  </NPCCharacter>
  <NPCCharacter id="cla_spc_carthage_headman_2" name="{=!}Libyan conservative headman" voice="curt" is_template="true" default_group="Infantry" is_hero="false" culture="Culture.aserai" occupation="Headman">
    <face>
      <face_key_template value="BodyProperty.cla_villager_nahasi" />
    </face>
    <skills></skills>
    <Traits>
      <Trait id="Valor" value="-1" />
      <Trait id="Generosity" value="1" />
    </Traits>
    <Equipments>
      <EquipmentSet id="cla_carthage_npc_wealthy_template" />
      <EquipmentSet id="cla_carthage_npc_wealthy_template" civilian="true" />
    </Equipments>
  </NPCCharacter>
  <NPCCharacter id="cla_spc_carthage_headman_3" name="{=!}Libyan devious headman" voice="softspoken" is_template="true" default_group="Infantry" is_hero="false" culture="Culture.aserai" occupation="Headman">
    <face>
      <face_key_template value="BodyProperty.cla_villager_nahasi" />
    </face>
    <skills></skills>
    <Traits>
      <Trait id="Calculating" value="1" />
      <Trait id="Honor" value="-1" />
    </Traits>
    <Equipments>
      <EquipmentSet id="cla_carthage_npc_wealthy_template" />
      <EquipmentSet id="cla_carthage_npc_wealthy_template" civilian="true" />
    </Equipments>
  </NPCCharacter>

<!-- Children -->
  <!--Culture:aserai -->
  <!--Townsman -->
  <NPCCharacter id="cla_carthage_child_template_townsman_male" name="{=!}Kanic Child Townsman Male" age="6" is_child_template="true" is_female="false" default_group="Infantry" is_hero="false" occupation="Townsfolk" culture="Culture.aserai">
    <face>
      <face_key_template value="BodyProperty.cla_villager_kanic" />
    </face>
    <Equipments>
      <EquipmentSet id="ase_bat_template_medium" />
      <EquipmentSet id="cla_carthage_npc_wealthy_template" civilian="true" />
    </Equipments>
  </NPCCharacter>
  <NPCCharacter id="cla_carthage_child_template_townsman_female" name="{=!}Kanic Child Townsman Female" age="6" is_child_template="true" is_female="true" default_group="Infantry" is_hero="false" occupation="Townsfolk" culture="Culture.aserai">
    <face>
      <face_key_template value="BodyProperty.cla_villager_kanic" />
    </face>
    <Equipments>
      <EquipmentSet id="ase_bat_template_medium" />
      <EquipmentSet id="cla_carthage_npc_wealthy_female_template" civilian="true" />
    </Equipments>
  </NPCCharacter>
  <NPCCharacter id="cla_carthage_teenager_template_townsman_male" name="{=!}Kanic Teenager Townsman Male" age="14" is_child_template="true" is_female="false" default_group="Infantry" is_hero="false" occupation="Townsfolk" culture="Culture.aserai">
    <face>
      <face_key_template value="BodyProperty.cla_villager_kanic" />
    </face>
    <Equipments>
      <EquipmentSet id="ase_bat_template_medium" />
      <EquipmentSet id="cla_carthage_npc_wealthy_template" civilian="true" />
    </Equipments>
  </NPCCharacter>
  <NPCCharacter id="cla_carthage_teenager_template_townsman_female" name="{=!}Kanic Teenager Townsman Female" age="14" is_child_template="true" is_female="true" default_group="Infantry" is_hero="false" occupation="Townsfolk" culture="Culture.aserai">
    <face>
      <face_key_template value="BodyProperty.cla_villager_kanic" />
    </face>
    <Equipments>
      <EquipmentSet id="ase_bat_template_medium" />
      <EquipmentSet id="cla_carthage_npc_wealthy_female_template" civilian="true" />
    </Equipments>
  </NPCCharacter>
  <!--Villager -->
  <NPCCharacter id="cla_carthage_child_template_villager_male" name="{=!}Nahasi Child Villager Male" age="6" is_child_template="true" is_female="false" default_group="Infantry" is_hero="false" occupation="Villager" culture="Culture.aserai">
    <face>
      <face_key_template value="BodyProperty.cla_villager_nahasi" />
    </face>
    <Equipments>
      <EquipmentSet id="ase_bat_template_medium" />
      <EquipmentSet id="cla_carthage_npc_poor_template" civilian="true" />
    </Equipments>
  </NPCCharacter>
  <NPCCharacter id="cla_carthage_child_template_villager_female" name="{=!}Nahasi Child Villager Female" age="6" is_child_template="true" is_female="true" default_group="Infantry" is_hero="false" occupation="Villager" culture="Culture.aserai">
    <face>
      <face_key_template value="BodyProperty.cla_villager_nahasi" />
    </face>
    <Equipments>
      <EquipmentSet id="ase_bat_template_medium" />
      <EquipmentSet id="cla_carthage_npc_poor_female_template" civilian="true" />
    </Equipments>
  </NPCCharacter>
  <NPCCharacter id="cla_carthage_teenager_template_villager_male" name="{=!}Carthage Teenager Villager Male" age="14" is_child_template="true" is_female="false" default_group="Infantry" is_hero="false" occupation="Villager" culture="Culture.aserai">
    <face>
      <face_key_template value="BodyProperty.cla_villager_nahasi" />
    </face>
    <Equipments>
      <EquipmentSet id="ase_bat_template_medium" />
      <EquipmentSet id="cla_carthage_npc_poor_template" civilian="true" />
    </Equipments>
  </NPCCharacter>
  <NPCCharacter id="cla_carthage_teenager_template_villager_female" name="{=!}Carthage Teenager Villager Female" age="14" is_child_template="true" is_female="true" default_group="Infantry" is_hero="false" occupation="Villager" culture="Culture.aserai">
    <face>
      <face_key_template value="BodyProperty.cla_villager_nahasi" />
    </face>
    <Equipments>
      <EquipmentSet id="ase_bat_template_medium" />
      <EquipmentSet id="cla_carthage_npc_poor_female_template" civilian="true" />
    </Equipments>
  </NPCCharacter>
  <!--Noble -->
  <NPCCharacter id="cla_carthage_child_template_noble_male" name="{=!}Carthage Child Noble Male" age="6" is_child_template="true" is_female="false" default_group="Infantry" is_hero="false" occupation="Lord" culture="Culture.aserai">
    <face>
      <face_key_template value="BodyProperty.cla_villager_kanic" />
    </face>
    <Equipments>
      <EquipmentSet id="ase_bat_template_medium" />
      <EquipmentSet id="cla_carthage_npc_wealthy_template" civilian="true" />
    </Equipments>
  </NPCCharacter>
  <NPCCharacter id="cla_carthage_child_template_noble_female" name="{=!}Carthage Child Noble Female" age="6" is_child_template="true" is_female="true" default_group="Infantry" is_hero="false" occupation="Lord" culture="Culture.aserai">
    <face>
      <face_key_template value="BodyProperty.cla_villager_kanic" />
    </face>
    <Equipments>
      <EquipmentSet id="ase_bat_template_medium" />
      <EquipmentSet id="cla_carthage_npc_wealthy_female_template" civilian="true" />
    </Equipments>
  </NPCCharacter>
  <NPCCharacter id="cla_carthage_teenager_template_noble_male" name="{=!}Carthage Teenager Noble Male" age="14" is_child_template="true" is_female="false" default_group="Infantry" is_hero="false" occupation="Lord" culture="Culture.aserai">
    <face>
      <face_key_template value="BodyProperty.cla_villager_kanic" />
    </face>
    <Equipments>
      <EquipmentSet id="ase_bat_template_medium" />
      <EquipmentSet id="cla_carthage_npc_wealthy_template" civilian="true" />
    </Equipments>
  </NPCCharacter>
  <NPCCharacter id="cla_carthage_teenager_template_noble_female" name="{=!}Carthage Teenager Noble Female" age="14" is_child_template="true" is_female="true" default_group="Infantry" is_hero="false" occupation="Lord" culture="Culture.aserai">
    <face>
      <face_key_template value="BodyProperty.cla_villager_kanic" />
    </face>
    <Equipments>
      <EquipmentSet id="ase_bat_template_medium" />
      <EquipmentSet id="cla_carthage_npc_wealthy_female_template" civilian="true" />
    </Equipments>
  </NPCCharacter>
</NPCCharacters>