<?xml version="1.0" encoding="utf-8"?>
<NPCCharacters>
<!-- Wanderers -->
	<NPCCharacter
		id="cla_spc_wanderer_sturgia_0"
		name="{=yr5pa0hs}{FIRSTNAME} Willowbark"
		voice="softspoken"
		age="28"
		is_template="true"
		is_female="true"
		default_group="Infantry"
		is_hero="false"
		culture="Culture.sturgia"
		occupation="Wanderer">
		<face>
			<face_key_template
				value="BodyProperty.townswoman_sturgia" />
		</face>
		<Traits>
			<Trait
				id="PeltastFightingSkills"
				value="2" />
			<Trait
				id="Surgeon"
				value="6" />
			<!-- maybe have the ScoutSkills/surgeon combo give herbalist perk -->
			<Trait
				id="Calculating"
				value="1" />
			<Trait
				id="Mercy"
				value="1" />
		</Traits>
		<Equipments>
			<EquipmentSet
				id="cla_npc_wanderer_equipment_germ_template"
				civilian="true" />
			<EquipmentSet
				id="cla_npc_wanderer_equipment_germ_template" />
		</Equipments>
	</NPCCharacter>
	<!--braggart backstory - claims he found skolderbrotva too soft -->
	<NPCCharacter
		id="cla_spc_wanderer_sturgia_1"
		name="{=W7aa22Yl}{FIRSTNAME} Breakskull"
		voice="earnest"
		age="27"
		is_template="true"
		default_group="Infantry"
		is_hero="false"
		culture="Culture.sturgia"
		occupation="Wanderer">
		<face>
			<face_key_template
				value="BodyProperty.cla_fighter_germanic" />
		</face>
		<Traits>
			<Trait
				id="RusHair"
				value="1" />
			<Trait
				id="HuscarlFightingSkills"
				value="4" />
			<Trait
				id="Valor"
				value="1" />
			<Trait
				id="Calculating"
				value="-1" />
			<Trait
				id="Mercy"
				value="-1" />
		</Traits>
		<Equipments>
			<EquipmentSet
				id="cla_npc_wanderer_equipment_germ_template"
				civilian="true" />
			<EquipmentSet
				id="cla_npc_wanderer_equipment_germ_template" />
		</Equipments>
	</NPCCharacter>
	<!--enterprising young would-be raider, wants to do his father proud -->
	<NPCCharacter
		id="cla_spc_wanderer_sturgia_2"
		name="{=aE8abvsQ}{FIRSTNAME} the Lucky"
		voice="earnest"
		age="21"
		default_group="Infantry"
		is_template="true"
		is_hero="false"
		culture="Culture.sturgia"
		occupation="Wanderer">
		<face>
			<face_key_template
				value="BodyProperty.cla_fighter_germanic" />
		</face>
		<Traits>
			<Trait
				id="RusHair"
				value="1" />
			<Trait
				id="HuscarlFightingSkills"
				value="3" />
			<Trait
				id="Commander"
				value="6" />
			<Trait
				id="Valor"
				value="1" />
			<Trait
				id="Generosity"
				value="1" />
		</Traits>
		<Equipments>
			<EquipmentSet
				id="cla_npc_wanderer_equipment_germ_template"
				civilian="true" />
			<EquipmentSet
				id="cla_npc_wanderer_equipment_germ_template" />
		</Equipments>
	</NPCCharacter>
	<!-- vaegir guard veteran backstory - bitter about riots -->
	<NPCCharacter
		id="cla_spc_wanderer_sturgia_3"
		name="{=LmlL8fVu}{FIRSTNAME} Bloodaxe"
		voice="curt"
		age="35"
		default_group="Infantry"
		is_template="true"
		is_hero="false"
		culture="Culture.sturgia"
		occupation="Wanderer">
		<face>
			<face_key_template
				value="BodyProperty.cla_fighter_germanic" />
		</face>
		<Traits>
			<Trait
				id="RusHair"
				value="1" />
			<Trait
				id="HuscarlFightingSkills"
				value="5" />
			<Trait
				id="SergeantCommandSkills"
				value="3" />
			<Trait
				id="Honor"
				value="1" />
			<Trait
				id="Calculating"
				value="1" />
		</Traits>
		<Equipments>
			<EquipmentSet
				id="cla_npc_wanderer_equipment_germ_template"
				civilian="true" />
			<EquipmentSet
				id="cla_npc_wanderer_equipment_germ_template" />
		</Equipments>
	</NPCCharacter>
	<!--outlaw backstory,  easily angered  -->
	<NPCCharacter
		id="cla_spc_wanderer_sturgia_4"
		name="{=WU5GnkvR}{FIRSTNAME} the Fish"
		voice="softspoken"
		age="23"
		default_group="Infantry"
		is_template="true"
		is_hero="false"
		culture="Culture.sturgia"
		occupation="Wanderer">
		<face>
			<face_key_template
				value="BodyProperty.cla_fighter_germanic" />
		</face>
		<!--<Hero id="cla_spc_wanderer_sturgia_4" faction="Kingdom.sturgia" />-->
		<Traits>
			<Trait
				id="ArcherFIghtingSkills"
				value="3" />
			<Trait
				id="ScoutSkills"
				value="6" />
			<Trait
				id="Generosity"
				value="1" />
			<Trait
				id="Honor"
				value="-1" />
			<!--<Trait id="RuralClanIsNemesis" value="1" />-->
		</Traits>
		<Equipments>
			<EquipmentSet
				id="cla_npc_wanderer_equipment_germ_template"
				civilian="true" />
			<EquipmentSet
				id="cla_npc_wanderer_equipment_germ_template" />
		</Equipments>
	</NPCCharacter>
	<!-- coalbiter backstory -->
	<NPCCharacter
		id="cla_spc_wanderer_sturgia_5"
		name="{=NSaetzNJ}{FIRSTNAME} Coalbiter"
		voice="curt"
		age="30"
		default_group="Infantry"
		is_hero="false"
		is_template="true"
		culture="Culture.sturgia"
		occupation="Wanderer">
		<face>
			<face_key_template
				value="BodyProperty.cla_fighter_germanic" />
		</face>
		<!--<Hero id="cla_spc_wanderer_sturgia_5" faction="Kingdom.sturgia" />-->
		<Traits>
			<Trait
				id="HuscarlFightingSkills"
				value="5" />
			<Trait
				id="Blacksmith"
				value="6" />
			<Trait
				id="Valor"
				value="1" />
			<Trait
				id="Generosity"
				value="1" />
			<Trait
				id="Mercy"
				value="-1" />
			<Trait
				id="Calculating"
				value="-1" />
		</Traits>
		<Equipments>
			<EquipmentSet
				id="cla_npc_wanderer_equipment_germ_template"
				civilian="true" />
			<EquipmentSet
				id="cla_npc_wanderer_equipment_germ_template" />
		</Equipments>
	</NPCCharacter>
	<!--icebeard - mossbeard. Simple misanthrope, cheated in marriage by brother-in-law, went to woods -->
	<NPCCharacter
		id="cla_spc_wanderer_sturgia_6"
		name="{=zXjdb1zT}{FIRSTNAME} Frostbeard"
		voice="curt"
		age="24"
		default_group="Infantry"
		is_template="true"
		is_hero="false"
		culture="Culture.sturgia"
		occupation="Wanderer">
		<face>
			<face_key_template
				value="BodyProperty.cla_fighter_germanic" />
		</face>
		<!--<Hero id="cla_spc_wanderer_sturgia_6" faction="Kingdom.sturgia" />-->
		<Traits>
			<Trait
				id="ArcherFIghtingSkills"
				value="3" />
			<Trait
				id="ScoutSkills"
				value="8" />
			<Trait
				id="Valor"
				value="1" />
			<Trait
				id="Generosity"
				value="1" />
			<Trait
				id="Mercy"
				value="1" />
			<Trait
				id="Calculating"
				value="-1" />
		</Traits>
		<Equipments>
			<EquipmentSet
				id="cla_npc_wanderer_equipment_germ_template"
				civilian="true" />
			<EquipmentSet
				id="cla_npc_wanderer_equipment_germ_template" />
		</Equipments>
	</NPCCharacter>
	<!-- dispossessed because of birthmark -->
	<NPCCharacter
		id="cla_spc_wanderer_sturgia_7"
		name="{=QyQPJJ9B}{FIRSTNAME} the Accursed"
		voice="ironic"
		age="24"
		default_group="Infantry"
		is_template="true"
		is_female="true"
		is_hero="false"
		culture="Culture.sturgia"
		occupation="Wanderer">
		<face>
			<face_key_template
				value="BodyProperty.townswoman_sturgia" />
		</face>
		<!--<Hero id="cla_spc_wanderer_sturgia_7" faction="Kingdom.sturgia" />-->
		<Traits>
			<Trait
				id="ArcherFIghtingSkills"
				value="3" />
			<Trait
				id="EngineerSkills"
				value="6" />
			<Trait
				id="Valor"
				value="1" />
			<Trait
				id="Honor"
				value="1" />
			<Trait
				id="Mercy"
				value="1" />
			<Trait
				id="Generosity"
				value="-1" />
		</Traits>
		<Equipments>
			<EquipmentSet
				id="cla_npc_wanderer_equipment_germ_template"
				civilian="true" />
			<EquipmentSet
				id="cla_npc_wanderer_equipment_germ_template" />
		</Equipments>
	</NPCCharacter>
	<!-- shield maiden -->
	<NPCCharacter
		id="cla_spc_wanderer_sturgia_8"
		name="{=rtsnnL2J}{FIRSTNAME} the Shieldmaiden"
		voice="curt"
		age="29"
		default_group="Infantry"
		is_template="true"
		is_female="true"
		is_hero="false"
		culture="Culture.sturgia"
		occupation="Wanderer">
		<face>
			<face_key_template
				value="BodyProperty.townswoman_sturgia" />
		</face>
		<!--<Hero id="cla_spc_wanderer_sturgia_8" faction="Kingdom.sturgia" />-->
		<Traits>
			<!--<Trait id="RuralClanIsNemesis" value="1" />-->
			<Trait
				id="HuscarlFightingSkills"
				value="5" />
			<Trait
				id="Valor"
				value="1" />
			<Trait
				id="Honor"
				value="1" />
			<Trait
				id="Mercy"
				value="-1" />
		</Traits>
		<Equipments>
			<EquipmentSet
				id="cla_npc_wanderer_equipment_germ_template"
				civilian="true" />
			<EquipmentSet
				id="cla_npc_wanderer_equipment_germ_template" />
		</Equipments>
	</NPCCharacter>
	<!--proud hireling who will do any task, values professionalism -->
	<NPCCharacter
		id="cla_spc_wanderer_sturgia_9"
		name="{=akALDUs0}{FIRSTNAME} Longknife"
		voice="ironic"
		age="26"
		default_group="Infantry"
		is_template="true"
		is_female="true"
		is_hero="false"
		culture="Culture.sturgia"
		occupation="Wanderer">
		<face>
			<face_key_template
				value="BodyProperty.townswoman_sturgia" />
		</face>
		<!--<Hero id="cla_spc_wanderer_sturgia_9" faction="Kingdom.sturgia" />-->
		<Traits>
			<Trait
				id="PeltastFightingSkills"
				value="3" />
			<Trait
				id="RogueSkills"
				value="6" />
			<Trait
				id="Honor"
				value="-1" />
			<Trait
				id="Calculating"
				value="1" />
			<Trait
				id="Generosity"
				value="1" />
		</Traits>
		<Equipments>
			<EquipmentSet
				id="cla_npc_wanderer_equipment_germ_template"
				civilian="true" />
			<EquipmentSet
				id="cla_npc_wanderer_equipment_germ_template" />
		</Equipments>
	</NPCCharacter>

<!-- Urban Characters -->
  <!-- URBAN CHARACTERS OF VLANDIA -->
	<NPCCharacter
		id="cla_spc_notable_sturgia_0"
		name="{=!}Cautious Sturgian merchant"
		voice="ironic"
		is_template="true"
		default_group="Infantry"
		is_hero="false"
		culture="Culture.sturgia"
		occupation="Merchant">
		<face>
			<face_key_template
				value="BodyProperty.cla_villager_germanic" />
		</face>
		<!--<Hero id="cla_spc_notable_sturgia_0" faction="Kingdom.sturgia" />-->
		<skills></skills>
		<Traits>
			<Trait
				id="RusHair"
				value="1" />
			<!-- Add skill groups -->
			<Trait
				id="Valor"
				value="-1" />
			<Trait
				id="Calculating"
				value="1" />
		</Traits>
		<Equipments>
			<EquipmentSet
				id="cla_germ_male_wealthy_template" />
			<EquipmentSet
				id="cla_germ_male_wealthy_template"
				civilian="true" />
			<EquipmentSet
				id="cla_spc_notable_sturgia_0" />
		</Equipments>
	</NPCCharacter>
	<NPCCharacter
		id="cla_spc_notable_sturgia_0b"
		name="{=!}Caustic sturgian merchant"
		voice="ironic"
		is_template="true"
		default_group="Infantry"
		is_hero="false"
		culture="Culture.sturgia"
		occupation="Merchant">
		<face>
			<face_key_template
				value="BodyProperty.cla_villager_germanic" />
		</face>
		<!--<Hero id="cla_spc_notable_sturgia_0b" faction="Kingdom.sturgia" />-->
		<skills></skills>
		<Traits>
			<Trait
				id="RusHair"
				value="1" />
			<!-- Add skill groups -->
			<Trait
				id="Commander"
				value="2" />
			<Trait
				id="Honor"
				value="-1" />
			<Trait
				id="Calculating"
				value="1" />
		</Traits>
		<Equipments>
			<EquipmentSet
				id="cla_germ_male_wealthy_template" />
			<EquipmentSet
				id="cla_germ_male_wealthy_template"
				civilian="true" />
			<EquipmentSet
				id="cla_spc_notable_sturgia_0b" />
		</Equipments>
	</NPCCharacter>
	<NPCCharacter
		id="cla_spc_notable_sturgia_1"
		name="{=!}curt sturgian merchant"
		voice="curt"
		is_template="true"
		default_group="Infantry"
		is_hero="false"
		culture="Culture.sturgia"
		occupation="Merchant">
		<face>
			<face_key_template
				value="BodyProperty.cla_villager_germanic" />
		</face>
		<!--<Hero id="cla_spc_notable_sturgia_1" faction="Kingdom.sturgia" />-->
		<skills></skills>
		<Traits>
			<Trait
				id="RusHair"
				value="1" />
			<!-- Add skill groups -->
			<Trait
				id="Valor"
				value="-1" />
			<Trait
				id="Generosity"
				value="-1" />
			<Trait
				id="Calculating"
				value="1" />
		</Traits>
		<Equipments>
			<EquipmentSet
				id="cla_germ_male_wealthy_template" />
			<EquipmentSet
				id="cla_germ_male_wealthy_template"
				civilian="true" />
			<EquipmentSet
				id="cla_spc_notable_sturgia_1" />
		</Equipments>
	</NPCCharacter>
	<NPCCharacter
		id="cla_spc_notable_sturgia_2"
		name="{=!}Adventurous sturgian merchant"
		voice="earnest"
		is_template="true"
		default_group="Infantry"
		is_hero="false"
		culture="Culture.sturgia"
		occupation="Merchant">
		<face>
			<face_key_template
				value="BodyProperty.cla_villager_germanic" />
		</face>
		<!--<Hero id="cla_spc_notable_sturgia_2" faction="Kingdom.sturgia" />-->
		<skills></skills>
		<Traits>
			<!-- TEMPLATE INFO -->
			<Trait
				id="RusHair"
				value="1" />
			<!-- Add skill groups -->
			<!-- CHARACTER -->
			<Trait
				id="Valor"
				value="1" />
			<Trait
				id="Calculating"
				value="1" />
		</Traits>
		<Equipments>
			<EquipmentSet
				id="cla_germ_male_wealthy_template" />
			<EquipmentSet
				id="cla_germ_male_wealthy_template"
				civilian="true" />
			<EquipmentSet
				id="cla_spc_notable_sturgia_2" />
		</Equipments>
	</NPCCharacter>
	<NPCCharacter
		id="cla_spc_notable_sturgia_2b"
		name="{=!}Honest Sturgian merchant"
		voice="curt"
		is_template="true"
		default_group="Infantry"
		is_hero="false"
		culture="Culture.sturgia"
		occupation="Merchant">
		<face>
			<face_key_template
				value="BodyProperty.cla_villager_germanic" />
		</face>
		<!--<Hero id="cla_spc_notable_sturgia_2b" faction="Kingdom.sturgia" />-->
		<skills></skills>
		<Traits>
			<Trait
				id="RusHair"
				value="1" />
			<!-- Add skill groups -->
			<Trait
				id="Commander"
				value="6" />
			<Trait
				id="Honor"
				value="1" />
			<Trait
				id="Calculating"
				value="1" />
		</Traits>
		<Equipments>
			<EquipmentSet
				id="cla_germ_male_wealthy_template" />
			<EquipmentSet
				id="cla_germ_male_wealthy_template"
				civilian="true" />
			<EquipmentSet
				id="cla_spc_notable_sturgia_2b" />
		</Equipments>
	</NPCCharacter>
	<NPCCharacter
		id="cla_spc_notable_sturgia_3b"
		name="{=!}Affable sturgian merchant"
		voice="earnest"
		is_template="true"
		default_group="Infantry"
		is_hero="false"
		culture="Culture.sturgia"
		occupation="Merchant">
		<face>
			<face_key_template
				value="BodyProperty.cla_villager_germanic" />
		</face>
		<!--<Hero id="cla_spc_notable_sturgia_3b" faction="Kingdom.sturgia" />-->
		<Traits>
			<Trait
				id="RusHair"
				value="1" />
			<!-- Add skill groups -->
			<Trait
				id="Commander"
				value="2" />
			<Trait
				id="Generosity"
				value="1" />
			<Trait
				id="Calculating"
				value="-1" />
		</Traits>
		<Equipments>
			<EquipmentSet
				id="cla_germ_male_wealthy_template" />
			<EquipmentSet
				id="cla_germ_male_wealthy_template"
				civilian="true" />
			<EquipmentSet
				id="cla_spc_notable_sturgia_3b" />
		</Equipments>
	</NPCCharacter>
	<NPCCharacter
		id="cla_spc_notable_sturgia_3"
		name="{=!}Honorable female sturgian merchant"
		voice="earnest"
		is_template="true"
		is_female="true"
		default_group="Infantry"
		is_hero="false"
		culture="Culture.sturgia"
		occupation="Merchant">
		<face>
			<face_key_template
				value="BodyProperty.townswoman_sturgia" />
		</face>
		<!--<Hero id="cla_spc_notable_sturgia_3" faction="Kingdom.sturgia" />-->
		<Traits>
			<Trait
				id="RusHair"
				value="1" />
			<Trait
				id="Honor"
				value="1" />
			<Trait
				id="Calculating"
				value="1" />
		</Traits>
		<Equipments>
			<EquipmentSet
				id="cla_germ_male_wealthy_template" />
			<EquipmentSet
				id="cla_germ_male_wealthy_template"
				civilian="true" />
			<EquipmentSet
				id="cla_spc_notable_sturgia_3" />
		</Equipments>
	</NPCCharacter>
	<NPCCharacter
		id="cla_spc_notable_sturgia_3c"
		name="{=!}Devious female sturgian merchant"
		voice="ironic"
		is_template="true"
		is_female="true"
		default_group="Infantry"
		is_hero="false"
		culture="Culture.sturgia"
		occupation="Merchant">
		<face>
			<face_key_template
				value="BodyProperty.townswoman_sturgia" />
		</face>
		<!--<Hero id="cla_spc_notable_sturgia_3c" faction="Kingdom.sturgia" />-->
		<Traits>
			<Trait
				id="RusHair"
				value="1" />
			<!-- Add skill groups -->
			<Trait
				id="Commander"
				value="2" />
			<Trait
				id="Honor"
				value="-1" />
			<Trait
				id="Calculating"
				value="1" />
		</Traits>
		<Equipments>
			<EquipmentSet
				id="cla_germ_male_wealthy_template" />
			<EquipmentSet
				id="cla_germ_male_wealthy_template"
				civilian="true" />
			<EquipmentSet
				id="cla_spc_notable_sturgia_3c" />
		</Equipments>
	</NPCCharacter>
	<NPCCharacter
		id="cla_spc_notable_sturgia_4"
		name="{=!}Sturgian seer"
		voice="curt"
		is_template="true"
		default_group="Infantry"
		is_hero="false"
		culture="Culture.sturgia"
		occupation="Preacher">
		<face>
			<face_key_template
				value="BodyProperty.cla_villager_germanic" />
		</face>
		<!--<Hero id="cla_spc_notable_sturgia_4" faction="Kingdom.sturgia" />-->
		<Traits>
			<Trait
				id="RusHair"
				value="1" />
			<Trait
				id="Honor"
				value="1" />
		</Traits>
		<Equipments>
			<EquipmentSet
				id="cla_germ_male_wealthy_template" />
			<EquipmentSet
				id="cla_germ_male_wealthy_template"
				civilian="true" />
			<EquipmentSet
				id="cla_spc_notable_sturgia_4" />
		</Equipments>
	</NPCCharacter>
	<NPCCharacter
		id="cla_spc_notable_sturgia_5"
		name="{=!}Sturgian female mystic"
		voice="softspoken"
		is_template="true"
		default_group="Infantry"
		is_female="true"
		culture="Culture.sturgia"
		occupation="Preacher">
		<face>
			<face_key_template
				value="BodyProperty.townswoman_sturgia" />
		</face>
		<!--<Hero id="cla_spc_notable_sturgia_5" faction="Kingdom.sturgia" />-->
		<skills></skills>
		<Traits>
			<Trait
				id="RusHair"
				value="1" />
			<Trait
				id="Honor"
				value="1" />
		</Traits>
		<Equipments>
			<EquipmentSet
				id="cla_germ_male_wealthy_template" />
			<EquipmentSet
				id="cla_germ_male_wealthy_template"
				civilian="true" />
			<EquipmentSet
				id="cla_spc_notable_sturgia_5" />
		</Equipments>
	</NPCCharacter>
	<NPCCharacter
		id="cla_spc_notable_sturgia_6"
		name="{=!}Sturgian gang leader"
		voice="ironic"
		is_template="true"
		default_group="Infantry"
		is_hero="false"
		culture="Culture.sturgia"
		occupation="GangLeader">
		<face>
			<face_key_template
				value="BodyProperty.cla_fighter_germanic" />
		</face>
		<!--<Hero id="cla_spc_notable_sturgia_6" faction="Kingdom.sturgia" />-->
		<Traits>
			<Trait
				id="RusHair"
				value="1" />
			<Trait
				id="Valor"
				value="1" />
			<Trait
				id="Mercy"
				value="-1" />
		</Traits>
		<Equipments>
			<EquipmentSet
				id="cla_germ_male_wealthy_template" />
			<EquipmentSet
				id="cla_germ_male_wealthy_template"
				civilian="true" />
			<EquipmentSet
				id="cla_spc_notable_sturgia_6" />
		</Equipments>
	</NPCCharacter>
	<NPCCharacter
		id="cla_spc_notable_sturgia_7"
		name="{=!}Sturgian female gang leader"
		voice="ironic"
		is_template="true"
		default_group="Infantry"
		is_female="true"
		culture="Culture.sturgia"
		occupation="GangLeader">
		<face>
			<face_key_template
				value="BodyProperty.townswoman_sturgia" />
		</face>
		<!--<Hero id="cla_spc_notable_sturgia_7" faction="Kingdom.sturgia" />-->
		<skills></skills>
		<Traits>
			<Trait
				id="RusHair"
				value="1" />
			<Trait
				id="Valor"
				value="1" />
			<Trait
				id="Mercy"
				value="-1" />
		</Traits>
		<Equipments>
			<EquipmentSet
				id="cla_germ_male_wealthy_template" />
			<EquipmentSet
				id="cla_germ_male_wealthy_template"
				civilian="true" />
			<EquipmentSet
				id="cla_spc_notable_sturgia_7" />
		</Equipments>
	</NPCCharacter>
	<NPCCharacter
		id="cla_spc_notable_sturgia_8"
		name="{=!}Sturgian artisan"
		voice="curt"
		is_template="true"
		default_group="Infantry"
		culture="Culture.sturgia"
		occupation="Artisan">
		<face>
			<face_key_template
				value="BodyProperty.cla_villager_germanic" />
		</face>
		<!--<Hero id="cla_spc_notable_sturgia_8" faction="Kingdom.sturgia" />-->
		<Traits>
			<Trait
				id="RusHair"
				value="1" />
			<Trait
				id="Generosity"
				value="1" />
		</Traits>
		<Equipments>
			<EquipmentSet
				id="cla_germ_male_wealthy_template" />
			<EquipmentSet
				id="cla_germ_male_wealthy_template"
				civilian="true" />
			<EquipmentSet
				id="cla_spc_notable_sturgia_8" />
		</Equipments>
	</NPCCharacter>
	<NPCCharacter
		id="cla_spc_notable_sturgia_9"
		name="{=!}Sturgian land captain gruff notable"
		voice="curt"
		is_template="true"
		default_group="Infantry"
		culture="Culture.sturgia"
		occupation="RuralNotable">
		<face>
			<face_key_template
				value="BodyProperty.cla_villager_germanic" />
		</face>
		<!--<Hero id="cla_spc_notable_sturgia_9" faction="Kingdom.sturgia" />-->
		<Traits>
			<Trait
				id="RusHair"
				value="1" />
			<Trait
				id="Generosity"
				value="-1" />
		</Traits>
		<Equipments>
			<EquipmentSet
				id="cla_germ_male_wealthy_template" />
			<EquipmentSet
				id="cla_germ_male_wealthy_template"
				civilian="true" />
		</Equipments>
	</NPCCharacter>
	<NPCCharacter
		id="cla_spc_notable_sturgia_10"
		name="{=!}Sturgian land captain helpful notable"
		voice="softspoken"
		is_template="true"
		default_group="Infantry"
		culture="Culture.sturgia"
		occupation="RuralNotable">
		<face>
			<face_key_template
				value="BodyProperty.cla_villager_germanic" />
		</face>
		<!--<Hero id="cla_spc_notable_sturgia_10" faction="Kingdom.sturgia" />-->
		<Traits>
			<Trait
				id="RusHair"
				value="1" />
			<Trait
				id="Calculating"
				value="1" />
			<Trait
				id="Generosity"
				value="1" />
		</Traits>
		<Equipments>
			<EquipmentSet
				id="cla_germ_male_wealthy_template" />
			<EquipmentSet
				id="cla_germ_male_wealthy_template"
				civilian="true" />
		</Equipments>
	</NPCCharacter>
	<NPCCharacter
		id="cla_spc_sturgia_headman_1"
		name="{=!}sturgia rebellious headman"
		voice="earnest"
		is_template="true"
		default_group="Infantry"
		is_hero="false"
		culture="Culture.sturgia"
		occupation="Headman">
		<face>
			<face_key_template
				value="BodyProperty.cla_villager_germanic" />
		</face>
		<!--<Hero id="cla_spc_notable_sturgia_4" faction="Kingdom.sturgia" />-->
		<skills></skills>
		<Traits>
			<Trait
				id="RusHair"
				value="1" />
			<Trait
				id="BalancedFightingSkills"
				value="5" />
			<Trait
				id="Valor"
				value="1" />
			<Trait
				id="Calculating"
				value="-1" />
		</Traits>
		<Equipments>
			<EquipmentSet
				id="cla_germ_male_wealthy_template" />
			<EquipmentSet
				id="cla_germ_male_wealthy_template"
				civilian="true" />
		</Equipments>
	</NPCCharacter>
	<NPCCharacter
		id="cla_spc_sturgia_headman_2"
		name="{=!}sturgia conservative headman"
		voice="curt"
		is_template="true"
		default_group="Infantry"
		is_hero="false"
		culture="Culture.sturgia"
		occupation="Headman">
		<face>
			<face_key_template
				value="BodyProperty.cla_villager_germanic" />
		</face>
		<!--<Hero id="cla_spc_notable_sturgia_4" faction="Kingdom.sturgia" />-->
		<skills></skills>
		<Traits>
			<Trait
				id="BalancedFightingSkills"
				value="4" />
			<Trait
				id="RusHair"
				value="1" />
			<Trait
				id="Valor"
				value="-1" />
			<Trait
				id="Generosity"
				value="1" />
		</Traits>
		<Equipments>
			<EquipmentSet
				id="cla_germ_male_wealthy_template" />
			<EquipmentSet
				id="cla_germ_male_wealthy_template"
				civilian="true" />
		</Equipments>
	</NPCCharacter>
	<NPCCharacter
		id="cla_spc_sturgia_headman_3"
		name="{=!}sturgia devious headman"
		voice="softspoken"
		is_template="true"
		default_group="Infantry"
		is_hero="false"
		culture="Culture.sturgia"
		occupation="Headman">
		<face>
			<face_key_template
				value="BodyProperty.cla_villager_germanic" />
		</face>
		<!--<Hero id="cla_spc_notable_sturgia_4" faction="Kingdom.sturgia" />-->
		<skills></skills>
		<Traits>
			<Trait
				id="RusHair"
				value="1" />
			<Trait
				id="BalancedFightingSkills"
				value="3" />
			<Trait
				id="Calculating"
				value="1" />
			<Trait
				id="Honor"
				value="-1" />
		</Traits>
		<Equipments>
			<EquipmentSet
				id="cla_germ_male_wealthy_template" />
			<EquipmentSet
				id="cla_germ_male_wealthy_template"
				civilian="true" />
		</Equipments>
	</NPCCharacter>

</NPCCharacters>