<?xml version="1.0" encoding="utf-8"?>
<NPCCharacters>
<!-- Millitia-->
  <NPCCharacter id="cla_carthage_militia_archer"
                default_group="Ranged"
                level="11"
                name="{=cla_carthage_militia_archer}Qashut Mishoter Nahasi (Militia Archer)"
                occupation="Soldier"
                culture="Culture.aserai"
                skill_template="SkillSet.cla_skills_level11">
    <face>
      <face_key_template value="BodyProperty.cla_fighter_nahasi" />
    </face>
    <upgrade_targets />
    <Equipments>
      <EquipmentSet id="cla_carthage_militia_archer_template" />
      <EquipmentSet id="cla_carthage_militia_archer_template" civilian="true" />
    </Equipments>
  </NPCCharacter>
  <NPCCharacter id="cla_carthage_militia_veteran_archer"
                default_group="Ranged"
                level="16"
                name="{=cla_carthage_militia_veteran_archer}Qashut Buhur Mishoter Nahasi (Militia Archer)"
                occupation="Soldier"
                culture="Culture.aserai"
                skill_template="SkillSet.cla_skills_level16">
    <face>
      <face_key_template value="BodyProperty.cla_fighter_nahasi" />
    </face>
    <upgrade_targets />
    <Equipments>
      <EquipmentSet id="cla_carthage_militia_veteran_archer_template" />
      <EquipmentSet id="cla_carthage_militia_veteran_archer_template" civilian="true" />
    </Equipments>
  </NPCCharacter>
  <NPCCharacter id="cla_carthage_militia_spearman"
                default_group="Infantry"
                level="11"
                name="{=cla_carthage_militia_spearman}Honit Mishoter Nahasi (Militia Spearman)"
                occupation="Soldier"
                culture="Culture.aserai"
                skill_template="SkillSet.cla_skills_level11">
    <face>
      <face_key_template value="BodyProperty.cla_fighter_nahasi" />
    </face>
    <upgrade_targets />
    <Equipments>
      <EquipmentSet id="cla_carthage_militia_spearman_template" />
      <EquipmentSet id="cla_carthage_militia_spearman_template" civilian="true" />
    </Equipments>
  </NPCCharacter>
  <NPCCharacter id="cla_carthage_militia_veteran_spearman"
                default_group="Infantry"
                level="16"
                name="{=cla_carthage_militia_veteran_spearman}Honit Buhur Mishoter Nahasi (Militia Spearman)"
                occupation="Soldier"
                culture="Culture.aserai"
                skill_template="SkillSet.cla_skills_level16">
    <face>
      <face_key_template value="BodyProperty.cla_fighter_nahasi" />
    </face>
    <upgrade_targets />
    <Equipments>
      <EquipmentSet id="cla_carthage_militia_veteran_spearman_template" />
      <EquipmentSet id="cla_carthage_militia_veteran_spearman_template" civilian="true" />
    </Equipments>
  </NPCCharacter>
<!-- Caravan -->
  <NPCCharacter id="cla_carthage_caravan_master"
                default_group="Infantry"
                level="26"
                name="{=cla_carthage_caravan_master}Ba'al Oreihat Kaani (Caravan Master)"
                occupation="CaravanGuard"
                culture="Culture.aserai"
                skill_template="SkillSet.cla_skills_level26">
    <face>
      <face_key_template value="BodyProperty.cla_fighter_kanic" />
    </face>
    <upgrade_targets />
    <Equipments>
      <EquipmentSet id="cla_carthage_caravan_master_template" />
      <EquipmentSet id="cla_carthage_caravan_master_template" civilian="true" />
    </Equipments>
  </NPCCharacter>
  <NPCCharacter id="cla_carthage_caravan_guard"
                default_group="Cavalry"
                level="16"
                name="{=cla_carthage_caravan_guard}Shomer Oreihat Nahasi (Caravan Guard)"
                upgrade_requires="ItemCategory.horse"
                occupation="CaravanGuard"
                culture="Culture.aserai"
                skill_template="SkillSet.cla_skills_level16">
    <face>
      <face_key_template value="BodyProperty.cla_fighter_nahasi" />
    </face>
    <upgrade_targets />
    <Equipments>
      <EquipmentSet id="cla_carthage_caravan_guard_template" />
      <EquipmentSet id="cla_carthage_caravan_guard_template" civilian="true" />
    </Equipments>
  </NPCCharacter>
  <NPCCharacter id="cla_carthage_veteran_caravan_guard"
                default_group="Cavalry"
                level="21"
                name="{=cla_carthage_veteran_caravan_guard}Pulak Oreihat Nahasi (Caravan Guard)"
                upgrade_requires="ItemCategory.war_horse"
                occupation="CaravanGuard"
                culture="Culture.aserai"
                skill_template="SkillSet.cla_skills_level21">
    <face>
      <face_key_template value="BodyProperty.cla_fighter_nahasi" />
    </face>
    <upgrade_targets />
    <Equipments>
      <EquipmentSet id="cla_carthage_veteran_caravan_guard_template" />
      <EquipmentSet id="cla_carthage_veteran_caravan_guard_template" civilian="true" />
    </Equipments>
  </NPCCharacter>
<!-- Armed Trader -->
  <NPCCharacter id="cla_carthage_armed_trader"
                default_group="Ranged"
                level="16"
                name="{=cla_scythia_armed_trader}Mokhar Kaani Haluts (Armed Trader)"
                occupation="CaravanGuard"
                is_basic_troop="true"
                culture="Culture.aserai"
                skill_template="SkillSet.cla_skills_level16">
    <face>
      <face_key_template value="BodyProperty.cla_fighter_kanic" />
    </face>
    <upgrade_targets />
    <Equipments>
      <EquipmentSet id="cla_carthage_armed_trader_template" />
      <EquipmentSet id="cla_carthage_armed_trader_template" civilian="true" />
    </Equipments>
  </NPCCharacter>

<!-- NPCs-->
  <NPCCharacter id="cla_carthage_tournament_master"
                default_group="Infantry"
                is_hero="false"
                occupation="ArenaMaster"
                culture="Culture.aserai"
                name="{=IHKXNP9H}Tournament Master"
                skill_template="SkillSet.cla_skills_level6">
    <face>
      <face_key_template value="BodyProperty.cla_villager_kanic" />
    </face>
    <upgrade_targets />
    <Equipments>
      <EquipmentSet id="cla_carthage_npc_wealthy_template" />
      <EquipmentSet id="cla_carthage_npc_wealthy_template" civilian="true" />
    </Equipments>
  </NPCCharacter>
  <NPCCharacter id="cla_carthage_duel_preset"
                default_group="Infantry"
                level="1"
                occupation="Townsfolk"
                culture="Culture.aserai"
                name="{=cte0zSCz}Carthage Tribesman"
                skill_template="SkillSet.cla_skills_level6">
    <face>
      <face_key_template value="BodyProperty.cla_villager_kanic" />
    </face>
    <upgrade_targets />
    <Equipments>
      <EquipmentSet id="cla_carthage_duel_preset_template" />
      <EquipmentSet id="cla_carthage_npc_poor_template" civilian="true" />
    </Equipments>
  </NPCCharacter>
  <NPCCharacter id="cla_carthage_prison_guard"
                default_group="Infantry"
                level="21"
                culture="Culture.aserai"
                occupation="PrisonGuard"
                name="{=cla_carthage_prison_guard}Prison Guard"
                skill_template="SkillSet.cla_skills_level21">
    <face>
      <face_key_template value="BodyProperty.cla_fighter_nahasi" />
    </face>
    <upgrade_targets />
    <Equipments>
      <EquipmentSet id="cla_carthage_prison_guard_template" />
      <EquipmentSet id="cla_carthage_prison_guard_template" civilian="true" />
    </Equipments>
  </NPCCharacter>
  <NPCCharacter id="cla_carthage_guard"
                default_group="Infantry"
                level="21"
                occupation="Soldier"
                culture="Culture.aserai"
                name="{=guardnoun}Guard"
                skill_template="SkillSet.cla_skills_level21"
                is_hidden_encyclopedia="true">
    <face>
      <face_key_template value="BodyProperty.cla_fighter_nahasi" />
    </face>
    <upgrade_targets />
    <Equipments>
      <EquipmentSet id="cla_carthage_guard_template" />
      <EquipmentSet id="cla_carthage_guard_template" civilian="true" />
    </Equipments>
  </NPCCharacter>
  <NPCCharacter id="cla_carthage_blacksmith"
                default_group="Infantry"
                is_hero="false"
                occupation="Blacksmith"
                culture="Culture.aserai"
                name="{=bNnQt4jN}Blacksmith"
                skill_template="SkillSet.cla_skills_level6">
    <face>
      <face_key_template value="BodyProperty.cla_villager_kanic" />
    </face>
    <upgrade_targets />
    <Equipments>
      <EquipmentSet id="cla_carthage_npc_wealthy_template" />
      <EquipmentSet id="cla_carthage_npc_wealthy_template" civilian="true" />
    </Equipments>
  </NPCCharacter>
  <NPCCharacter id="cla_carthage_weaponsmith"
                default_group="Infantry"
                is_hero="false"
                occupation="Weaponsmith"
                culture="Culture.aserai"
                name="{=UaN2lfwi}Weaponsmith"
                skill_template="SkillSet.cla_skills_level6">
    <face>
      <face_key_template value="BodyProperty.cla_villager_kanic" />
    </face>
    <upgrade_targets />
    <Equipments>
      <EquipmentSet id="cla_carthage_npc_wealthy_template" />
      <EquipmentSet id="cla_carthage_npc_wealthy_template" civilian="true" />
    </Equipments>
  </NPCCharacter>

  <NPCCharacter id="cla_carthage_townswoman"
                default_group="Infantry"
                is_female="true"
                level="1"
                name="{=cla_carthage_townswoman}Kanic Woman"
                occupation="Townsfolk"
                culture="Culture.aserai"
                skill_template="SkillSet.cla_skills_level6">
    <face>
      <face_key_template value="BodyProperty.cla_villager_kanic" />
    </face>
    <upgrade_targets />
    <Equipments>
      <EquipmentSet id="cla_carthage_npc_wealthy_female_template" />
      <EquipmentSet id="cla_carthage_npc_wealthy_female_template" civilian="true" />
    </Equipments>
  </NPCCharacter>
  <NPCCharacter id="cla_carthage_townswoman_infant"
                name="{=cla_carthage_townswoman_infant}Kanic Infant"
                age="3"
                is_female="true"
                default_group="Infantry"
                is_hero="false"
                occupation="Townsfolk"
                culture="Culture.aserai"
                skill_template="SkillSet.cla_skills_level6">
    <face>
      <face_key_template value="BodyProperty.cla_villager_kanic" />
    </face>
    <upgrade_targets />
    <Equipments>
      <EquipmentSet id="cla_carthage_npc_wealthy_female_template" />
      <EquipmentSet id="cla_carthage_npc_wealthy_female_template" civilian="true" />
    </Equipments>
  </NPCCharacter>
  <NPCCharacter id="cla_carthage_townswoman_child"
                name="{=cla_carthage_townswoman_child}Kanic Child"
                age="6"
                is_female="true"
                default_group="Infantry"
                is_hero="false"
                occupation="Townsfolk"
                culture="Culture.aserai"
                skill_template="SkillSet.cla_skills_level6">
    <face>
      <face_key_template value="BodyProperty.cla_villager_kanic" />
    </face>
    <upgrade_targets />
    <Equipments>
      <EquipmentSet id="cla_carthage_npc_wealthy_female_template" />
      <EquipmentSet id="cla_carthage_npc_wealthy_female_template" civilian="true" />
    </Equipments>
  </NPCCharacter>
  <NPCCharacter id="cla_carthage_townswoman_teenager"
                name="{=cla_carthage_townswoman_teenager}Kanic Teenager"
                age="14"
                is_female="true"
                default_group="Infantry"
                is_hero="false"
                occupation="Townsfolk"
                culture="Culture.aserai"
                skill_template="SkillSet.cla_skills_level6">
    <face>
      <face_key_template value="BodyProperty.cla_villager_kanic" />
    </face>
    <upgrade_targets />
    <Equipments>
      <EquipmentSet id="cla_carthage_npc_wealthy_female_template" />
      <EquipmentSet id="cla_carthage_npc_wealthy_female_template" civilian="true" />
    </Equipments>
  </NPCCharacter>

  <NPCCharacter id="cla_carthage_townsman"
                default_group="Infantry"
                name="{=cla_rome_townsman}Kanic Townsman"
                occupation="Townsfolk"
                culture="Culture.aserai"
                skill_template="SkillSet.cla_skills_level6">
    <face>
      <face_key_template value="BodyProperty.cla_villager_kanic" />
    </face>
    <upgrade_targets />
    <Equipments>
      <EquipmentSet id="cla_carthage_npc_wealthy_template" />
      <EquipmentSet id="cla_carthage_npc_wealthy_template" civilian="true" />
    </Equipments>
  </NPCCharacter>
  <NPCCharacter id="cla_carthage_townsman_infant"
                name="{=cla_carthage_townsman_infant}Kanic Infant"
                age="3"
                is_female="false"
                default_group="Infantry"
                is_hero="false"
                occupation="Townsfolk"
                culture="Culture.aserai"
                skill_template="SkillSet.cla_skills_level6">
    <face>
      <face_key_template value="BodyProperty.cla_villager_kanic" />
    </face>
    <upgrade_targets />
    <Equipments>
      <EquipmentSet id="cla_carthage_npc_wealthy_template" />
      <EquipmentSet id="cla_carthage_npc_wealthy_template" civilian="true" />
    </Equipments>
  </NPCCharacter>
  <NPCCharacter id="cla_carthage_townsman_child"
                name="{=cla_carthage_townsman_child}Kanic Child"
                age="6"
                is_female="false"
                default_group="Infantry"
                is_hero="false"
                occupation="Townsfolk"
                culture="Culture.aserai"
                skill_template="SkillSet.cla_skills_level6">
    <face>
      <face_key_template value="BodyProperty.cla_villager_kanic" />
    </face>
    <upgrade_targets />
    <Equipments>
      <EquipmentSet id="cla_carthage_npc_wealthy_template" />
      <EquipmentSet id="cla_carthage_npc_wealthy_template" civilian="true" />
    </Equipments>
  </NPCCharacter>
  <NPCCharacter id="cla_carthage_townsman_teenager"
                name="{=cla_carthage_townsman_teenager}Kanic Teenager"
                age="14"
                is_female="false"
                default_group="Infantry"
                is_hero="false"
                occupation="Townsfolk"
                culture="Culture.aserai"
                skill_template="SkillSet.cla_skills_level6">
    <face>
      <face_key_template value="BodyProperty.cla_villager_kanic" />
    </face>
    <upgrade_targets />
    <Equipments>
      <EquipmentSet id="cla_carthage_npc_wealthy_template" />
      <EquipmentSet id="cla_carthage_npc_wealthy_template" civilian="true" />
    </Equipments>
  </NPCCharacter>

  <NPCCharacter id="cla_carthage_village_woman"
                default_group="Infantry"
                is_female="true"
                level="1"
                name="{=cla_carthage_village_woman}Nahasi Villager"
                occupation="Villager"
                culture="Culture.aserai"
                skill_template="SkillSet.cla_skills_level6">
    <face>
      <face_key_template value="BodyProperty.cla_villager_nahasi" />
    </face>
    <upgrade_targets />
    <Equipments>
      <EquipmentSet id="cla_carthage_npc_poor_female_template" />
      <EquipmentSet id="cla_carthage_npc_poor_female_template" civilian="true" />
    </Equipments>
  </NPCCharacter>
  <NPCCharacter id="cla_carthage_village_woman_infant"
                name="{=cla_carthage_village_woman_infant}Nahasi Infant"
                age="3"
                is_female="true"
                default_group="Infantry"
                is_hero="false"
                occupation="Villager"
                culture="Culture.aserai"
                skill_template="SkillSet.cla_skills_level6">
    <face>
      <face_key_template value="BodyProperty.cla_villager_nahasi" />
    </face>
    <upgrade_targets />
    <Equipments>
      <EquipmentSet id="cla_carthage_npc_poor_female_template" />
      <EquipmentSet id="cla_carthage_npc_poor_female_template" civilian="true" />
    </Equipments>
  </NPCCharacter>
  <NPCCharacter id="cla_carthage_village_woman_child"
                name="{=cla_carthage_village_woman_child}Nahasi Child"
                age="6"
                is_female="true"
                default_group="Infantry"
                is_hero="false"
                occupation="Villager"
                culture="Culture.aserai"
                skill_template="SkillSet.cla_skills_level6">
    <face>
      <face_key_template value="BodyProperty.cla_villager_nahasi" />
    </face>
    <upgrade_targets />
    <Equipments>
      <EquipmentSet id="cla_carthage_npc_poor_female_template" />
      <EquipmentSet id="cla_carthage_npc_poor_female_template" civilian="true" />
    </Equipments>
  </NPCCharacter>
  <NPCCharacter id="cla_carthage_village_woman_teenager"
                name="{=cla_carthage_village_woman_teenager}Nahasi Teenager"
                age="14"
                is_female="true"
                default_group="Infantry"
                is_hero="false"
                occupation="Villager"
                culture="Culture.aserai"
                skill_template="SkillSet.cla_skills_level6">
    <face>
      <face_key_template value="BodyProperty.cla_villager_nahasi" />
    </face>
    <upgrade_targets />
    <Equipments>
      <EquipmentSet id="cla_carthage_npc_poor_female_template" />
      <EquipmentSet id="cla_carthage_npc_poor_female_template" civilian="true" />
    </Equipments>
  </NPCCharacter>

  <NPCCharacter id="cla_carthage_villager"
                default_group="Infantry"
                level="1"
                name="{=cla_carthage_villager}Nahasi Villager"
                occupation="Villager"
                culture="Culture.aserai"
                skill_template="SkillSet.cla_skills_level6">
    <face>
      <face_key_template value="BodyProperty.cla_villager_nahasi" />
    </face>
    <upgrade_targets>
      <upgrade_target id="NPCCharacter.cla_carthage_machairaphoroi_libyan_1" />
    </upgrade_targets>
    <Equipments>
      <EquipmentSet id="cla_carthage_npc_poor_template" />
      <EquipmentSet id="cla_carthage_npc_poor_template" civilian="true" />
    </Equipments>
  </NPCCharacter>
  <NPCCharacter id="cla_carthage_village_infant"
                name="{=cla_carthage_village_infant}Nahasi Infant"
                age="3"
                is_female="false"
                default_group="Infantry"
                is_hero="false"
                occupation="Villager"
                culture="Culture.aserai"
                skill_template="SkillSet.cla_skills_level6">
    <face>
      <face_key_template value="BodyProperty.cla_villager_nahasi" />
    </face>
    <upgrade_targets />
    <Equipments>
      <EquipmentSet id="cla_carthage_npc_poor_template" />
      <EquipmentSet id="cla_carthage_npc_poor_template" civilian="true" />
    </Equipments>
  </NPCCharacter>
  <NPCCharacter id="cla_carthage_villager_child"
                name="{=cla_carthage_villager_child}Nahasi Child"
                age="6"
                is_female="false"
                default_group="Infantry"
                is_hero="false"
                occupation="Villager"
                culture="Culture.aserai"
                skill_template="SkillSet.cla_skills_level6">
    <face>
      <face_key_template value="BodyProperty.cla_villager_nahasi" />
    </face>
    <upgrade_targets />
    <Equipments>
      <EquipmentSet id="cla_carthage_npc_poor_template" />
      <EquipmentSet id="cla_carthage_npc_poor_template" civilian="true" />
    </Equipments>
  </NPCCharacter>
  <NPCCharacter id="cla_carthage_villager_teenager"
                name="{=cla_carthage_villager_teenager}Nahasi Teenager"
                age="14"
                is_female="false"
                default_group="Infantry"
                is_hero="false"
                occupation="Villager"
                culture="Culture.aserai"
                skill_template="SkillSet.cla_skills_level6">
    <face>
      <face_key_template value="BodyProperty.cla_villager_nahasi" />
    </face>
    <upgrade_targets />
    <Equipments>
      <EquipmentSet id="cla_carthage_npc_poor_template" />
      <EquipmentSet id="cla_carthage_npc_poor_template" civilian="true" />
    </Equipments>
  </NPCCharacter>


  <NPCCharacter id="cla_carthage_ransom_broker"
                default_group="Infantry"
                is_hero="false"
                name="{=W2WXkiAh}Ransom Broker"
                occupation="RansomBroker"
                culture="Culture.aserai"
                skill_template="SkillSet.cla_skills_level6">
    <face>
      <face_key_template value="BodyProperty.cla_villager_kanic" />
    </face>
    <upgrade_targets />
    <Equipments>
      <EquipmentSet id="cla_carthage_npc_wealthy_template" />
      <EquipmentSet id="cla_carthage_npc_wealthy_template" civilian="true" />
    </Equipments>
  </NPCCharacter>

  <NPCCharacter id="cla_carthage_gangleader_bodyguard"
                default_group="Infantry"
                name="{=cla_carthage_gangleader_bodyguard}Gang Leader Bodyguard"
                occupation="Townsfolk"
                culture="Culture.aserai"
                skill_template="SkillSet.cla_skills_level16"
                level="16">
    <face>
      <face_key_template value="BodyProperty.cla_villager_nahasi" />
    </face>
    <upgrade_targets />
    <Equipments>
      <EquipmentSet id="cla_carthage_gangleader_bodyguard_template" />
      <EquipmentSet id="cla_carthage_gangleader_bodyguard_template" civilian="true" />
    </Equipments>
  </NPCCharacter>

<!-- Notary -->
  <NPCCharacter id="cla_carthage_merchant_notary"
                default_group="Infantry"
                name="{=cla_carthage_merchant_notary}Merchant Notary"
                occupation="Townsfolk"
                culture="Culture.aserai"
                skill_template="SkillSet.cla_skills_level6">
    <face>
      <face_key_template value="BodyProperty.cla_villager_kanic" />
    </face>
    <upgrade_targets />
    <Equipments>
      <EquipmentSet id="cla_carthage_npc_wealthy_template" />
      <EquipmentSet id="cla_carthage_npc_wealthy_template" civilian="true" />
    </Equipments>
  </NPCCharacter>
  <NPCCharacter id="cla_carthage_artisan_notary"
                default_group="Infantry"
                name="{=ECxiXTbF}Artisan Notary"
                occupation="Townsfolk"
                culture="Culture.aserai"
                skill_template="SkillSet.cla_skills_level6">
    <face>
      <face_key_template value="BodyProperty.cla_villager_kanic" />
    </face>
    <upgrade_targets />
    <Equipments>
      <EquipmentSet id="cla_carthage_npc_wealthy_template" />
      <EquipmentSet id="cla_carthage_npc_wealthy_template" civilian="true" />
    </Equipments>
  </NPCCharacter>
  <NPCCharacter id="cla_carthage_preacher_notary"
                default_group="Infantry"
                name="{=bLMGbLF8}Preacher Notary"
                occupation="Townsfolk"
                culture="Culture.aserai"
                skill_template="SkillSet.cla_skills_level6">
    <face>
      <face_key_template value="BodyProperty.cla_villager_kanic" />
    </face>
    <upgrade_targets />
    <Equipments>
      <EquipmentSet id="cla_carthage_npc_wealthy_template" />
      <EquipmentSet id="cla_carthage_npc_wealthy_template" civilian="true" />
    </Equipments>
  </NPCCharacter>
  <NPCCharacter id="cla_carthage_rural_notable_notary"
                default_group="Infantry"
                name="{=cla_carthage_rural_notable_notary}Rural Notable Notary"
                occupation="Townsfolk"
                culture="Culture.aserai"
                skill_template="SkillSet.cla_skills_level6">
    <face>
      <face_key_template value="BodyProperty.cla_villager_nahasi" />
    </face>
    <upgrade_targets />
    <Equipments>
      <EquipmentSet id="cla_carthage_npc_wealthy_template" />
      <EquipmentSet id="cla_carthage_npc_wealthy_template" civilian="true" />
    </Equipments>
  </NPCCharacter>
  <NPCCharacter id="cla_carthage_shop_worker"
                default_group="Infantry"
                name="{=cla_carthage_shop_worker}Shop Worker"
                occupation="ShopWorker"
                culture="Culture.aserai"
                skill_template="SkillSet.cla_skills_level6">
    <face>
      <face_key_template value="BodyProperty.cla_villager_kanic" />
    </face>
    <upgrade_targets />
    <Equipments>
      <EquipmentSet id="cla_carthage_npc_poor_template" />
      <EquipmentSet id="cla_carthage_npc_poor_template" civilian="true" />
    </Equipments>
  </NPCCharacter>
  <NPCCharacter id="cla_carthage_tavernkeeper"
                default_group="Infantry"
                is_hero="false"
                name="{=CsjtWt1g}Tavern Keeper"
                occupation="Tavernkeeper"
                culture="Culture.aserai"
                skill_template="SkillSet.cla_skills_level6">
    <face>
      <face_key_template value="BodyProperty.cla_villager_kanic" />
    </face>
    <upgrade_targets />
    <Equipments>
      <EquipmentSet id="cla_carthage_npc_wealthy_template" />
      <EquipmentSet id="cla_carthage_npc_wealthy_template" civilian="true" />
    </Equipments>
  </NPCCharacter>
  <NPCCharacter id="cla_carthage_taverngamehost"
                default_group="Infantry"
                is_hero="false"
                name="{=twCIejxn}Game Host"
                occupation="TavernGameHost"
                culture="Culture.aserai"
                skill_template="SkillSet.cla_skills_level6">
    <face>
      <face_key_template value="BodyProperty.cla_villager_kanic" />
    </face>
    <upgrade_targets />
    <Equipments>
      <EquipmentSet id="cla_carthage_npc_wealthy_template" />
      <EquipmentSet id="cla_carthage_npc_wealthy_template" civilian="true" />
    </Equipments>
  </NPCCharacter>
  <NPCCharacter id="cla_carthage_musician"
                default_group="Infantry"
                is_hero="false"
                name="{=zfCoeglY}Musician"
                occupation="Musician"
                culture="Culture.aserai"
                skill_template="SkillSet.cla_skills_level6">
    <face>
      <face_key_template value="BodyProperty.cla_villager_kanic" />
    </face>
    <upgrade_targets />
    <Equipments>
      <EquipmentSet id="cla_carthage_npc_wealthy_template" />
      <EquipmentSet id="cla_carthage_npc_wealthy_template" civilian="true" />
    </Equipments>
  </NPCCharacter>
  <NPCCharacter id="cla_carthage_tavern_wench"
                default_group="Infantry"
                name="{=z6RMWTaA}Tavern Wench"
                is_female="true"
                is_hero="false"
                occupation="TavernWench"
                culture="Culture.aserai"
                skill_template="SkillSet.cla_skills_level6">
    <face>
      <face_key_template value="BodyProperty.cla_villager_nahasi" />
    </face>
    <upgrade_targets />
    <Equipments>
      <EquipmentSet id="cla_carthage_npc_poor_female_template" />
      <EquipmentSet id="cla_carthage_npc_poor_female_template" civilian="true" />
    </Equipments>
  </NPCCharacter>
  <NPCCharacter id="cla_carthage_armorer"
                default_group="Infantry"
                is_hero="false"
                occupation="Armorer"
                culture="Culture.aserai"
                name="{=jx8ohENz}Armorer"
                skill_template="SkillSet.cla_skills_level6">
    <face>
      <face_key_template value="BodyProperty.cla_villager_kanic" />
    </face>
    <upgrade_targets />
    <Equipments>
      <EquipmentSet id="cla_carthage_npc_wealthy_template" />
      <EquipmentSet id="cla_carthage_npc_wealthy_template" civilian="true" />
    </Equipments>
  </NPCCharacter>
  <NPCCharacter id="cla_carthage_horsemerchant"
                default_group="Infantry"
                is_hero="false"
                occupation="HorseTrader"
                culture="Culture.aserai"
                name="{=79ElOr2x}Horse Trader"
                skill_template="SkillSet.cla_skills_level6">
    <face>
      <face_key_template value="BodyProperty.cla_villager_kanic" />
    </face>
    <upgrade_targets />
    <Equipments>
      <EquipmentSet id="cla_carthage_npc_wealthy_template" />
      <EquipmentSet id="cla_carthage_npc_wealthy_template" civilian="true" />
    </Equipments>
  </NPCCharacter>

  <NPCCharacter id="cla_carthage_barber"
                default_group="Infantry"
                is_hero="false"
                occupation="Townsfolk"
                culture="Culture.aserai"
                name="{=WH7EGGIg}Barber"
                skill_template="SkillSet.cla_skills_level6">
    <face>
      <face_key_template value="BodyProperty.cla_villager_kanic" />
    </face>
    <upgrade_targets />
    <Equipments>
      <EquipmentSet id="cla_carthage_npc_wealthy_template" />
      <EquipmentSet id="cla_carthage_npc_wealthy_template" civilian="true" />
    </Equipments>
  </NPCCharacter>

  <NPCCharacter id="cla_carthage_merchant"
                default_group="Infantry"
                is_hero="true"
                occupation="GoodsTrader"
                culture="Culture.aserai"
                name="{=thbcgVVO}Trader"
                skill_template="SkillSet.cla_skills_level6">
    <face>
      <face_key_template value="BodyProperty.cla_villager_kanic" />
    </face>
    <upgrade_targets />
    <Equipments>
      <EquipmentSet id="cla_carthage_npc_wealthy_template" />
      <EquipmentSet id="cla_carthage_npc_wealthy_template" civilian="true" />
    </Equipments>
  </NPCCharacter>

  <NPCCharacter id="cla_carthage_beggar"
                default_group="Infantry"
                name="{=HZRKBDyB}Beggar"
                occupation="Townsfolk"
                culture="Culture.aserai"
                skill_template="SkillSet.cla_skills_level6">
    <face>
      <face_key_template value="BodyProperty.cla_villager_nahasi" />
    </face>
    <upgrade_targets />
    <Equipments>
      <EquipmentSet id="cla_carthage_beggar_template" />
      <EquipmentSet id="cla_carthage_beggar_template" civilian="true" />
    </Equipments>
  </NPCCharacter>
  <NPCCharacter id="cla_carthage_female_beggar"
                default_group="Infantry"
                is_female="true"
                level="1"
                name="{=HZRKBDyB}Beggar"
                occupation="Townsfolk"
                culture="Culture.aserai"
                skill_template="SkillSet.cla_skills_level6">
    <face>
      <face_key_template value="BodyProperty.cla_villager_nahasi" />
    </face>
    <upgrade_targets />
    <Equipments>
      <EquipmentSet id="cla_carthage_beggar_template" />
      <EquipmentSet id="cla_carthage_beggar_template" civilian="true" />
    </Equipments>
  </NPCCharacter>
  <NPCCharacter id="cla_carthage_female_dancer"
                default_group="Infantry"
                name="{=X3KYysuv}Dancer"
                is_female="true"
                is_hero="false"
                occupation="Townsfolk"
                culture="Culture.aserai"
                skill_template="SkillSet.cla_skills_level6">
    <face>
      <face_key_template value="BodyProperty.cla_villager_kanic" />
    </face>
    <upgrade_targets />
    <Equipments>
      <EquipmentSet id="cla_carthage_female_dancer_template" />
      <EquipmentSet id="cla_carthage_female_dancer_template" civilian="true" />
    </Equipments>
  </NPCCharacter>

  <NPCCharacter id="cla_carthage_gear_practice_dummy"
                default_group="Infantry"
                is_hero="false"
                occupation="Special"
                culture="Culture.aserai"
                name="{=!}Aserai Gear Dummy"
                skill_template="SkillSet.cla_skills_level6">
    <face>
      <face_key_template value="BodyProperty.cla_villager_nahasi" />
    </face>
    <upgrade_targets />
    <Equipments>
      <EquipmentSet id="cla_carthage_gear_practice_dummy_template" />
      <EquipmentSet id="cla_carthage_gear_practice_dummy_template" civilian="true" />
    </Equipments>
  </NPCCharacter>
  <NPCCharacter id="cla_carthage_weapon_practice_stage_1"
                default_group="Infantry"
                is_hero="false"
                occupation="Special"
                culture="Culture.aserai"
                name="{=!}Aserai Weapon Dummy">
    <face>
      <face_key_template value="BodyProperty.cla_villager_nahasi" />
    </face>
    <upgrade_targets />
    <Equipments>
      <EquipmentSet id="cla_carthage_weapon_practice_stage_1_template" />
      <EquipmentSet id="cla_carthage_npc_poor_template" civilian="true" />
    </Equipments>
  </NPCCharacter>

  <NPCCharacter id="cla_carthage_weapon_practice_stage_2"
                default_group="Infantry"
                is_hero="false"
                occupation="Special"
                culture="Culture.aserai"
                name="{=!}Aserai Weapon Dummy">
    <face>
      <face_key_template value="BodyProperty.cla_villager_nahasi" />
    </face>
    <upgrade_targets />
    <Equipments>
      <EquipmentSet id="cla_carthage_weapon_practice_stage_1_template" />
      <EquipmentSet id="cla_carthage_npc_poor_template" civilian="true" />
    </Equipments>
  </NPCCharacter>
  <NPCCharacter id="cla_carthage_weapon_practice_stage_3"
                default_group="Infantry"
                is_hero="false"
                occupation="Special"
                culture="Culture.aserai"
                name="{=!}Aserai Weapon Dummy"
                skill_template="SkillSet.cla_skills_level6">
    <face>
      <face_key_template value="BodyProperty.cla_villager_nahasi" />
    </face>
    <upgrade_targets />
    <Equipments>
      <EquipmentSet id="cla_carthage_weapon_practice_stage_1_template" />
      <EquipmentSet id="cla_carthage_npc_poor_template" civilian="true" />
    </Equipments>
  </NPCCharacter>
  <NPCCharacter id="cla_carthage_gear_dummy"
                default_group="Infantry"
                is_hero="false"
                occupation="Special"
                culture="Culture.aserai"
                name="{=!}Aserai Gear Dummy"
                skill_template="SkillSet.cla_skills_level6">
    <face>
      <face_key_template value="BodyProperty.cla_villager_nahasi" />
    </face>
    <upgrade_targets />
    <Equipments>
      <EquipmentSet id="cla_carthage_gear_dummy_template" />
      <EquipmentSet id="cla_carthage_npc_poor_template" civilian="true" />
    </Equipments>
  </NPCCharacter>
<!-- Tournaments -->
  <NPCCharacter id="cla_carthage_tournament_template_one_participant_set_v1"
                default_group="Infantry"
                level="6"
                name="{=!}cla_rome_tournament_template_one_participant_set_v1"
                culture="Culture.aserai"
                skill_template="SkillSet.cla_skills_level6">
    <face>
      <face_key_template value="BodyProperty.cla_villager_kanic" />
    </face>
    <upgrade_targets />
    <Equipments>
      <EquipmentSet id="cla_carthage_tournament_template_one_participant_set_v1_template" />
      <EquipmentSet id="cla_carthage_npc_poor_template" civilian="true" />
    </Equipments>
  </NPCCharacter>

  <NPCCharacter id="cla_carthage_tournament_template_two_participant_set_v1"
                default_group="Infantry"
                level="6"
                name="{=!}cla_carthage_tournament_template_two_participant_set_v1"
                culture="Culture.aserai"
                skill_template="SkillSet.cla_skills_level6">
    <face>
      <face_key_template value="BodyProperty.cla_villager_kanic" />
    </face>
    <upgrade_targets />
    <Equipments>
      <EquipmentSet id="cla_carthage_tournament_template_two_participant_set_v1_template" />
      <EquipmentSet id="cla_carthage_npc_poor_template" civilian="true" />
    </Equipments>
  </NPCCharacter>
  <NPCCharacter id="cla_carthage_tournament_template_two_participant_set_v2"
                default_group="Infantry"
                level="6"
                name="{=!}cla_carthage_tournament_template_two_participant_set_v2"
                culture="Culture.aserai"
                skill_template="SkillSet.cla_skills_level6">
    <face>
      <face_key_template value="BodyProperty.cla_villager_kanic" />
    </face>
    <upgrade_targets />
    <Equipments>
      <EquipmentSet id="cla_carthage_tournament_template_two_participant_set_v2_template" />
      <EquipmentSet id="cla_carthage_npc_poor_template" civilian="true" />
    </Equipments>
  </NPCCharacter>
  <NPCCharacter id="cla_carthage_tournament_template_two_participant_set_v3"
                default_group="Infantry"
                level="6"
                name="{=!}cla_carthage_tournament_template_two_participant_set_v3"
                culture="Culture.aserai"
                skill_template="SkillSet.cla_skills_level6">
    <face>
      <face_key_template value="BodyProperty.cla_villager_kanic" />
    </face>
    <upgrade_targets />
    <Equipments>
      <EquipmentSet id="cla_carthage_tournament_template_two_participant_set_v3_template" />
      <EquipmentSet id="cla_carthage_npc_poor_template" civilian="true" />
    </Equipments>
  </NPCCharacter>

  <NPCCharacter id="cla_carthage_tournament_template_four_participant_set_v1"
                default_group="Infantry"
                level="6"
                name="{=!}cla_carthage_tournament_template_four_participant_set_v1"
                culture="Culture.aserai"
                skill_template="SkillSet.cla_skills_level6">
    <face>
      <face_key_template value="BodyProperty.cla_villager_kanic" />
    </face>
    <upgrade_targets />
    <Equipments>
      <EquipmentSet id="cla_carthage_tournament_template_four_participant_set_v1_template" />
      <EquipmentSet id="cla_carthage_npc_poor_template" civilian="true" />
    </Equipments>
  </NPCCharacter>
  <NPCCharacter id="cla_carthage_tournament_template_four_participant_set_v2"
                default_group="Infantry"
                level="6"
                name="{=!}cla_carthage_tournament_template_four_participant_set_v2"
                culture="Culture.aserai"
                skill_template="SkillSet.cla_skills_level6">
    <face>
      <face_key_template value="BodyProperty.cla_villager_kanic" />
    </face>
    <upgrade_targets />
    <Equipments>
      <EquipmentSet id="cla_carthage_tournament_template_four_participant_set_v2_template" />
      <EquipmentSet id="cla_carthage_npc_poor_template" civilian="true" />
    </Equipments>
  </NPCCharacter>

  <NPCCharacter id="cla_carthage_tournament_template_four_participant_set_v3"
                default_group="Infantry"
                level="6"
                name="{=!}cla_carthage_tournament_template_four_participant_set_v3"
                culture="Culture.aserai"
                skill_template="SkillSet.cla_skills_level6">
    <face>
      <face_key_template value="BodyProperty.cla_villager_kanic" />
    </face>
    <upgrade_targets />
    <Equipments>
      <EquipmentSet id="cla_carthage_tournament_template_four_participant_set_v3_template" />
      <EquipmentSet id="cla_carthage_npc_poor_template" civilian="true" />
    </Equipments>
  </NPCCharacter>
  <NPCCharacter id="cla_carthage_tournament_template_four_participant_set_v4"
                default_group="Infantry"
                level="6"
                name="{=!}cla_carthage_tournament_template_four_participant_set_v4"
                culture="Culture.aserai"
                skill_template="SkillSet.cla_skills_level6">
    <face>
      <face_key_template value="BodyProperty.cla_villager_kanic" />
    </face>
    <upgrade_targets />
    <Equipments>
      <EquipmentSet id="cla_carthage_tournament_template_four_participant_set_v4_template" />
      <EquipmentSet id="cla_carthage_npc_poor_template" civilian="true" />
    </Equipments>
  </NPCCharacter>

</NPCCharacters>