<?xml version="1.0" encoding="utf-8"?>
<NPCCharacters>
<!-- Wanderers -->
<!-- Created by Enabled User, thank you for your support! -->
  <NPCCharacter id="cla_carthage_wanderer_patreon_enabled_user" name="{=cla_carthage_wanderer_patreon_enabled_user}Lorenzo the Merciful" voice="ironic" age="32" default_group="HorseArcher" is_hero="true" culture="Culture.aserai" occupation="Wanderer" face_mesh_cache="true">
    <face>
<BodyProperties version="4" age="32" weight="0.5" build="0.8" key="001E000B95001914FC76646956A3AC587B74866254C69612C4B9C04989F7A03300AA76030A994949000000000000000000000000000000000000000019449002"  />
    </face>
    <Traits>
      <Trait id="HorseArcherFightingSkills" value="10" />
      <Trait id="Commander" value="10" />
      <Trait id="Mercy" value="-2" />
      <Trait id="Valor" value="2" />
      <Trait id="Calculating" value="1" />
      <Trait id="Honor" value="1" />
    </Traits>
    <Equipments>
    <EquipmentRoster>
      <equipment slot="Item0" id="Item.dawa_scythian_bow_4" />
      <equipment slot="Item1" id="Item.cla_scythian_large_bodkin_arrows_a" />
      <equipment slot="Item2" id="Item.cla_carthage_weapon_kopis_2" />
      <equipment slot="Item3" id="Item.cla_carthage_shield_round_small_iron_carthage" />
      <equipment slot="Head" id="Item.cla_carthage_helm_thracian_beard_paint_red_white_2" />
      <equipment slot="Body" id="Item.cla_carthage_musculata_defined_bronze_red" />
      <equipment slot="Gloves" id="Item.cla_carthage_arms_bracer_bronze" />
      <equipment slot="Leg" id="Item.cla_carthage_legs_greaves_high_1" />
      <equipment slot="Cape" id="Item.cla_carthage_cape_leopard_1" />
    </EquipmentRoster>
    <EquipmentRoster civilian="true">
      <equipment slot="Item0" id="Item.dawa_scythian_bow_4" />
      <equipment slot="Item1" id="Item.cla_scythian_large_bodkin_arrows_a" />
      <equipment slot="Item2" id="Item.cla_carthage_weapon_kopis_2" />
      <equipment slot="Item3" id="Item.cla_carthage_shield_round_small_iron_carthage" />
      <equipment slot="Body" id="Item.cla_carthage_musculata_defined_bronze_red" />
      <equipment slot="Gloves" id="Item.cla_carthage_arms_bracer_bronze" />
      <equipment slot="Leg" id="Item.cla_carthage_legs_greaves_high_1" />
      <equipment slot="Cape" id="Item.cla_carthage_cape_leopard_1" />
    </EquipmentRoster>
    </Equipments>
  </NPCCharacter>

</NPCCharacters>