<?xml version="1.0" encoding="utf-8"?>
<NPCCharacters>

<!-- Wanderers -->
  <NPCCharacter id="cla_spc_wanderer_rome_0" name="{=bvjFhiDr}{FIRSTNAME} the Scholar" voice="curt" age="29" default_group="Infantry" is_template="true" is_hero="false" culture="Culture.empire" occupation="Wanderer">
    <face>
      <face_key_template value="BodyProperty.cla_rome_legionary" />
    </face>
    <!--<Hero id="spc_wanderer_empire_0" faction="Kingdom.empire"  is_template="true" /> -->
    <Traits>
      <Trait id="RomanHair" value="1" />
      <Trait id="PeltastFightingSkills" value="2" />
      <Trait id="EngineerSkills" value="3" />
      <Trait id="Mercy" value="1" />
      <Trait id="Generosity" value="-1" />
    </Traits>
    <Equipments>
      <EquipmentSet id="cla_rome_companion_noncom_template" civilian="true" />
      <EquipmentSet id="cla_rome_companion_noncom_template" />
    </Equipments>
  </NPCCharacter>

  <NPCCharacter id="cla_spc_wanderer_rome_1" name="{=xTQPfmS9}{FIRSTNAME} the Bull" voice="earnest" age="29" is_template="true" default_group="Infantry" is_hero="false" culture="Culture.empire" occupation="Wanderer">
    <face>
      <face_key_template value="BodyProperty.cla_rome_legionary" />
    </face>
    <!--<Hero id="spc_wanderer_empire_1" faction="Kingdom.empire"  is_template="true" />-->
    <Traits>
      <Trait id="RomanHair" value="1" />
      <Trait id="HuscarlFightingSkills" value="4" />
      <Trait id="Commander" value="2" />
      <Trait id="Valor" value="1" />
      <Trait id="Honor" value="-1" />
      <Trait id="Calculating" value="-1" />
    </Traits>
    <Equipments>
      <EquipmentSet id="cla_rome_companion_legionary_template" civilian="true" />
      <EquipmentSet id="cla_rome_companion_legionary_template" />
    </Equipments>
  </NPCCharacter>

  <NPCCharacter id="cla_spc_wanderer_rome_2" name="{=Ivx4uJVp}{FIRSTNAME} the Silent" voice="softspoken" age="26" default_group="Infantry" is_template="true" is_hero="false" culture="Culture.empire" occupation="Wanderer">
    <face>
      <face_key_template value="BodyProperty.cla_rome_legionary" />
    </face>
    <!--<Hero id="spc_wanderer_empire_2" faction="Kingdom.empire"  is_template="true" />-->
    <Traits>
      <Trait id="RomanHair" value="1" />
      <Trait id="KnightFightingSkills" value="4" />
      <Trait id="Commander" value="3" />
      <Trait id="Valor" value="1" />
      <Trait id="Mercy" value="1" />
      <Trait id="Generosity" value="1" />
    </Traits>
    <Equipments>
      <EquipmentSet id="cla_rome_companion_legionary_template" civilian="true" />
      <EquipmentSet id="cla_rome_companion_legionary_template" />
    </Equipments>
  </NPCCharacter>

  <NPCCharacter id="cla_spc_wanderer_rome_3" name="{=1OZBZZCi}{FIRSTNAME} the Boar" voice="ironic" age="40" default_group="Infantry" is_template="true" is_hero="false" culture="Culture.empire" occupation="Wanderer">
    <face>
      <face_key_template value="BodyProperty.cla_rome_legionary" />
    </face>
    <!--<Hero id="spc_wanderer_empire_3" faction="Kingdom.empire" />-->
    <Traits>
      <Trait id="RomanHair" value="1" />
      <Trait id="HopliteFightingSkills" value="5" />
      <Trait id="SergeantCommandSkills" value="3" />
      <Trait id="Valor" value="1" />
      <Trait id="Honor" value="1" />
      <Trait id="Mercy" value="-1" />
    </Traits>
    <Equipments>
      <EquipmentSet id="cla_rome_companion_legionary_template" civilian="true" />
      <EquipmentSet id="cla_rome_companion_legionary_template" />
    </Equipments>
  </NPCCharacter>

  <NPCCharacter id="cla_spc_wanderer_rome_4" name="{=t9e34kgH}{FIRSTNAME} the Robber" voice="ironic" age="22" default_group="Infantry" is_hero="false" is_template="true" culture="Culture.empire" occupation="Wanderer">
    <face>
      <face_key_template value="BodyProperty.cla_rome_legionary" />
    </face>
    <!--<Hero id="spc_wanderer_empire_4" faction="Kingdom.empire" />-->
    <Traits>
      <Trait id="RomanHair" value="1" />
      <Trait id="PeltastFightingSkills" value="3" />
      <Trait id="RogueSkills" value="3" />
      <Trait id="Honor" value="-1" />
      <Trait id="Mercy" value="1" />
      <Trait id="Generosity" value="1" />
    </Traits>
    <Equipments>
      <EquipmentSet id="cla_rome_companion_noncom_template" civilian="true" />
      <EquipmentSet id="cla_rome_companion_noncom_template" />
    </Equipments>
  </NPCCharacter>

  <NPCCharacter id="cla_spc_wanderer_rome_5" name="{=pZSAdyC0}{FIRSTNAME} the Butcher" voice="curt" age="30" default_group="Infantry" is_template="true" is_hero="false" culture="Culture.empire" occupation="Wanderer">
    <face>
      <face_key_template value="BodyProperty.cla_rome_legionary" />
    </face>
    <!--<Hero id="spc_wanderer_empire_5" faction="Kingdom.empire" is_template="true" />-->
    <Traits>
      <Trait id="RomanHair" value="1" />
      <Trait id="PeltastFightingSkills" value="4" />
      <Trait id="RogueSkills" value="3" />
      <Trait id="Mercy" value="-1" />
      <Trait id="Honor" value="-1" />
      <Trait id="Generosity" value="-1" />
    </Traits>
    <Equipments>
      <EquipmentSet id="cla_rome_companion_legionary_template" civilian="true" />
      <EquipmentSet id="cla_rome_companion_legionary_template" />
    </Equipments>
  </NPCCharacter>

  <NPCCharacter id="cla_spc_wanderer_rome_6" name="{=OArAImbM}{FIRSTNAME} of the Hills" voice="curt" age="22" default_group="Infantry" is_template="true" is_hero="false" culture="Culture.empire" occupation="Wanderer">
    <face>
      <face_key_template value="BodyProperty.cla_rome_legionary" />
    </face>
    <!--<Hero id="spc_wanderer_empire_6" faction="Kingdom.empire" is_template="true" />-->
    <Traits>
      <Trait id="RomanHair" value="1" />
      <Trait id="ArcherFIghtingSkills" value="3" />
      <Trait id="WoodsScoutSkills" value="2" />
      <Trait id="RogueSkills" value="1" />
      <Trait id="Valor" value="1" />
      <Trait id="Honor" value="1" />
      <Trait id="Generosity" value="-1" />
    </Traits>
    <Equipments>
      <EquipmentSet id="cla_rome_companion_legionary_template" civilian="true" />
      <EquipmentSet id="cla_rome_companion_legionary_template" />
    </Equipments>
  </NPCCharacter>

  <NPCCharacter id="cla_spc_wanderer_rome_7" name="{=c5Kjcxsa}{FIRSTNAME} the Wanderer" voice="ironic" age="24" is_template="true" default_group="Infantry" is_female="true" is_hero="false" culture="Culture.empire" occupation="Wanderer">
    <face>
      <face_key_template value="BodyProperty.cla_rome_townswoman" />
    </face>
    <!--<Hero id="spc_wanderer_empire_7" faction="Kingdom.empire" />-->
    <Traits>
      <Trait id="RomanHair" value="1" />
      <Trait id="HopliteFightingSkills" value="3" />
      <Trait id="Valor" value="1" />
      <Trait id="Calculating" value="1" />
    </Traits>
    <Equipments>
      <EquipmentSet id="cla_rome_companion_legionary_template" civilian="true" />
      <EquipmentSet id="cla_rome_companion_legionary_template" />
    </Equipments>
  </NPCCharacter>

  <NPCCharacter id="cla_spc_wanderer_rome_8" name="{=KTObbG71}{FIRSTNAME} the Wronged" voice="curt" age="23" default_group="Infantry" is_template="true" is_female="true" is_hero="false" culture="Culture.empire" occupation="Wanderer">
    <face>
      <face_key_template value="BodyProperty.cla_rome_townswoman" />
    </face>
    <!--<Hero id="spc_wanderer_empire_8" faction="Kingdom.empire" />-->
    <Traits>
      <Trait id="RomanHair" value="1" />
      <Trait id="CrossbowmanStyle" value="3" />
      <Trait id="RogueSkills" value="2" />
      <Trait id="Honor" value="1" />
      <Trait id="Mercy" value="-1" />
    </Traits>
    <Equipments>
      <EquipmentSet id="cla_rome_companion_noncom_template" civilian="true" />
      <EquipmentSet id="cla_rome_companion_noncom_template" />
    </Equipments>
  </NPCCharacter>

  <NPCCharacter id="cla_spc_wanderer_rome_9" name="{=7apnGFz7}{FIRSTNAME} the Black" voice="curt" age="21" default_group="Infantry" is_template="true" is_female="true" is_hero="false" culture="Culture.empire" occupation="Wanderer">
    <face>
      <face_key_template value="BodyProperty.cla_rome_townswoman" />
    </face>
    <!--<Hero id="spc_wanderer_empire_9" faction="Kingdom.empire" />-->
    <Traits>
      <Trait id="RomanHair" value="1" />
      <Trait id="PeltastFightingSkills" value="3" />
      <Trait id="RogueSkills" value="2" />
      <Trait id="Valor" value="1" />
      <Trait id="Generosity" value="1" />
      <!--<Trait id="GangLeaderIsNemesis" value="1" />-->
    </Traits>
    <Equipments>
      <EquipmentSet id="cla_rome_companion_noncom_template" civilian="true" />
      <EquipmentSet id="cla_rome_companion_noncom_template" />
    </Equipments>
  </NPCCharacter>

  <!-- extra imperials -->
  <NPCCharacter id="cla_spc_wanderer_rome_10" name="{=cud22JY1}{FIRSTNAME} the Surgeon" voice="ironic" is_template="true" age="31" default_group="Infantry" is_hero="false" culture="Culture.empire" occupation="Wanderer">
    <face>
      <face_key_template value="BodyProperty.cla_rome_legionary" />
    </face>
    <!--<Hero id="spc_wanderer_empire_10" faction="Kingdom.empire" is_template="true" />-->
    <Traits>
      <Trait id="RomanHair" value="1" />
      <Trait id="PeltastFightingSkills" value="2" />
      <Trait id="Surgeon" value="4" />
      <Trait id="Honor" value="1" />
      <Trait id="Calculating" value="1" />
      <Trait id="Generosity" value="1" />
      <Trait id="Mercy" value="1" />
    </Traits>
    <Equipments>
      <EquipmentSet id="cla_rome_companion_noncom_template" civilian="true" />
      <EquipmentSet id="cla_rome_companion_noncom_template" />
    </Equipments>
  </NPCCharacter>

  <NPCCharacter id="cla_spc_wanderer_rome_11" name="{=KTObbG71}{FIRSTNAME} the Wronged" voice="curt" age="28" default_group="Infantry" is_template="true" is_female="true" is_hero="false" culture="Culture.empire" occupation="Wanderer">
    <face>
      <face_key_template value="BodyProperty.cla_rome_townswoman" />
    </face>
    <Traits>
      <Trait id="RomanHair" value="1" />
      <Trait id="CavalryFightingSkills" value="4" />
      <Trait id="Honor" value="1" />
    </Traits>
    <Equipments>
      <EquipmentSet id="cla_rome_companion_noncom_template" civilian="true" />
      <EquipmentSet id="cla_rome_companion_noncom_template" />
    </Equipments>
  </NPCCharacter>

<!-- Urban Characters -->
  <!-- URBAN CHARACTERS OF EMPIRE -->
  <!-- Worldly imperial merchant -->
  <NPCCharacter id="cla_spc_notable_rome_0" name="{=!}Cautious imperial merchant" is_template="true" voice="ironic" default_group="Infantry" is_hero="false" culture="Culture.empire" occupation="Merchant">
    <face>
      <face_key_template value="BodyProperty.cla_rome_villager" />
    </face>
    <!--<Hero id="spc_notable_empire_0" faction="Kingdom.empire" />-->
    <skills></skills>
    <Traits>
      <Trait id="RomanHair" value="1" />
      <Trait id="Valor" value="-1" />
      <Trait id="Calculating" value="1" />
    </Traits>
    <Equipments>
      <EquipmentSet id="cla_rome_npc_wealthy_template" />
      <EquipmentSet id="cla_rome_npc_wealthy_template" civilian="true" />
    </Equipments>
  </NPCCharacter>

  <NPCCharacter id="cla_spc_notable_rome_0b" name="{=!}{FIRSTNAME} the Vintner" is_template="true" voice="ironic" default_group="Infantry" is_hero="false" culture="Culture.empire" occupation="Merchant">
    <face>
      <face_key_template value="BodyProperty.cla_rome_villager" />
    </face>
    <!--<Hero id="spc_notable_empire_0b" faction="Kingdom.empire" />-->
    <skills></skills>
    <Traits>
      <Trait id="RomanHair" value="1" />
      <Trait id="Commander" value="2" />
      <Trait id="Valor" value="-1" />
      <Trait id="Calculating" value="1" />
    </Traits>
    <Equipments>
      <EquipmentSet id="cla_rome_npc_wealthy_template" />
      <EquipmentSet id="cla_rome_npc_wealthy_template" civilian="true" />
    </Equipments>
  </NPCCharacter>
  <NPCCharacter id="cla_spc_notable_rome_1" name="{=!}Empire merchant 3, ruthless" voice="curt" is_template="true" default_group="Infantry" is_hero="false" culture="Culture.empire" occupation="Merchant">
    <face>
      <face_key_template value="BodyProperty.cla_rome_villager" />
    </face>
    <Traits>
      <Trait id="RomanHair" value="1" />
      <Trait id="Generosity" value="-1" />
      <Trait id="Calculating" value="1" />
    </Traits>
    <Equipments>
      <EquipmentSet id="cla_rome_npc_wealthy_template" />
      <EquipmentSet id="cla_rome_npc_wealthy_template" civilian="true" />
    </Equipments>
  </NPCCharacter>
  <NPCCharacter id="cla_spc_notable_rome_1b" name="{=!}Cold imperial merchant" voice="curt" is_template="true" default_group="Infantry" is_hero="false" culture="Culture.empire" occupation="Merchant">
    <face>
      <face_key_template value="BodyProperty.cla_rome_villager" />
    </face>
    <Traits>
      <Trait id="RomanHair" value="1" />
      <Trait id="Commander" value="2" />
      <Trait id="Generosity" value="-1" />
      <Trait id="Calculating" value="1" />
    </Traits>
    <Equipments>
      <EquipmentSet id="cla_rome_npc_wealthy_template" />
      <EquipmentSet id="cla_rome_npc_wealthy_template" civilian="true" />
    </Equipments>
  </NPCCharacter>
  <NPCCharacter id="cla_spc_notable_rome_2" name="{=!}{FIRSTNAME} the Saltpanner" voice="softspoken" is_template="true" default_group="Infantry" is_hero="false" culture="Culture.empire" occupation="Merchant">
    <face>
      <face_key_template value="BodyProperty.cla_rome_villager" />
    </face>
    <Traits>
      <Trait id="RomanHair" value="1" />
      <Trait id="Valor" value="-1" />
      <Trait id="Calculating" value="1" />
    </Traits>
    <Equipments>
      <EquipmentSet id="cla_rome_npc_wealthy_template" />
      <EquipmentSet id="cla_rome_npc_wealthy_template" civilian="true" />
    </Equipments>
  </NPCCharacter>
  <NPCCharacter id="cla_spc_notable_rome_2b" name="{=!}Empire merchant 6, cautious" voice="softspoken" is_template="true" default_group="Infantry" is_hero="false" culture="Culture.empire" occupation="Merchant">
    <face>
      <face_key_template value="BodyProperty.cla_rome_villager" />
    </face>
    <Traits>
      <Trait id="RomanHair" value="1" />
      <Trait id="Commander" value="2" />
      <Trait id="Valor" value="-1" />
      <Trait id="Calculating" value="1" />
    </Traits>
    <Equipments>
      <EquipmentSet id="cla_rome_npc_wealthy_template" />
      <EquipmentSet id="cla_rome_npc_wealthy_template" civilian="true" />
    </Equipments>
  </NPCCharacter>
  <!-- Can be acater -->
  <NPCCharacter id="cla_spc_notable_rome_3" name="{=!}Empire merchant 7, selfmade" voice="ironic" is_template="true" default_group="Infantry" is_hero="false" culture="Culture.empire" occupation="Merchant">
    <face>
      <face_key_template value="BodyProperty.cla_rome_villager" />
    </face>
    <Traits>
      <Trait id="RomanHair" value="1" />
      <Trait id="Calculating" value="1" />
    </Traits>
    <Equipments>
      <EquipmentSet id="cla_rome_npc_wealthy_template" />
      <EquipmentSet id="cla_rome_npc_wealthy_template" civilian="true" />
    </Equipments>
  </NPCCharacter>
  <NPCCharacter id="cla_spc_notable_rome_3b" name="{=!}Empire merchant 8, jocular" voice="ironic" is_template="true" default_group="Infantry" is_hero="false" culture="Culture.empire" occupation="Merchant">
    <face>
      <face_key_template value="BodyProperty.cla_rome_villager" />
    </face>
    <Traits>
      <Trait id="RomanHair" value="1" />
      <Trait id="Commander" value="2" />
      <Trait id="Calculating" value="1" />
    </Traits>
    <Equipments>
      <EquipmentSet id="cla_rome_npc_wealthy_template" />
      <EquipmentSet id="cla_rome_npc_wealthy_template" civilian="true" />
    </Equipments>
  </NPCCharacter>
  <NPCCharacter id="cla_spc_notable_rome_4" name="{=!}Empire merchant 9, heiress" voice="curt" is_template="true" is_female="true" default_group="Infantry" is_hero="false" culture="Culture.empire" occupation="Merchant">
    <face>
      <face_key_template value="BodyProperty.cla_rome_townswoman" />
    </face>
    <Traits>
      <Trait id="RomanHair" value="1" />
      <Trait id="Valor" value="-1" />
      <Trait id="Calculating" value="1" />
    </Traits>
    <Equipments>
      <EquipmentSet id="cla_rome_npc_wealthy_template" />
      <EquipmentSet id="cla_rome_npc_wealthy_template" civilian="true" />
    </Equipments>
  </NPCCharacter>
  <NPCCharacter id="cla_spc_notable_rome_4b" name="{=!}Empire merchant 10, devious" voice="ironic" is_template="true" is_female="true" default_group="Infantry" is_hero="false" culture="Culture.empire" occupation="Merchant">
    <face>
      <face_key_template value="BodyProperty.cla_rome_townswoman" />
    </face>
    <Traits>
      <Trait id="RomanHair" value="1" />
      <Trait id="Commander" value="2" />
      <Trait id="Manager" value="5" />
      <Trait id="Honor" value="-1" />
      <Trait id="Calculating" value="1" />
    </Traits>
    <Equipments>
      <EquipmentSet id="cla_rome_npc_wealthy_template" />
      <EquipmentSet id="cla_rome_npc_wealthy_template" civilian="true" />
    </Equipments>
  </NPCCharacter>
  <NPCCharacter id="cla_spc_notable_rome_5" name="{=!}Messianic imperial preacher" voice="earnest" is_template="true" default_group="Infantry" is_hero="false" culture="Culture.empire" occupation="Preacher">
    <face>
      <face_key_template value="BodyProperty.cla_rome_villager" />
    </face>
    <!--<Hero id="spc_notable_empire_5" faction="Kingdom.empire" />-->
    <Traits>
      <Trait id="RomanHair" value="1" />
      <Trait id="Honor" value="1" />
      <Trait id="Generosity" value="1" />
    </Traits>
    <Equipments>
      <EquipmentSet id="cla_rome_npc_wealthy_template" />
      <EquipmentSet id="cla_rome_npc_wealthy_template" civilian="true" />
    </Equipments>
  </NPCCharacter>
  <NPCCharacter id="cla_spc_notable_rome_6" name="{=!}Puritan imperial preacher" voice="curt" is_template="true" default_group="Infantry" is_hero="false" culture="Culture.empire" occupation="Preacher">
    <face>
      <face_key_template value="BodyProperty.cla_rome_villager" />
    </face>
    <!--<Hero id="spc_notable_empire_6" faction="Kingdom.empire" />-->
    <skills></skills>
    <Traits>
      <Trait id="RomanHair" value="1" />
      <Trait id="Honor" value="1" />
      <Trait id="Generosity" value="-1" />
    </Traits>
    <Equipments>
      <EquipmentSet id="cla_rome_npc_wealthy_template" />
      <EquipmentSet id="cla_rome_npc_wealthy_template" civilian="true" />
    </Equipments>
  </NPCCharacter>
  <NPCCharacter id="cla_spc_notable_rome_7" name="{=!}Female imperial mystic" voice="earnest" is_template="true" default_group="Infantry" is_female="true" culture="Culture.empire" occupation="Preacher">
    <face>
      <face_key_template value="BodyProperty.cla_rome_townswoman" />
    </face>
    <Traits>
      <Trait id="RomanHair" value="1" />
      <Trait id="Mercy" value="1" />
      <Trait id="Generosity" value="0" />
    </Traits>
    <Equipments>
      <EquipmentSet id="cla_rome_npc_wealthy_template" />
      <EquipmentSet id="cla_rome_npc_wealthy_template" civilian="true" />
    </Equipments>
  </NPCCharacter>
  <NPCCharacter id="cla_spc_notable_rome_8" name="{=!}Imperial gruff labor leader" voice="curt" is_template="true" default_group="Infantry" is_female="false" culture="Culture.empire" occupation="Artisan">
    <face>
      <face_key_template value="BodyProperty.cla_rome_villager" />
    </face>
    <Traits>
      <Trait id="RomanHair" value="1" />
      <Trait id="Generosity" value="1" />
    </Traits>
    <Equipments>
      <EquipmentSet id="cla_rome_npc_wealthy_template" />
      <EquipmentSet id="cla_rome_npc_wealthy_template" civilian="true" />
    </Equipments>
  </NPCCharacter>
  <NPCCharacter id="cla_spc_notable_rome_9" name="{=!}Imperial outgoing labor leader" voice="earnest" is_template="true" default_group="Infantry" is_female="false" culture="Culture.empire" occupation="Artisan">
    <face>
      <face_key_template value="BodyProperty.cla_rome_legionary" />
    </face>
    <!--<Hero id="spc_notable_empire_9" faction="Kingdom.empire" />-->
    <skills></skills>
    <Traits>
      <Trait id="RomanHair" value="1" />
      <Trait id="Generosity" value="1" />
    </Traits>
    <Equipments>
      <EquipmentSet id="cla_rome_npc_wealthy_template" />
      <EquipmentSet id="cla_rome_npc_wealthy_template" civilian="true" />
    </Equipments>
  </NPCCharacter>
  <NPCCharacter id="cla_spc_notable_rome_10" name="{=!}Ironic imperial gang leader" voice="ironic" is_template="true" default_group="Infantry" is_hero="false" culture="Culture.empire" occupation="GangLeader">
    <face>
      <face_key_template value="BodyProperty.cla_rome_legionary" />
    </face>
    <!--<Hero id="spc_notable_empire_10" faction="Kingdom.empire" />-->
    <skills></skills>
    <Traits>
      <Trait id="RomanHair" value="1" />
      <Trait id="Valor" value="1" />
      <Trait id="Calculating" value="1" />
      <Trait id="Mercy" value="-1" />
    </Traits>
    <Equipments>
      <EquipmentSet id="cla_rome_npc_wealthy_template" />
      <EquipmentSet id="cla_rome_npc_wealthy_template" civilian="true" />
    </Equipments>
  </NPCCharacter>
  <NPCCharacter id="cla_spc_notable_rome_11" name="{=!}Intimidating male imperial gang leader" voice="curt" is_template="true" default_group="Infantry" is_hero="false" culture="Culture.empire" occupation="GangLeader">
    <face>
      <face_key_template value="BodyProperty.cla_rome_legionary" />
    </face>
    <!--<Hero id="spc_notable_empire_11" faction="Kingdom.empire" />-->
    <skills></skills>
    <Traits>
      <Trait id="RomanHair" value="1" />
      <Trait id="Valor" value="1" />
      <Trait id="Generosity" value="-1" />
      <Trait id="Mercy" value="-1" />
    </Traits>
    <Equipments>
      <EquipmentSet id="cla_rome_npc_wealthy_template" />
      <EquipmentSet id="cla_rome_npc_wealthy_template" civilian="true" />
    </Equipments>
  </NPCCharacter>
  <NPCCharacter id="cla_spc_notable_rome_gl1" name="{=!}Protective imperial male gang leader" voice="softspoken" is_template="true" default_group="Infantry" is_hero="false" culture="Culture.empire" occupation="GangLeader">
    <face>
      <face_key_template value="BodyProperty.cla_rome_legionary" />
    </face>
    <!--<Hero id="spc_notable_empire_10" faction="Kingdom.empire" />-->
    <skills></skills>
    <Traits>
      <Trait id="RomanHair" value="1" />
      <Trait id="Valor" value="1" />
      <Trait id="Generosity" value="1" />
      <Trait id="Honor" value="-1" />
    </Traits>
    <Equipments>
      <EquipmentSet id="cla_rome_npc_wealthy_template" />
      <EquipmentSet id="cla_rome_npc_wealthy_template" civilian="true" />
    </Equipments>
  </NPCCharacter>
  <NPCCharacter id="cla_spc_notable_rome_gl4" name="{=!}Bestial male imperial gang leader" voice="curt" is_template="true" default_group="Infantry" is_hero="false" culture="Culture.empire" occupation="GangLeader">
    <face>
      <face_key_template value="BodyProperty.cla_rome_legionary" />
    </face>
    <!--<Hero id="spc_notable_empire_11" faction="Kingdom.empire" />-->
    <skills></skills>
    <Traits>
      <Trait id="RomanHair" value="1" />
      <Trait id="Honor" value="-1" />
      <Trait id="Mercy" value="-1" />
      <Trait id="Calculating" value="-1" />
    </Traits>
    <Equipments>
      <EquipmentSet id="cla_rome_npc_wealthy_template" />
      <EquipmentSet id="cla_rome_npc_wealthy_template" civilian="true" />
    </Equipments>
  </NPCCharacter>
  <NPCCharacter id="cla_spc_notable_rome_12" name="{=!}Female imperial gang leader" voice="ironic" is_template="true" is_female="true" culture="Culture.empire" occupation="GangLeader" default_group="Infantry">
    <face>
      <face_key_template value="BodyProperty.cla_rome_townswoman" />
    </face>
    <!--<Hero id="spc_notable_empire_12" faction="Kingdom.empire" />-->
    <Traits>
      <Trait id="RomanHair" value="1" />
      <Trait id="Valor" value="1" />
      <Trait id="Honor" value="-1" />
    </Traits>
    <Equipments>
      <EquipmentSet id="cla_rome_npc_wealthy_template" />
      <EquipmentSet id="cla_rome_npc_wealthy_template" civilian="true" />
    </Equipments>
  </NPCCharacter>
  <NPCCharacter id="cla_spc_notable_rome_13" name="{=!}Menacing female imperial gang leader" voice="softspoken" is_template="true" is_female="true" culture="Culture.empire" occupation="GangLeader" default_group="Infantry">
    <face>
      <face_key_template value="BodyProperty.cla_rome_townswoman" />
    </face>
    <!--<Hero id="spc_notable_empire_13" faction="Kingdom.empire" />-->
    <Traits>
      <Trait id="RomanHair" value="1" />
      <Trait id="Calculating" value="1" />
      <Trait id="Generosity" value="-1" />
      <Trait id="Mercy" value="-1" />
    </Traits>
    <Equipments>
      <EquipmentSet id="cla_rome_npc_wealthy_template" />
      <EquipmentSet id="cla_rome_npc_wealthy_template" civilian="true" />
    </Equipments>
  </NPCCharacter>
  <NPCCharacter id="cla_spc_notable_rome_21" name="{=!}Empire gruff rural notable" voice="curt" is_template="true" default_group="Infantry" culture="Culture.empire" occupation="RuralNotable">
    <face>
      <face_key_template value="BodyProperty.cla_rome_villager" />
    </face>
    <Traits>
      <Trait id="RomanHair" value="1" />
      <Trait id="Calculating" value="1" />
    </Traits>
    <Equipments>
      <EquipmentSet id="cla_rome_npc_wealthy_template" />
      <EquipmentSet id="cla_rome_npc_wealthy_template" civilian="true" />
    </Equipments>
  </NPCCharacter>
  <NPCCharacter id="cla_spc_notable_rome_22" name="{=!}Empire rural notable agreeable" voice="softspoken" is_template="true" default_group="Infantry" culture="Culture.empire" occupation="RuralNotable">
    <face>
      <face_key_template value="BodyProperty.cla_rome_townswoman" />
    </face>
    <Traits>
      <Trait id="RomanHair" value="1" />
      <Trait id="Honor" value="1" />
    </Traits>
    <Equipments>
      <EquipmentSet id="cla_rome_npc_wealthy_template" />
      <EquipmentSet id="cla_rome_npc_wealthy_template" civilian="true" />
    </Equipments>
  </NPCCharacter>
  <NPCCharacter id="cla_spc_rome_headman_1" name="{=!}empire rebellious headman" voice="earnest" is_template="true" default_group="Infantry" is_hero="false" culture="Culture.empire" occupation="Headman">
    <face>
      <face_key_template value="BodyProperty.cla_rome_legionary" />
    </face>
    <!--<Hero id="spc_notable_empire_4" faction="Kingdom.empire" />-->
    <skills></skills>
    <Traits>
      <Trait id="RomanHair" value="1" />
      <Trait id="Valor" value="1" />
      <Trait id="Calculating" value="-1" />
    </Traits>
    <Equipments>
      <EquipmentSet id="cla_rome_npc_wealthy_template" />
      <EquipmentSet id="cla_rome_npc_wealthy_template" civilian="true" />
    </Equipments>
  </NPCCharacter>
  <NPCCharacter id="cla_spc_rome_headman_2" name="{=!}empire conservative headman" voice="curt" is_template="true" default_group="Infantry" is_hero="false" culture="Culture.empire" occupation="Headman">
    <face>
      <face_key_template value="BodyProperty.cla_rome_villager" />
    </face>
    <!--<Hero id="spc_notable_empire_4" faction="Kingdom.empire" />-->
    <skills></skills>
    <Traits>
      <Trait id="RomanHair" value="1" />
      <Trait id="Valor" value="-1" />
      <Trait id="Generosity" value="1" />
    </Traits>
    <Equipments>
      <EquipmentSet id="cla_rome_npc_wealthy_template" />
      <EquipmentSet id="cla_rome_npc_wealthy_template" civilian="true" />
    </Equipments>
  </NPCCharacter>
  <NPCCharacter id="cla_spc_rome_headman_3" name="{=!}empire devious headman" voice="ironic" is_template="true" default_group="Infantry" is_hero="false" culture="Culture.empire" occupation="Headman">
    <face>
      <face_key_template value="BodyProperty.cla_rome_villager" />
    </face>
    <!--<Hero id="spc_notable_empire_4" faction="Kingdom.empire" />-->
    <skills></skills>
    <Traits>
      <Trait id="RomanHair" value="1" />
      <Trait id="Calculating" value="1" />
      <Trait id="Honor" value="-1" />
    </Traits>
    <Equipments>
      <EquipmentSet id="cla_rome_npc_wealthy_template" />
      <EquipmentSet id="cla_rome_npc_wealthy_template" civilian="true" />
    </Equipments>
  </NPCCharacter>


<!-- Townsman templates? Not sure what these are -->
<!--Townsman -->
  <NPCCharacter id="cla_child_template_rome_townsman_male" name="{=!}Imperial Child Townsman Male" age="6" is_child_template="true" is_female="false" default_group="Infantry" is_hero="false" occupation="Townsfolk" culture="Culture.empire">
    <face>
      <face_key_template value="BodyProperty.cla_rome_villager" />
    </face>
    <Equipments>
      <EquipmentSet id="cla_rome_npc_poor_template" />
      <EquipmentSet id="cla_rome_npc_poor_template" civilian="true" />
    </Equipments>
  </NPCCharacter>

  <NPCCharacter id="cla_child_template_rome_townsman_female" name="{=!}Imperial Child Townsman Female" age="6" is_child_template="true" is_female="true" default_group="Infantry" is_hero="false" occupation="Townsfolk" culture="Culture.empire">
    <face>
      <face_key_template value="BodyProperty.cla_rome_townswoman" />
    </face>
    <Equipments>
      <EquipmentSet id="cla_rome_npc_poor_female_template" />
      <EquipmentSet id="cla_rome_npc_poor_female_template" civilian="true" />
    </Equipments>
  </NPCCharacter>

  <NPCCharacter id="cla_teenager_template_rome_townsman_female" name="{=!}Imperial Teenager Townsman Female" age="14" is_child_template="true" is_female="true" default_group="Infantry" is_hero="false" occupation="Townsfolk" culture="Culture.empire">
    <face>
      <face_key_template value="BodyProperty.cla_rome_townswoman" />
    </face>
    <Equipments>
      <EquipmentSet id="cla_rome_npc_poor_female_template" />
      <EquipmentSet id="cla_rome_npc_poor_female_template" civilian="true" />
    </Equipments>
  </NPCCharacter>

  <NPCCharacter id="cla_teenager_template_rome_townsman_male" name="{=!}Imperial Teenager Townsman Male" age="14" is_child_template="true" is_female="false" default_group="Infantry" is_hero="false" occupation="Townsfolk" culture="Culture.empire">
    <face>
      <face_key_template value="BodyProperty.cla_rome_villager" />
    </face>
    <Equipments>
      <EquipmentSet id="cla_rome_npc_poor_template" />
      <EquipmentSet id="cla_rome_npc_poor_template" civilian="true" />
    </Equipments>
  </NPCCharacter>



  <!--Villager -->
  <NPCCharacter id="cla_child_template_rome_villager_male" name="{=!}Imperial Child Villager Male" age="6" is_child_template="true" is_female="false" default_group="Infantry" is_hero="false" occupation="Villager" culture="Culture.empire">
    <face>
      <face_key_template value="BodyProperty.cla_rome_villager" />
    </face>
    <Equipments>
      <EquipmentSet id="cla_rome_npc_poor_template" />
      <EquipmentSet id="cla_rome_npc_poor_template" civilian="true" />
    </Equipments>
  </NPCCharacter>

  <NPCCharacter id="cla_child_template_rome_villager_female" name="{=!}Imperial Child Villager Female" age="6" is_child_template="true" is_female="true" default_group="Infantry" is_hero="false" occupation="Villager" culture="Culture.empire">
    <face>
      <face_key_template value="BodyProperty.cla_rome_townswoman" />
    </face>
    <Equipments>
      <EquipmentSet id="cla_rome_npc_poor_female_template" />
      <EquipmentSet id="cla_rome_npc_poor_female_template" civilian="true" />
    </Equipments>
  </NPCCharacter>

  <NPCCharacter id="cla_teenager_template_rome_villager_male" name="{=!}Imperial Teenager Villager Male" age="14" is_child_template="true" is_female="false" default_group="Infantry" is_hero="false" occupation="Villager" culture="Culture.empire">
    <face>
      <face_key_template value="BodyProperty.cla_rome_villager" />
    </face>
    <Equipments>
      <EquipmentSet id="cla_rome_npc_poor_template" />
      <EquipmentSet id="cla_rome_npc_poor_template" civilian="true" />
    </Equipments>
  </NPCCharacter>

  <NPCCharacter id="cla_teenager_template_rome_villager_female" name="{=!}Imperial Teenager Villager Female" age="14" is_child_template="true" is_female="true" default_group="Infantry" is_hero="false" occupation="Villager" culture="Culture.empire">
    <face>
      <face_key_template value="BodyProperty.cla_rome_townswoman" />
    </face>
    <Equipments>
      <EquipmentSet id="cla_rome_npc_poor_female_template" />
      <EquipmentSet id="cla_rome_npc_poor_female_template" civilian="true" />
    </Equipments>
  </NPCCharacter>

  <!--Noble -->
  <NPCCharacter id="cla_child_template_rome_noble_male" name="{=!}Imperial Child Noble Male" age="6" is_child_template="true" is_female="false" default_group="Infantry" is_hero="false" occupation="Lord" culture="Culture.empire">
    <face>
      <face_key_template value="BodyProperty.cla_rome_villager" />
    </face>
    <Equipments>
      <EquipmentSet id="cla_rome_npc_wealthy_template" />
      <EquipmentSet id="cla_rome_npc_wealthy_template" civilian="true" />
    </Equipments>
  </NPCCharacter>
  <NPCCharacter id="cla_child_template_rome_noble_female" name="{=!}Imperial Child Noble Female" is_child_template="true" age="6" is_female="true" default_group="Infantry" is_hero="false" occupation="Lord" culture="Culture.empire">
    <face>
      <face_key_template value="BodyProperty.cla_rome_townswoman" />
    </face>
    <Equipments>
      <EquipmentSet id="cla_rome_npc_wealthy_female_template" />
      <EquipmentSet id="cla_rome_npc_wealthy_female_template" civilian="true" />
    </Equipments>
  </NPCCharacter>
  <NPCCharacter id="cla_teenager_template_rome_noble_male" name="{=!}Imperial Teenager Noble Male" is_child_template="true" age="14" is_female="true" default_group="Infantry" is_hero="false" occupation="Lord" culture="Culture.empire">
    <face>
      <face_key_template value="BodyProperty.cla_rome_villager" />
    </face>
    <Equipments>
      <EquipmentSet id="cla_rome_npc_wealthy_template" />
      <EquipmentSet id="cla_rome_npc_wealthy_template" civilian="true" />
    </Equipments>
  </NPCCharacter>
  <NPCCharacter id="cla_teenager_template_rome_noble_female" name="{=!}Imperial Teenager Noble Female" is_child_template="true" age="14" is_female="false" default_group="Infantry" is_hero="false" occupation="Lord" culture="Culture.empire">
    <face>
      <face_key_template value="BodyProperty.cla_rome_townswoman" />
    </face>
    <Equipments>
      <EquipmentSet id="cla_rome_npc_wealthy_female_template" />
      <EquipmentSet id="cla_rome_npc_wealthy_female_template" civilian="true" />
    </Equipments>
  </NPCCharacter>

</NPCCharacters>