<?xml version="1.0" encoding="utf-8"?>
<NPCCharacters>
<!-- Wanderers -->
  <!-- Talkative philosopher of medicine. Chatty monk -->
  <NPCCharacter id="cla_spc_wanderer_dacia_0" name="{=XuxARPTM}{FIRSTNAME} Bitterdraught" voice="earnest" age="31" default_group="Infantry" is_template="true" is_hero="false" culture="Culture.vlandia" occupation="Wanderer">
    <face>
      <face_key_template value="BodyProperty.cla_fighter_dacia" />
    </face>
    <!--<Hero id="spc_wanderer_vlandia_0" faction="Kingdom.vlandia" />-->
    <Traits>
      <!--<Trait id="IsTemplate" value="1" />-->
      <Trait id="PeltastFightingSkills" value="2" />
      <Trait id="Politician" value="4" />
      <Trait id="Manager" value="2" />
      <Trait id="Surgeon" value="3" />
      <Trait id="Mercy" value="1" />
      <Trait id="Generosity" value="-1" />
    </Traits>
    <Equipments>
      <EquipmentSet id="cla_npc_wanderer_equipment_dacia_template" civilian="true" />
      <EquipmentSet id="cla_npc_wanderer_equipment_dacia_template" />
    </Equipments>
  </NPCCharacter>
  <!-- boorish noble -->
  <NPCCharacter id="cla_spc_wanderer_dacia_1" name="{=ntkipfCV}{FIRSTNAME} the Loud" voice="earnest" age="25" default_group="Infantry" is_template="true" is_hero="false" culture="Culture.vlandia" occupation="Wanderer">
    <face>
      <face_key_template value="BodyProperty.cla_fighter_dacia" />
    </face>
    <!--<Hero id="spc_wanderer_vlandia_1" faction="Kingdom.vlandia" />-->
    <Traits>
      <!--<Trait id="IsTemplate" value="1" />-->
      <Trait id="KnightFightingSkills" value="4" />
      <Trait id="Commander" value="2" />
      <Trait id="Valor" value="1" />
      <Trait id="Generosity" value="-1" />
      <Trait id="Calculating" value="-1" />
    </Traits>
    <Equipments>
      <EquipmentSet id="cla_npc_wanderer_equipment_dacia_template" civilian="true" />
      <EquipmentSet id="cla_npc_wanderer_equipment_dacia_template" />
    </Equipments>
  </NPCCharacter>
  <!-- bastard who went away to avoid complications for his family -->
  <NPCCharacter id="cla_spc_wanderer_dacia_2" name="{=7lg12a57}{FIRSTNAME} the Brave" voice="earnest" age="21" default_group="Infantry" is_template="true" is_hero="false" culture="Culture.vlandia" occupation="Wanderer">
    <face>
      <face_key_template value="BodyProperty.cla_fighter_dacia" />
    </face>
    <!--<Hero id="spc_wanderer_vlandia_2" faction="Kingdom.vlandia" />-->
    <Traits>
      <!--<Trait id="IsTemplate" value="1" />-->
      <Trait id="KnightFightingSkills" value="3" />
      <Trait id="Commander" value="3" />
      <Trait id="Valor" value="1" />
      <Trait id="Honor" value="1" />
    </Traits>
    <Equipments>
      <EquipmentSet id="cla_npc_wanderer_equipment_dacia_template" civilian="true" />
      <EquipmentSet id="cla_npc_wanderer_equipment_dacia_template" />
    </Equipments>
  </NPCCharacter>
  <!-- veteran. decent man haunted by looting of cities. hated being loyal to men who saved his lives who turn out to be killers -->
  <NPCCharacter id="cla_spc_wanderer_dacia_3" name="{=ZCc3VFat}{FIRSTNAME} the Grizzled" voice="curt" age="27" default_group="Infantry" is_template="true" is_hero="false" culture="Culture.vlandia" occupation="Wanderer">
    <face>
      <face_key_template value="BodyProperty.cla_fighter_dacia" />
    </face>
    <!--<Hero id="spc_wanderer_vlandia_3" faction="Kingdom.vlandia" />-->
    <Traits>
      <!--<Trait id="IsTemplate" value="1" />-->
      <Trait id="CrossbowmanStyle" value="4" />
      <Trait id="SergeantCommandSkills" value="3" />
      <Trait id="Honor" value="1" />
      <Trait id="Mercy" value="1" />
    </Traits>
    <Equipments>
      <EquipmentSet id="cla_npc_wanderer_equipment_dacia_template" civilian="true" />
      <EquipmentSet id="cla_npc_wanderer_equipment_dacia_template" />
    </Equipments>
  </NPCCharacter>
  <!--the shark, butcher/criminal -->
  <NPCCharacter id="cla_spc_wanderer_dacia_4" name="{=8o5SDCCJ}{FIRSTNAME} the Shark" voice="ironic" age="27" default_group="Infantry" is_template="true" is_hero="false" culture="Culture.vlandia" occupation="Wanderer">
    <face>
      <face_key_template value="BodyProperty.cla_fighter_dacia" />
    </face>
    <!--<Hero id="spc_wanderer_vlandia_4" faction="Kingdom.vlandia" />-->
    <Traits>
      <!--<Trait id="IsTemplate" value="1" />-->
      <Trait id="PeltastFightingSkills" value="4" />
      <Trait id="RogueSkills" value="3" />
      <Trait id="Honor" value="-1" />
      <Trait id="Generosity" value="-1" />
      <Trait id="Mercy" value="-1" />
    </Traits>
    <Equipments>
      <EquipmentSet id="cla_npc_wanderer_equipment_dacia_template" civilian="true" />
      <EquipmentSet id="cla_npc_wanderer_equipment_dacia_template" />
    </Equipments>
  </NPCCharacter>
  <!-- longshoreman, fled dominating guild. revenge against gang leader -->
  <NPCCharacter id="cla_spc_wanderer_dacia_5" name="{=WvwWX4me}{FIRSTNAME} Barrelchest" voice="softspoken" age="24" default_group="Infantry" is_template="true" is_hero="false" culture="Culture.vlandia" occupation="Wanderer">
    <face>
      <face_key_template value="BodyProperty.cla_fighter_dacia" />
    </face>
    <!--<Hero id="spc_wanderer_vlandia_5" faction="Kingdom.vlandia" />-->
    <Traits>
      <!--<Trait id="IsTemplate" value="1" />-->
      <Trait id="HuscarlFightingSkills" value="3" />
      <Trait id="Honor" value="1" />
      <Trait id="Generosity" value="1" />
      <!--<Trait id="GangLeaderIsNemesis" value="1" />-->
    </Traits>
    <Equipments>
      <EquipmentSet id="cla_npc_wanderer_equipment_dacia_template" civilian="true" />
      <EquipmentSet id="cla_npc_wanderer_equipment_dacia_template" />
    </Equipments>
  </NPCCharacter>
  <!-- loner - father fled to avoid feud with bailiff, then disappeared in a blizzard -->
  <NPCCharacter id="cla_spc_wanderer_dacia_6" name="{=OArAImbM}{FIRSTNAME} of the Hills" voice="curt" age="27" default_group="Infantry" is_template="true" is_hero="false" culture="Culture.vlandia" occupation="Wanderer">
    <face>
      <face_key_template value="BodyProperty.cla_fighter_dacia" />
    </face>
    <!--<Hero id="spc_wanderer_vlandia_6" faction="Kingdom.vlandia" />-->
    <Traits>
      <!--<Trait id="IsTemplate" value="1" />-->
      <Trait id="CrossbowmanStyle" value="3" />
      <Trait id="HillScoutSkills" value="6" />
      <Trait id="Mercy" value="1" />
      <Trait id="Valor" value="-1" />
    </Traits>
    <Equipments>
      <EquipmentSet id="cla_npc_wanderer_equipment_dacia_template" civilian="true" />
      <EquipmentSet id="cla_npc_wanderer_equipment_dacia_template" />
    </Equipments>
  </NPCCharacter>
  <!--female. ex brother of the woods. Like any other group of bandits. -->
  <NPCCharacter id="cla_spc_wanderer_dacia_7" name="{=c5Kjcxsa}{FIRSTNAME} the Huntress" voice="ironic" age="26" is_female="true" default_group="Infantry" is_template="true" is_hero="false" culture="Culture.vlandia" occupation="Wanderer">
    <face>
      <face_key_template value="BodyProperty.cla_dacia_townswoman" />
    </face>
    <!--<Hero id="spc_wanderer_vlandia_7" faction="Kingdom.vlandia" />-->
    <Traits>
      <!--<Trait id="IsTemplate" value="1" />-->
      <!--<Trait id="LordIsNemesis" value="1" />-->
      <Trait id="CrossbowmanStyle" value="4" />
      <Trait id="WoodsScoutSkills" value="5" />
      <Trait id="Valor" value="1" />
      <Trait id="Calculating" value="1" />
    </Traits>
    <Equipments>
      <EquipmentSet id="cla_npc_wanderer_equipment_dacia_template" civilian="true" />
      <EquipmentSet id="cla_npc_wanderer_equipment_dacia_template" />
    </Equipments>
  </NPCCharacter>
  <!-- smith, struck dead a young knight who ran a boy down with his horse -->
  <NPCCharacter id="cla_spc_wanderer_dacia_8" name="{=hrMatilh}{FIRSTNAME} the Smith" voice="softspoken" age="24" default_group="Infantry" is_template="true" is_female="false" is_hero="false" culture="Culture.vlandia" occupation="Wanderer">
    <face>
      <face_key_template value="BodyProperty.cla_dacia_townswoman" />
    </face>
    <!--<Hero id="spc_wanderer_vlandia_8" faction="Kingdom.vlandia" />-->
    <Traits>
      <!--<Trait id="IsTemplate" value="1" />-->
      <!--<Trait id="LordIsNemesis" value="1" />-->
      <Trait id="HuscarlFightingSkills" value="3" />
      <Trait id="Blacksmith" value="3" />
      <Trait id="Generosity" value="1" />
      <Trait id="Mercy" value="1" />
      <Trait id="Calculating" value="-1" />
    </Traits>
    <Equipments>
      <EquipmentSet id="cla_npc_wanderer_equipment_dacia_template" civilian="true" />
      <EquipmentSet id="cla_npc_wanderer_equipment_dacia_template" />
    </Equipments>
  </NPCCharacter>
  <!-- female bandit, left the woods because life expectancy too short -->
  <NPCCharacter id="cla_spc_wanderer_dacia_9" name="{=7apnGFz7}{FIRSTNAME} the Black" voice="ironic" age="24" default_group="Infantry" is_template="true" is_female="true" is_hero="false" culture="Culture.vlandia" occupation="Wanderer">
    <face>
      <face_key_template value="BodyProperty.cla_dacia_townswoman" />
    </face>
    <!--<Hero id="spc_wanderer_vlandia_9" faction="Kingdom.vlandia" />-->
    <Traits>
      <!--<Trait id="IsTemplate" value="1" />-->
      <Trait id="ArcherFIghtingSkills" value="4" />
      <Trait id="RogueSkills" value="6" />
      <Trait id="WoodsScoutSkills" value="4" />
      <Trait id="Valor" value="1" />
      <Trait id="Generosity" value="1" />
      <Trait id="Mercy" value="-1" />
    </Traits>
    <Equipments>
      <EquipmentSet id="cla_npc_wanderer_equipment_dacia_template" civilian="true" />
      <EquipmentSet id="cla_npc_wanderer_equipment_dacia_template" />
    </Equipments>
  </NPCCharacter>
  <!--female engineer, father emigrant to empire, killed in riots -->
  <NPCCharacter id="cla_spc_wanderer_dacia_10" name="{=6CAbkgS4}{FIRSTNAME} the Wainwright" voice="ironic" age="26" default_group="Infantry" is_template="true" is_female="true" is_hero="false" culture="Culture.vlandia" occupation="Wanderer">
    <face>
      <face_key_template value="BodyProperty.cla_dacia_townswoman" />
    </face>
    <!--<Hero id="spc_wanderer_vlandia_10" faction="Kingdom.vlandia" />-->
    <Traits>
      <!--<Trait id="IsTemplate" value="1" />-->
      <Trait id="CavalryFightingSkills" value="2" />
      <Trait id="EngineerSkills" value="4" />
      <Trait id="Calculating" value="1" />
      <Trait id="Generosity" value="1" />
      <Trait id="Mercy" value="-1" />
    </Traits>
    <Equipments>
      <EquipmentSet id="cla_npc_wanderer_equipment_dacia_template" civilian="true" />
      <EquipmentSet id="cla_npc_wanderer_equipment_dacia_template" />
    </Equipments>
  </NPCCharacter>
  <!--free company -->
  <NPCCharacter id="cla_spc_wanderer_dacia_11" name="{=nDtjEazo}{FIRSTNAME} Deadeye" voice="earnest" default_group="Infantry" is_hero="false" culture="Culture.vlandia" occupation="Wanderer">
    <face>
      <face_key_template value="BodyProperty.cla_fighter_dacia" />
    </face>
    <!--<Hero id="spc_wanderer_vlandia_11" faction="Faction.company_of_the_boar" clan="Clan.company_of_the_boar" />-->
    <Traits>
      <!--<Trait id="IsTemplate" value="1" />-->
      <!--<Trait id="SpawnAsPrisoner" value="1" />-->
      <Trait id="CrossbowmanStyle" value="6" />
      <Trait id="SergeantCommandSkills" value="4" />
      <Trait id="Honor" value="-1" />
      <Trait id="Calculating" value="1" />
    </Traits>
    <Equipments>
      <EquipmentSet id="cla_npc_wanderer_equipment_dacia_template" civilian="true" />
      <EquipmentSet id="cla_npc_wanderer_equipment_dacia_template" />
    </Equipments>
  </NPCCharacter>
  <NPCCharacter id="cla_spc_wanderer_dacia_12" name="{=QGcgQDqK}{FIRSTNAME} the Tracker" voice="softspoken" default_group="Infantry" is_hero="false" culture="Culture.vlandia" occupation="Wanderer">
    <face>
      <face_key_template value="BodyProperty.cla_fighter_dacia" />
    </face>
    <!--<Hero id="spc_wanderer_vlandia_12" faction="Faction.brotherhood_of_woods" clan="Clan.brotherhood_of_woods"/>-->
    <Traits>
      <!--<Trait id="IsTemplate" value="1" />-->
      <!--<Trait id="SpawnAsPrisoner" value="1" />-->
      <Trait id="BalancedFightingSkills" value="5" />
      <Trait id="WoodsScoutSkills" value="5" />
      <Trait id="Mercy" value="1" />
    </Traits>
    <Equipments>
      <EquipmentSet id="cla_npc_wanderer_equipment_dacia_template" civilian="true" />
      <EquipmentSet id="cla_npc_wanderer_equipment_dacia_template" />
    </Equipments>
  </NPCCharacter>

<!-- Urban Characters -->
  <!-- URBAN CHARACTERS OF VLANDIA -->
  <NPCCharacter id="cla_spc_notable_dacia_merch1" name="{=!}Ironic vlandia merchant" voice="ironic" is_template="true" default_group="Infantry" is_hero="false" culture="Culture.vlandia" occupation="Merchant">
    <face>
      <face_key_template value="BodyProperty.cla_dacia_villager" />
    </face>
    <Traits>
      <Trait id="Valor" value="-1" />
      <Trait id="Calculating" value="1" />
    </Traits>
    <Equipments>
      <EquipmentSet id="cla_dacia_male_wealthy_template" />
      <EquipmentSet id="cla_dacia_male_wealthy_template" civilian="true" />
    </Equipments>
  </NPCCharacter>
  <NPCCharacter id="cla_spc_notable_dacia_merch2" name="{=!}curt Vlandia merchant" voice="curt" is_template="true" default_group="Infantry" is_hero="false" culture="Culture.vlandia" occupation="Merchant">
    <face>
      <face_key_template value="BodyProperty.cla_dacia_villager" />
    </face>
    <Traits>
      <Trait id="Commander" value="1" />
      <Trait id="Valor" value="-1" />
      <Trait id="Generosity" value="-1" />
      <Trait id="Calculating" value="1" />
    </Traits>
    <Equipments>
      <EquipmentSet id="cla_dacia_male_wealthy_template" />
      <EquipmentSet id="cla_dacia_male_wealthy_template" civilian="true" />
    </Equipments>
  </NPCCharacter>
  <NPCCharacter id="cla_spc_notable_dacia_merch3" name="{=!}Daring Vlandia merchant" voice="earnest" is_template="true" default_group="Infantry" is_hero="false" culture="Culture.vlandia" occupation="Merchant">
    <face>
      <face_key_template value="BodyProperty.cla_dacia_villager" />
    </face>
    <Traits>
      <Trait id="Commander" value="1" />
      <Trait id="Valor" value="1" />
      <Trait id="Calculating" value="1" />
    </Traits>
    <Equipments>
      <EquipmentSet id="cla_dacia_male_wealthy_template" />
      <EquipmentSet id="cla_dacia_male_wealthy_template" civilian="true" />
    </Equipments>
  </NPCCharacter>
  <NPCCharacter id="cla_spc_notable_dacia_merch4" name="{=!}Softspoken vlandia merchant" voice="softspoken" is_template="true" default_group="Infantry" is_hero="false" culture="Culture.vlandia" occupation="Merchant">
    <face>
      <face_key_template value="BodyProperty.cla_dacia_villager" />
    </face>
    <!--<Hero id="spc_notable_vlandia_merch4" faction="Kingdom.vlandia" />-->
    <skills></skills>
    <Traits>
      <!-- Add skill groups -->
      <Trait id="Commander" value="1" />
      <Trait id="Valor" value="-1" />
      <Trait id="Calculating" value="1" />
    </Traits>
    <Equipments>
      <EquipmentSet id="cla_dacia_male_wealthy_template" />
      <EquipmentSet id="cla_dacia_male_wealthy_template" civilian="true" />
    </Equipments>
  </NPCCharacter>
  <NPCCharacter id="cla_spc_notable_dacia_merch5" name="{=!}{FIRSTNAME} the Manciple" voice="softspoken" is_template="true" default_group="Infantry" is_hero="false" culture="Culture.vlandia" occupation="Merchant">
    <face>
      <face_key_template value="BodyProperty.cla_dacia_villager" />
    </face>
    <!--<Hero id="spc_notable_vlandia_merch5" faction="Kingdom.vlandia" />-->
    <skills></skills>
    <Traits>
      <!-- Add skill groups -->
      <Trait id="Commander" value="1" />
      <Trait id="Valor" value="-1" />
      <Trait id="Calculating" value="1" />
    </Traits>
    <Equipments>
      <EquipmentSet id="cla_dacia_male_wealthy_template" />
      <EquipmentSet id="cla_dacia_male_wealthy_template" civilian="true" />
    </Equipments>
  </NPCCharacter>
  <NPCCharacter id="cla_spc_notable_dacia_1" name="{=!}{FIRSTNAME} the Warehouser" voice="ironic" is_template="true" is_female="true" default_group="Infantry" is_hero="false" culture="Culture.vlandia" occupation="Merchant">
    <face>
      <face_key_template value="BodyProperty.cla_dacia_townswoman" />
    </face>
    <!--<Hero id="spc_notable_vlandia_1" faction="Kingdom.vlandia" />-->
    <skills></skills>
    <Traits>
      <!-- Add skill groups -->
      <Trait id="Valor" value="-1" />
      <Trait id="Calculating" value="1" />
    </Traits>
    <Equipments>
      <EquipmentSet id="cla_dacia_male_wealthy_template" />
      <EquipmentSet id="cla_dacia_male_wealthy_template" civilian="true" />
    </Equipments>
  </NPCCharacter>
  <NPCCharacter id="cla_spc_notable_dacia_1b" name="{=!}{FIRSTNAME} the Heiress" voice="ironic" is_template="true" is_female="true" default_group="Infantry" is_hero="false" culture="Culture.vlandia" occupation="Merchant">
    <face>
      <face_key_template value="BodyProperty.cla_dacia_townswoman" />
    </face>
    <!--<Hero id="spc_notable_vlandia_1b" faction="Kingdom.vlandia" />-->
    <skills></skills>
    <Traits>
      <!-- Add skill groups -->
      <Trait id="Commander" value="1" />
      <Trait id="Valor" value="-1" />
      <Trait id="Calculating" value="1" />
    </Traits>
    <Equipments>
      <EquipmentSet id="cla_dacia_male_wealthy_template" />
      <EquipmentSet id="cla_dacia_male_wealthy_template" civilian="true" />
    </Equipments>
  </NPCCharacter>
  <NPCCharacter id="cla_spc_notable_dacia_2" name="{=!}Puritan male preacher" voice="earnest" is_template="true" default_group="Infantry" is_hero="false" culture="Culture.vlandia" occupation="Preacher">
    <face>
      <face_key_template value="BodyProperty.cla_dacia_villager" />
    </face>
    <!--<Hero id="spc_notable_vlandia_2" faction="Kingdom.vlandia" />-->
    <skills></skills>
    <Traits>
      <!-- Add skill groups -->
      <Trait id="Generosity" value="-1" />
      <Trait id="Honor" value="1" />
    </Traits>
    <Equipments>
      <EquipmentSet id="cla_dacia_male_wealthy_template" />
      <EquipmentSet id="cla_dacia_male_wealthy_template" civilian="true" />
    </Equipments>
  </NPCCharacter>
  <NPCCharacter id="cla_spc_notable_dacia_3" name="{=!}Rebellious female preacher" voice="earnest" is_template="true" default_group="Infantry" is_female="true" culture="Culture.vlandia" occupation="Preacher">
    <face>
      <face_key_template value="BodyProperty.cla_dacia_townswoman" />
    </face>
    <!--<Hero id="spc_notable_vlandia_3" faction="Kingdom.vlandia" />-->
    <skills></skills>
    <Traits>
      <!-- Add skill groups -->
      <Trait id="Generosity" value="1" />
      <Trait id="Honor" value="1" />
    </Traits>
    <Equipments>
      <EquipmentSet id="cla_dacia_male_wealthy_template" />
      <EquipmentSet id="cla_dacia_male_wealthy_template" civilian="true" />
    </Equipments>
  </NPCCharacter>
  <!-- Vlandian gang leaders-->
  <NPCCharacter id="cla_spc_dacia_gangleader_1" name="{=!}Standard male gang leader" voice="curt" is_template="true" default_group="Infantry" is_hero="false" culture="Culture.vlandia" occupation="GangLeader">
    <face>
      <face_key_template value="BodyProperty.cla_fighter_dacia" />
    </face>
    <!--<Hero id="spc_notable_vlandia_4" faction="Kingdom.vlandia" />-->
    <Traits>
      <Trait id="Valor" value="1" />
      <Trait id="Mercy" value="-1" />
    </Traits>
    <Equipments>
      <EquipmentSet id="cla_dacia_male_wealthy_template" />
      <EquipmentSet id="cla_dacia_male_wealthy_template" civilian="true" />
    </Equipments>
  </NPCCharacter>
  <NPCCharacter id="cla_spc_dacia_gangleader_2" name="{=!}Female gang leader" voice="ironic" is_template="true" default_group="Infantry" is_female="true" culture="Culture.vlandia" occupation="GangLeader">
    <face>
      <face_key_template value="BodyProperty.cla_dacia_villager" />
    </face>
    <!--<Hero id="spc_notable_vlandia_gang_leader_2" faction="Kingdom.vlandia" />-->
    <Traits>
      <Trait id="Valor" value="1" />
      <Trait id="Mercy" value="-1" />
    </Traits>
    <Equipments>
      <EquipmentSet id="cla_dacia_male_wealthy_template" />
      <EquipmentSet id="cla_dacia_male_wealthy_template" civilian="true" />
    </Equipments>
  </NPCCharacter>
  <NPCCharacter id="cla_spc_dacia_gangleader_3" name="{=!}Male gang leader" voice="ironic" is_template="true" default_group="Infantry" is_female="true" culture="Culture.vlandia" occupation="GangLeader">
    <face>
      <face_key_template value="BodyProperty.cla_fighter_dacia" />
    </face>
    <!--<Hero id="spc_notable_vlandia_gang_leader_2" faction="Kingdom.vlandia" />-->
    <Traits>
      <Trait id="Valor" value="1" />
      <Trait id="Calculating" value="1" />
      <Trait id="Mercy" value="-1" />
      <Trait id="Honor" value="-1" />
    </Traits>
    <Equipments>
      <EquipmentSet id="cla_npc_wanderer_equipment_dacia_template" civilian="true" />
      <EquipmentSet id="cla_npc_wanderer_equipment_dacia_template" />
    </Equipments>
  </NPCCharacter>
  <NPCCharacter id="cla_spc_notable_dacia_artisan_1" name="{=!}Vlandian artisan 1" voice="earnest" is_template="true" default_group="Infantry" culture="Culture.vlandia" occupation="Artisan">
    <face>
      <face_key_template value="BodyProperty.cla_dacia_villager" />
    </face>
    <!--<Hero id="spc_notable_vlandia_artisan_1" faction="Kingdom.vlandia" />-->
    <Traits>
      <Trait id="Generosity" value="1" />
    </Traits>
    <Equipments>
      <EquipmentSet id="cla_dacia_male_wealthy_template" />
      <EquipmentSet id="cla_dacia_male_wealthy_template" civilian="true" />
    </Equipments>
  </NPCCharacter>
  <NPCCharacter id="cla_spc_notable_dacia_artisan_2" name="{=!}Vlandian artisan 2" voice="curt" is_template="true" default_group="Infantry" culture="Culture.vlandia" occupation="Artisan">
    <face>
      <face_key_template value="BodyProperty.cla_dacia_villager" />
    </face>
    <!--<Hero id="spc_notable_vlandia_artisan_2" faction="Kingdom.vlandia" />-->
    <Traits>
      <Trait id="Calculating" value="1" />
    </Traits>
    <Equipments>
      <EquipmentSet id="cla_dacia_male_wealthy_template" />
      <EquipmentSet id="cla_dacia_male_wealthy_template" civilian="true" />
    </Equipments>
  </NPCCharacter>
  <NPCCharacter id="cla_spc_notable_dacia_rural_1" name="{=!}Vlandian yeoman" voice="curt" is_template="true" default_group="Infantry" culture="Culture.vlandia" occupation="RuralNotable">
    <face>
      <face_key_template value="BodyProperty.cla_dacia_villager" />
    </face>
    <!--<Hero id="spc_notable_vlandia_rural_2" faction="Kingdom.vlandia" />-->
    <Traits>
      <Trait id="Generosity" value="1" />
    </Traits>
    <Equipments>
      <EquipmentSet id="cla_dacia_male_wealthy_template" />
      <EquipmentSet id="cla_dacia_male_wealthy_template" civilian="true" />
    </Equipments>
  </NPCCharacter>
  <NPCCharacter id="cla_spc_notable_dacia_rural_2" name="{=!}Vlandian yeoman" voice="softspoken" is_template="true" default_group="Infantry" culture="Culture.vlandia" occupation="RuralNotable">
    <face>
      <face_key_template value="BodyProperty.cla_dacia_villager" />
    </face>
    <!--<Hero id="spc_notable_vlandia_rural_2" faction="Kingdom.vlandia" />-->
    <Traits>
      <Trait id="Calculating" value="1" />
      <Trait id="Generosity" value="1" />
    </Traits>
    <Equipments>
      <EquipmentSet id="cla_dacia_male_wealthy_template" />
      <EquipmentSet id="cla_dacia_male_wealthy_template" civilian="true" />
    </Equipments>
  </NPCCharacter>
  <NPCCharacter id="cla_spc_dacia_headman_1" name="{=!}vlandia rebellious headman" voice="earnest" is_template="true" default_group="Infantry" is_hero="false" culture="Culture.vlandia" occupation="Headman">
    <face>
      <face_key_template value="BodyProperty.cla_dacia_villager" />
    </face>
    <!--<Hero id="spc_notable_vlandia_4" faction="Kingdom.vlandia" />-->
    <skills></skills>
    <Traits>
      <Trait id="Valor" value="1" />
      <Trait id="Calculating" value="-1" />
    </Traits>
    <Equipments>
      <EquipmentSet id="cla_dacia_male_wealthy_template" />
      <EquipmentSet id="cla_dacia_male_wealthy_template" civilian="true" />
    </Equipments>
  </NPCCharacter>
  <NPCCharacter id="cla_spc_dacia_headman_2" name="{=!}vlandia conservative headman" voice="curt" is_template="true" default_group="Infantry" is_hero="false" culture="Culture.vlandia" occupation="Headman">
    <face>
      <face_key_template value="BodyProperty.cla_dacia_villager" />
    </face>
    <!--<Hero id="spc_notable_vlandia_4" faction="Kingdom.vlandia" />-->
    <skills></skills>
    <Traits>
      <Trait id="Valor" value="-1" />
      <Trait id="Generosity" value="1" />
    </Traits>
    <Equipments>
      <EquipmentSet id="cla_dacia_male_wealthy_template" />
      <EquipmentSet id="cla_dacia_male_wealthy_template" civilian="true" />
    </Equipments>
  </NPCCharacter>
  <NPCCharacter id="cla_spc_dacia_headman_3" name="{=!}vlandia devious headman" voice="ironic" is_template="true" default_group="Infantry" is_hero="false" culture="Culture.vlandia" occupation="Headman">
    <face>
      <face_key_template value="BodyProperty.cla_dacia_villager" />
    </face>
    <!--<Hero id="spc_notable_vlandia_4" faction="Kingdom.vlandia" />-->
    <skills></skills>
    <Traits>
      <Trait id="Calculating" value="1" />
      <Trait id="Honor" value="-1" />
    </Traits>
    <Equipments>
      <EquipmentSet id="cla_dacia_male_wealthy_template" />
      <EquipmentSet id="cla_dacia_male_wealthy_template" civilian="true" />
    </Equipments>
  </NPCCharacter>


<!-- Townsman templates? Not sure what these are -->
<!--Townsman -->
  <NPCCharacter id="cla_child_template_dacia_townsman_male" name="{=!}vlandia Child Townsman Male" age="6" is_child_template="true" is_female="false" default_group="Infantry" is_hero="false" occupation="Townsfolk" culture="Culture.vlandia">
    <face>
      <face_key_template value="BodyProperty.cla_dacia_villager" />
    </face>
    <Equipments>
      <EquipmentSet id="cla_dacia_male_poor_template" />
      <EquipmentSet id="cla_dacia_male_poor_template" civilian="true" />
    </Equipments>
  </NPCCharacter>
  <NPCCharacter id="cla_child_template_dacia_townsman_female" name="{=!}vlandia Child Townsman Female" age="6" is_child_template="true" is_female="true" default_group="Infantry" is_hero="false" occupation="Townsfolk" culture="Culture.vlandia">
    <face>
      <face_key_template value="BodyProperty.cla_dacia_townswoman" />
    </face>
    <Equipments>
      <EquipmentSet id="cla_dacia_female_poor_template" />
      <EquipmentSet id="cla_dacia_female_poor_template" civilian="true" />
    </Equipments>
  </NPCCharacter>
  <NPCCharacter id="cla_teenager_template_dacia_townsman_male" name="{=!}vlandia Teenager Townsman Male" age="14" is_child_template="true" is_female="false" default_group="Infantry" is_hero="false" occupation="Townsfolk" culture="Culture.vlandia">
    <face>
      <face_key_template value="BodyProperty.cla_dacia_villager" />
    </face>
    <Equipments>
      <EquipmentSet id="cla_dacia_male_poor_template" />
      <EquipmentSet id="cla_dacia_male_poor_template" civilian="true" />
    </Equipments>
  </NPCCharacter>
  <NPCCharacter id="cla_teenager_template_dacia_townsman_female" name="{=!}vlandia Teenager Townsman Male" age="14" is_child_template="true" is_female="true" default_group="Infantry" is_hero="false" occupation="Townsfolk" culture="Culture.vlandia">
    <face>
      <face_key_template value="BodyProperty.cla_dacia_townswoman" />
    </face>
    <Equipments>
      <EquipmentSet id="cla_dacia_female_poor_template" />
      <EquipmentSet id="cla_dacia_female_poor_template" civilian="true" />
    </Equipments>
  </NPCCharacter>
  <!--Villager -->
  <NPCCharacter id="cla_child_template_dacoa_villager_male" name="{=!}vlandia Child Villager Male" age="6" is_child_template="true" is_female="false" default_group="Infantry" is_hero="false" occupation="Villager" culture="Culture.vlandia">
    <face>
      <face_key_template value="BodyProperty.cla_dacia_villager" />
    </face>
    <Equipments>
      <EquipmentSet id="cla_dacia_male_poor_template" />
      <EquipmentSet id="cla_dacia_male_poor_template" civilian="true" />
    </Equipments>
  </NPCCharacter>
  <NPCCharacter id="cla_child_template_dacia_villager_female" name="{=!}vlandia Child Villager Female" age="6" is_child_template="true" is_female="true" default_group="Infantry" is_hero="false" occupation="Villager" culture="Culture.vlandia">
    <face>
      <face_key_template value="BodyProperty.cla_dacia_townswoman" />
    </face>
    <Equipments>
      <EquipmentSet id="cla_dacia_female_poor_template" />
      <EquipmentSet id="cla_dacia_female_poor_template" civilian="true" />
    </Equipments>
  </NPCCharacter>
  <NPCCharacter id="cla_teenager_template_dacia_villager_male" name="{=!}vlandia Teenager Villager Male" age="14" is_child_template="true" is_female="false" default_group="Infantry" is_hero="false" occupation="Villager" culture="Culture.vlandia">
    <face>
      <face_key_template value="BodyProperty.cla_dacia_villager" />
    </face>
    <Equipments>
      <EquipmentSet id="cla_dacia_male_poor_template" />
      <EquipmentSet id="cla_dacia_male_poor_template" civilian="true" />
    </Equipments>
  </NPCCharacter>
  <NPCCharacter id="cla_teenager_template_dacia_villager_female" name="{=!}aserai Teenager Villager Female" age="14" is_child_template="true" is_female="true" default_group="Infantry" is_hero="false" occupation="Villager" culture="Culture.vlandia">
    <face>
      <face_key_template value="BodyProperty.cla_dacia_townswoman" />
    </face>
    <Equipments>
      <EquipmentSet id="cla_dacia_female_poor_template" />
      <EquipmentSet id="cla_dacia_female_poor_template" civilian="true" />
    </Equipments>
  </NPCCharacter>
  <!--Noble -->
  <NPCCharacter id="cla_child_template_dacia_noble_male" name="{=!}vlandia Child Noble Male" age="6" is_child_template="true" is_female="false" default_group="Infantry" is_hero="false" occupation="Lord" culture="Culture.vlandia">
    <face>
      <face_key_template value="BodyProperty.cla_dacia_villager" />
    </face>
    <Equipments>
      <EquipmentSet id="cla_dacia_male_wealthy_template" />
      <EquipmentSet id="cla_dacia_male_wealthy_template" civilian="true" />
    </Equipments>
  </NPCCharacter>
  <NPCCharacter id="cla_child_template_dacia_noble_female" name="{=!}vlandia Child Noble Female" age="6" is_child_template="true" is_female="true" default_group="Infantry" is_hero="false" occupation="Lord" culture="Culture.vlandia">
    <face>
      <face_key_template value="BodyProperty.cla_dacia_townswoman" />
    </face>
    <Equipments>
      <EquipmentSet id="cla_dacia_female_wealthy_template" />
      <EquipmentSet id="cla_dacia_female_wealthy_template" civilian="true" />
    </Equipments>
  </NPCCharacter>
  <NPCCharacter id="cla_teenager_template_dacia_noble_male" name="{=!}vlandia Teenager Noble Male" age="14" is_child_template="true" is_female="false" default_group="Infantry" is_hero="false" occupation="Lord" culture="Culture.vlandia">
    <face>
      <face_key_template value="BodyProperty.cla_dacia_villager" />
    </face>
    <Equipments>
      <EquipmentSet id="cla_dacia_male_wealthy_template" />
      <EquipmentSet id="cla_dacia_male_wealthy_template" civilian="true" />
    </Equipments>
  </NPCCharacter>
  <NPCCharacter id="cla_teenager_template_dacia_noble_female" name="{=!}vlandia Teenager Noble Female" age="14" is_child_template="true" is_female="true" default_group="Infantry" is_hero="false" occupation="Lord" culture="Culture.vlandia">
    <face>
      <face_key_template value="BodyProperty.cla_dacia_townswoman" />
    </face>
    <Equipments>
      <EquipmentSet id="cla_dacia_female_wealthy_template" />
      <EquipmentSet id="cla_dacia_female_wealthy_template" civilian="true" />
    </Equipments>
  </NPCCharacter>

</NPCCharacters>