<?xml version="1.0" encoding="utf-8"?>
<NPCCharacters>
<!-- Militia -->
  <NPCCharacter id="cla_rome_militia_archer"
                default_group="Ranged"
                level="11"
                name="{=cla_rome_militia_archer}Vigiles Sagitarius"
                occupation="Soldier"
                culture="Culture.empire"
                skill_template="SkillSet.cla_skills_level11">
    <face>
      <face_key_template value="BodyProperty.cla_rome_legionary" />
    </face>
    <upgrade_targets></upgrade_targets>
    <Equipments>
      <EquipmentSet id="cla_rome_militia_archer_template" />
      <EquipmentSet id="cla_rome_militia_archer_template" civilian="true" />
    </Equipments>
  </NPCCharacter>
  <NPCCharacter id="cla_rome_militia_veteran_archer"
                default_group="Ranged"
                level="16"
                name="{=cla_rome_militia_veteran_archer}Cohortes Urbanae Sagitarius"
                occupation="Soldier"
                culture="Culture.empire"
                skill_template="SkillSet.cla_skills_level16">
    <face>
      <face_key_template value="BodyProperty.cla_rome_legionary" />
    </face>
    <upgrade_targets></upgrade_targets>
    <Equipments>
      <EquipmentSet id="cla_rome_militia_veteran_archer_template" />
      <EquipmentSet id="cla_rome_militia_veteran_archer_template" civilian="true" />
    </Equipments>
  </NPCCharacter>
  <NPCCharacter id="cla_rome_militia_spearman"
                default_group="Infantry"
                level="11"
                name="{=cla_rome_militia_spearman}Vigiles Milite"
                occupation="Soldier"
                culture="Culture.empire"
                skill_template="SkillSet.cla_skills_level11">
    <face>
      <face_key_template value="BodyProperty.cla_rome_legionary" />
    </face>
    <upgrade_targets></upgrade_targets>
    <Equipments>
      <EquipmentSet id="cla_rome_militia_spearman_template" />
      <EquipmentSet id="cla_rome_militia_spearman_template" civilian="true" />
    </Equipments>
  </NPCCharacter>
  <NPCCharacter id="cla_rome_militia_veteran_spearman"
                default_group="Infantry"
                level="1"
                name="{=cla_rome_militia_veteran_spearman}Cohortes Urbanae Milite"
                occupation="Soldier"
                culture="Culture.empire"
                skill_template="SkillSet.cla_skills_level16">
    <face>
      <face_key_template value="BodyProperty.cla_rome_legionary" />
    </face>
    <upgrade_targets></upgrade_targets>
    <Equipments>
      <EquipmentSet id="cla_rome_militia_veteran_spearman_template" />
      <EquipmentSet id="cla_rome_militia_veteran_spearman_template" civilian="true" />
    </Equipments>
  </NPCCharacter>
  <NPCCharacter id="cla_rome_caravan_master"
                default_group="Infantry"
                level="26"
                name="{=cla_rome_caravan_master}Imperium Caravan Master"
                occupation="CaravanGuard"
                culture="Culture.empire"
                skill_template="SkillSet.cla_skills_level26">
    <face>
      <face_key_template value="BodyProperty.cla_rome_legionary" />
    </face>
    <upgrade_targets></upgrade_targets>
    <Equipments>
      <EquipmentSet id="cla_rome_caravan_master_template" />
      <EquipmentSet id="cla_rome_caravan_master_template" civilian="true" />
    </Equipments>
  </NPCCharacter>
  <NPCCharacter id="cla_rome_caravan_guard"
                default_group="Cavalry"
                level="16"
                name="{=cla_rome_caravan_guard}Imperium Caravan Guard"
                upgrade_requires="ItemCategory.horse"
                occupation="CaravanGuard"
                culture="Culture.empire"
                skill_template="SkillSet.cla_skills_level16">
    <face>
      <face_key_template value="BodyProperty.cla_rome_legionary" />
    </face>
    <upgrade_targets></upgrade_targets>
    <Equipments>
      <EquipmentSet id="cla_rome_caravan_guard_template" />
      <EquipmentSet id="cla_rome_caravan_guard_template" civilian="true" />
    </Equipments>
  </NPCCharacter>
  <NPCCharacter id="cla_rome_veteran_caravan_guard"
                default_group="Cavalry"
                level="21"
                name="{=cla_rome_veteran_caravan_guard}Imperium Veteran Caravan Guard"
                upgrade_requires="ItemCategory.war_horse"
                occupation="CaravanGuard"
                culture="Culture.empire"
                skill_template="SkillSet.cla_skills_level21">
    <face>
      <face_key_template value="BodyProperty.cla_rome_legionary" />
    </face>
    <upgrade_targets></upgrade_targets>
    <Equipments>
      <EquipmentSet id="cla_rome_veteran_caravan_guard_template" />
      <EquipmentSet id="cla_rome_veteran_caravan_guard_template" civilian="true" />
    </Equipments>
  </NPCCharacter>
  <NPCCharacter id="cla_rome_armed_trader"
                default_group="Ranged"
                level="16"
                name="{=cla_rome_armed_trader}Imperium Armed Trader"
                occupation="CaravanGuard"
                culture="Culture.empire"
                skill_template="SkillSet.cla_skills_level16">
    <face>
      <face_key_template value="BodyProperty.cla_rome_townsman" />
    </face>
    <upgrade_targets></upgrade_targets>
    <Equipments>
      <EquipmentSet id="cla_rome_armed_trader_template" />
      <EquipmentSet id="cla_rome_armed_trader_template" civilian="true" />
    </Equipments>
  </NPCCharacter>
<!-- NPCs-->
  <NPCCharacter id="cla_rome_tournament_master"
                default_group="Infantry"
                is_hero="false"
                occupation="ArenaMaster"
                culture="Culture.empire"
                name="{=IHKXNP9H}Tournament Master"
                skill_template="SkillSet.cla_skills_level6">
    <face>
      <face_key_template value="BodyProperty.cla_rome_villager" />
    </face>
    <Equipments>
      <EquipmentSet id="cla_rome_npc_wealthy_template" />
      <EquipmentSet id="cla_rome_npc_wealthy_template" civilian="true" />
    </Equipments>
  </NPCCharacter>
  <NPCCharacter id="cla_rome_duel_preset"
                default_group="Infantry"
                level="1"
                occupation="Townsfolk"
                culture="Culture.empire"
                name="{=cte0zSCz}Imperium Tribesman"
                skill_template="SkillSet.cla_skills_level6">
    <face>
      <BodyProperties version="4" age="37.08" weight="0.008" build="0.4325" key="000B000B40000000700000000006080003000000000000080000000008070000000667A406000000000000000000000000000000000000000000000000F00000" />
      <BodyPropertiesMax version="4" age="77.59" weight="0.5213" build="0.6" key="0010F00FC00033CFFFF88EFFFFF88FFFFFFFFFFFFFF7FFFFFFFFFFFFFFFFFFFF0870878907FFFFFF00000000000000000000000000000000000000006AF09105" />
    </face>
    <upgrade_targets></upgrade_targets>
    <Equipments>
      <EquipmentSet id="cla_rome_duel_preset_template" />
      <EquipmentSet id="cla_rome_npc_poor_template" civilian="true" />
    </Equipments>
  </NPCCharacter>
  <NPCCharacter id="cla_rome_prison_guard"
                default_group="Infantry"
                level="21"
                culture="Culture.empire"
                occupation="PrisonGuard"
                name="{=cla_rome_prison_guard}Prison Guard"
                skill_template="SkillSet.cla_skills_level21">
    <face>
      <face_key_template value="BodyProperty.cla_rome_legionary" />
    </face>
    <upgrade_targets></upgrade_targets>
    <Equipments>
      <EquipmentSet id="cla_rome_prison_guard_template" />
      <EquipmentSet id="cla_rome_prison_guard_template" civilian="true" />
    </Equipments>
  </NPCCharacter>
  <NPCCharacter id="cla_rome_guard"
                default_group="Infantry"
                level="21"
                occupation="Soldier"
                culture="Culture.empire"
                name="{=guardnoun}Guard"
                skill_template="SkillSet.cla_skills_level21"
                is_hidden_encyclopedia="true">
    <face>
      <face_key_template value="BodyProperty.cla_rome_legionary" />
    </face>
    <upgrade_targets></upgrade_targets>
    <Equipments>
      <EquipmentSet id="cla_rome_guard_template" />
      <EquipmentSet id="cla_rome_guard_template" civilian="true" />
    </Equipments>
  </NPCCharacter>
  <NPCCharacter id="cla_rome_blacksmith"
                default_group="Infantry"
                is_hero="false"
                occupation="Blacksmith"
                culture="Culture.empire"
                name="{=bNnQt4jN}Blacksmith"
                skill_template="SkillSet.cla_skills_level6">
    <face>
      <face_key_template value="BodyProperty.cla_rome_villager" />
    </face>
     <Equipments>
      <EquipmentSet id="cla_rome_npc_wealthy_template" />
      <EquipmentSet id="cla_rome_npc_wealthy_template" civilian="true" />
    </Equipments>
  </NPCCharacter>
  <NPCCharacter id="cla_rome_weaponsmith"
                default_group="Infantry"
                is_hero="false"
                occupation="Weaponsmith"
                culture="Culture.empire"
                name="{=UaN2lfwi}Weaponsmith"
                skill_template="SkillSet.cla_skills_level6">
    <face>
      <face_key_template value="BodyProperty.cla_rome_villager" />
    </face>
     <Equipments>
      <EquipmentSet id="cla_rome_npc_wealthy_template" />
      <EquipmentSet id="cla_rome_npc_wealthy_template" civilian="true" />
    </Equipments>
  </NPCCharacter>

  <NPCCharacter id="cla_rome_townswoman"
                default_group="Infantry"
                is_female="true"
                level="1"
                name="{=cla_rome_townswoman}Plebeian"
                occupation="Townsfolk"
                culture="Culture.empire"
                skill_template="SkillSet.cla_skills_level6">
    <face>
      <face_key_template value="BodyProperty.cla_rome_townswoman" />
    </face>
    <upgrade_targets />
    <Equipments>
      <EquipmentSet id="cla_rome_npc_poor_female_template" />
      <EquipmentSet id="cla_rome_npc_poor_female_template" civilian="true" />
    </Equipments>
  </NPCCharacter>
  <NPCCharacter id="cla_rome_townswoman_infant"
                name="{=cla_rome_townswoman_infant}Plebeian Infant"
                age="3"
                is_female="true"
                default_group="Infantry"
                is_hero="false"
                occupation="Townsfolk"
                culture="Culture.empire"
                skill_template="SkillSet.cla_skills_level6">
    <face>
      <face_key_template value="BodyProperty.cla_rome_townswoman" />
    </face>
     <Equipments>
      <EquipmentSet id="cla_rome_npc_poor_female_template" />
      <EquipmentSet id="cla_rome_npc_poor_female_template" civilian="true" />
    </Equipments>
  </NPCCharacter>
  <NPCCharacter id="cla_rome_townswoman_child"
                name="{=cla_rome_townswoman_child}Plebeian Child"
                age="6"
                is_female="true"
                default_group="Infantry"
                is_hero="false"
                occupation="Townsfolk"
                culture="Culture.empire"
                skill_template="SkillSet.cla_skills_level6">
    <face>
      <face_key_template value="BodyProperty.cla_rome_townswoman" />
    </face>
     <Equipments>
      <EquipmentSet id="cla_rome_npc_poor_female_template" />
      <EquipmentSet id="cla_rome_npc_poor_female_template" civilian="true" />
    </Equipments>
  </NPCCharacter>
  <NPCCharacter id="cla_rome_townswoman_teenager"
                name="{=cla_rome_townswoman_teenager}Plebeian Teenager"
                age="14"
                is_female="true"
                default_group="Infantry"
                is_hero="false"
                occupation="Townsfolk"
                culture="Culture.empire"
                skill_template="SkillSet.cla_skills_level6">
    <face>
      <face_key_template value="BodyProperty.cla_rome_townswoman" />
    </face>
     <Equipments>
      <EquipmentSet id="cla_rome_npc_poor_female_template" />
      <EquipmentSet id="cla_rome_npc_poor_female_template" civilian="true" />
    </Equipments>
  </NPCCharacter>
  <NPCCharacter id="cla_rome_village_woman"
                default_group="Infantry"
                is_female="true"
                level="1"
                name="{=cla_rome_village_woman}Plebeian"
                occupation="Villager"
                culture="Culture.empire"
                skill_template="SkillSet.cla_skills_level6">
    <face>
      <face_key_template value="BodyProperty.cla_rome_townswoman" />
    </face>
     <Equipments>
      <EquipmentSet id="cla_rome_npc_poor_female_template" />
      <EquipmentSet id="cla_rome_npc_poor_female_template" civilian="true" />
    </Equipments>
  </NPCCharacter>
  <NPCCharacter id="cla_rome_village_woman_infant"
                name="{=cla_rome_village_woman_infant}Plebeian Infant"
                age="3"
                is_female="true"
                default_group="Infantry"
                is_hero="false"
                occupation="Villager"
                culture="Culture.empire"
                skill_template="SkillSet.cla_skills_level6">
    <face>
      <face_key_template value="BodyProperty.cla_rome_townswoman" />
    </face>
     <Equipments>
      <EquipmentSet id="cla_rome_npc_poor_female_template" />
      <EquipmentSet id="cla_rome_npc_poor_female_template" civilian="true" />
    </Equipments>
  </NPCCharacter>
  <NPCCharacter id="cla_rome_village_woman_child"
                name="{=cla_rome_village_woman_child}Plebeian Child"
                age="6"
                is_female="true"
                default_group="Infantry"
                is_hero="false"
                occupation="Villager"
                culture="Culture.empire"
                skill_template="SkillSet.cla_skills_level6">
    <face>
      <face_key_template value="BodyProperty.cla_rome_townswoman" />
    </face>
     <Equipments>
      <EquipmentSet id="cla_rome_npc_poor_female_template" />
      <EquipmentSet id="cla_rome_npc_poor_female_template" civilian="true" />
    </Equipments>
  </NPCCharacter>
  <NPCCharacter id="cla_rome_village_woman_teenager"
                name="{=cla_rome_village_woman_teenager}Plebeian Teenager"
                age="14"
                is_female="true"
                default_group="Infantry"
                is_hero="false"
                occupation="Villager"
                culture="Culture.empire"
                skill_template="SkillSet.cla_skills_level6">
    <face>
      <face_key_template value="BodyProperty.cla_rome_townswoman" />
    </face>
     <Equipments>
      <EquipmentSet id="cla_rome_npc_poor_female_template" />
      <EquipmentSet id="cla_rome_npc_poor_female_template" civilian="true" />
    </Equipments>
  </NPCCharacter>
  <NPCCharacter id="cla_rome_villager"
                default_group="Infantry"
                level="1"
                name="{=cla_rome_villager}Plebeian"
                occupation="Villager"
                culture="Culture.empire"
                skill_template="SkillSet.cla_skills_level6">
    <face>
      <face_key_template value="BodyProperty.cla_rome_villager" />
    </face>
    <upgrade_targets>
      <upgrade_target id="NPCCharacter.cla_rome_infantry_2" />
    </upgrade_targets>
    <Equipments>
      <EquipmentSet id="cla_rome_npc_poor_template" />
      <EquipmentSet id="cla_rome_npc_poor_template" civilian="true" />
    </Equipments>
  </NPCCharacter>
  <NPCCharacter id="cla_rome_villager_infant"
                name="{=cla_rome_villager_infant}Plebeian Infant"
                age="3"
                is_female="false"
                default_group="Infantry"
                is_hero="false"
                occupation="Villager"
                culture="Culture.empire"
                skill_template="SkillSet.cla_skills_level6">
    <face>
      <face_key_template value="BodyProperty.cla_rome_villager" />
    </face>
     <Equipments>
      <EquipmentSet id="cla_rome_npc_poor_template" />
      <EquipmentSet id="cla_rome_npc_poor_template" civilian="true" />
    </Equipments>
  </NPCCharacter>
  <NPCCharacter id="cla_rome_villager_child"
                name="{=cla_rome_villager_child}Plebeian Child"
                age="6"
                is_female="false"
                default_group="Infantry"
                is_hero="false"
                occupation="Villager"
                culture="Culture.empire"
                skill_template="SkillSet.cla_skills_level6">
    <face>
      <face_key_template value="BodyProperty.cla_rome_villager" />
    </face>
     <Equipments>
      <EquipmentSet id="cla_rome_npc_poor_template" />
      <EquipmentSet id="cla_rome_npc_poor_template" civilian="true" />
    </Equipments>
  </NPCCharacter>
  <NPCCharacter id="cla_rome_villager_teenager"
                name="{=cla_rome_villager_teenager}Plebeian Teenager"
                age="14"
                is_female="false"
                default_group="Infantry"
                is_hero="false"
                occupation="Villager"
                culture="Culture.empire"
                skill_template="SkillSet.cla_skills_level6">
    <face>
      <face_key_template value="BodyProperty.cla_rome_villager" />
    </face>
     <Equipments>
      <EquipmentSet id="cla_rome_npc_poor_template" />
      <EquipmentSet id="cla_rome_npc_poor_template" civilian="true" />
    </Equipments>
  </NPCCharacter>
  <NPCCharacter id="cla_rome_townsman"
                default_group="Infantry"
                name="{=cla_rome_townsman}Plebeian Townsman"
                occupation="Townsfolk"
                culture="Culture.empire"
                skill_template="SkillSet.cla_skills_level6">
    <face>
      <face_key_template value="BodyProperty.cla_rome_villager" />
    </face>
     <Equipments>
      <EquipmentSet id="cla_rome_npc_poor_template" />
      <EquipmentSet id="cla_rome_npc_poor_template" civilian="true" />
    </Equipments>
  </NPCCharacter>
  <NPCCharacter id="cla_rome_townsman_infant"
                name="{=cla_rome_townsman_infant}Plebeian Infant"
                age="3"
                is_female="false"
                default_group="Infantry"
                is_hero="false"
                occupation="Townsfolk"
                culture="Culture.empire"
                skill_template="SkillSet.cla_skills_level6">
    <face>
      <face_key_template value="BodyProperty.cla_rome_villager" />
    </face>
     <Equipments>
      <EquipmentSet id="cla_rome_npc_poor_template" />
      <EquipmentSet id="cla_rome_npc_poor_template" civilian="true" />
    </Equipments>
  </NPCCharacter>
  <NPCCharacter id="cla_rome_townsman_child"
                name="{=cla_rome_townsman_child}Plebeian Child"
                age="6"
                is_female="false"
                default_group="Infantry"
                is_hero="false"
                occupation="Townsfolk"
                culture="Culture.empire"
                skill_template="SkillSet.cla_skills_level6">
    <face>
      <face_key_template value="BodyProperty.cla_rome_villager" />
    </face>
     <Equipments>
      <EquipmentSet id="cla_rome_npc_poor_template" />
      <EquipmentSet id="cla_rome_npc_poor_template" civilian="true" />
    </Equipments>
  </NPCCharacter>
  <NPCCharacter id="cla_rome_townsman_teenager"
                name="{=cla_rome_townsman_teenager}Plebeian Teenager"
                age="14"
                is_female="false"
                default_group="Infantry"
                is_hero="false"
                occupation="Townsfolk"
                culture="Culture.empire"
                skill_template="SkillSet.cla_skills_level6">
    <face>
      <face_key_template value="BodyProperty.cla_rome_villager" />
    </face>
     <Equipments>
      <EquipmentSet id="cla_rome_npc_poor_template" />
      <EquipmentSet id="cla_rome_npc_poor_template" civilian="true" />
    </Equipments>
  </NPCCharacter>

  <NPCCharacter id="cla_rome_ransom_broker"
                default_group="Infantry"
                is_hero="false"
                name="{=W2WXkiAh}Ransom Broker"
                occupation="RansomBroker"
                culture="Culture.empire"
                skill_template="SkillSet.cla_skills_level6">
    <face>
      <face_key_template value="BodyProperty.cla_rome_villager" />
    </face>
    <Equipments>
      <EquipmentSet id="cla_rome_npc_wealthy_template" />
      <EquipmentSet id="cla_rome_npc_wealthy_template" civilian="true" />
    </Equipments>
  </NPCCharacter>
  <NPCCharacter id="cla_rome_gangleader_bodyguard"
                default_group="Infantry"
                name="{=cla_rome_gangleader_bodyguard}Gang Leader Bodyguard"
                occupation="Townsfolk"
                level="16"
                culture="Culture.empire"
                skill_template="SkillSet.cla_skills_level16">
    <face>
      <face_key_template value="BodyProperty.cla_rome_legionary" />
    </face>
    <Equipments>
      <EquipmentSet id="cla_rome_gangleader_bodyguard_template" />
      <EquipmentSet id="cla_rome_gangleader_bodyguard_template" civilian="true" />
    </Equipments>
  </NPCCharacter>

<!-- Notary -->
  <NPCCharacter id="cla_rome_merchant_notary"
                default_group="Infantry"
                name="{=cla_rome_merchant_notary}Merchant Notary"
                occupation="Townsfolk"
                culture="Culture.empire"
                skill_template="SkillSet.cla_skills_level6">
    <face>
      <face_key_template value="BodyProperty.cla_rome_villager" />
    </face>
    <skills></skills>
    <Equipments>
      <EquipmentSet id="cla_rome_npc_wealthy_template" />
      <EquipmentSet id="cla_rome_npc_wealthy_template" civilian="true" />
    </Equipments>
  </NPCCharacter>
  <NPCCharacter id="cla_rome_artisan_notary"
                default_group="Infantry"
                name="{=ECxiXTbF}Artisan Notary"
                occupation="Townsfolk"
                culture="Culture.empire"
                skill_template="SkillSet.cla_skills_level6">
    <face>
      <face_key_template value="BodyProperty.cla_rome_villager" />
    </face>
    <Equipments>
      <EquipmentSet id="cla_rome_npc_wealthy_template" />
      <EquipmentSet id="cla_rome_npc_wealthy_template" civilian="true" />
    </Equipments>
  </NPCCharacter>
  <NPCCharacter id="cla_rome_preacher_notary"
                default_group="Infantry"
                name="{=bLMGbLF8}Preacher Notary"
                occupation="Townsfolk"
                culture="Culture.empire"
                skill_template="SkillSet.cla_skills_level6">
    <face>
      <face_key_template value="BodyProperty.cla_rome_villager" />
    </face>
    <Equipments>
      <EquipmentSet id="cla_rome_npc_wealthy_template" />
      <EquipmentSet id="cla_rome_npc_wealthy_template" civilian="true" />
    </Equipments>
  </NPCCharacter>
  <NPCCharacter id="cla_rome_rural_notable_notary"
                default_group="Infantry"
                name="{=cla_rome_rural_notable_notary}Rural Notable Notary"
                occupation="Townsfolk"
                culture="Culture.empire"
                skill_template="SkillSet.cla_skills_level6">
    <face>
      <face_key_template value="BodyProperty.cla_rome_villager" />
    </face>
    <Equipments>
      <EquipmentSet id="cla_rome_npc_wealthy_template" />
      <EquipmentSet id="cla_rome_npc_wealthy_template" civilian="true" />
    </Equipments>
  </NPCCharacter>
  <NPCCharacter id="cla_rome_shop_worker"
                default_group="Infantry"
                name="{=cla_rome_shop_worker}Slave"
                occupation="ShopWorker"
                culture="Culture.empire"
                skill_template="SkillSet.cla_skills_level6">
    <face>
      <face_key_template value="BodyProperty.cla_rome_villager" />
    </face>
    <Equipments>
      <EquipmentSet id="cla_rome_npc_poor_template" />
      <EquipmentSet id="cla_rome_npc_poor_template" civilian="true" />
    </Equipments>
  </NPCCharacter>
  <NPCCharacter id="cla_rome_tavernkeeper"
                default_group="Infantry"
                is_hero="false"
                name="{=CsjtWt1g}Tavern Keeper"
                occupation="Tavernkeeper"
                culture="Culture.empire"
                skill_template="SkillSet.cla_skills_level6">
    <face>
      <face_key_template value="BodyProperty.cla_rome_villager" />
    </face>
    <Equipments>
      <EquipmentSet id="cla_rome_npc_wealthy_template" />
      <EquipmentSet id="cla_rome_npc_wealthy_template" civilian="true" />
    </Equipments>
  </NPCCharacter>
  <NPCCharacter id="cla_rome_taverngamehost"
                default_group="Infantry"
                is_hero="false"
                name="{=twCIejxn}Game Host"
                occupation="TavernGameHost"
                culture="Culture.empire"
                skill_template="SkillSet.cla_skills_level6">
    <face>
      <face_key_template value="BodyProperty.cla_rome_villager" />
    </face>
    <Equipments>
      <EquipmentSet id="cla_rome_npc_wealthy_template" />
      <EquipmentSet id="cla_rome_npc_wealthy_template" civilian="true" />
    </Equipments>
  </NPCCharacter>
  <NPCCharacter id="cla_rome_musician"
                default_group="Infantry"
                is_hero="false"
                name="{=zfCoeglY}Musician"
                occupation="Musician"
                culture="Culture.empire"
                skill_template="SkillSet.cla_skills_level6">
    <face>
      <face_key_template value="BodyProperty.cla_rome_villager" />
    </face>
    <Equipments>
      <EquipmentSet id="cla_rome_npc_wealthy_template" />
      <EquipmentSet id="cla_rome_npc_wealthy_template" civilian="true" />
    </Equipments>
  </NPCCharacter>
  <NPCCharacter id="cla_rome_tavern_wench"
                default_group="Infantry"
                name="{=z6RMWTaA}Slave"
                is_female="true"
                is_hero="false"
                occupation="TavernWench"
                culture="Culture.empire"
                skill_template="SkillSet.cla_skills_level6">
    <face>
      <face_key_template value="BodyProperty.cla_rome_townswoman" />
    </face>
    <skills></skills>
    <Equipments>
      <EquipmentSet id="cla_rome_npc_poor_female_template" />
      <EquipmentSet id="cla_rome_npc_poor_female_template" civilian="true" />
    </Equipments>
  </NPCCharacter>
  <NPCCharacter id="cla_rome_armorer"
                default_group="Infantry"
                is_hero="false"
                occupation="Armorer"
                culture="Culture.empire"
                name="{=jx8ohENz}Armorer"
                skill_template="SkillSet.cla_skills_level6">
    <face>
      <face_key_template value="BodyProperty.cla_rome_villager" />
    </face>
    <Equipments>
      <EquipmentSet id="cla_rome_npc_wealthy_template" />
      <EquipmentSet id="cla_rome_npc_wealthy_template" civilian="true" />
    </Equipments>
  </NPCCharacter>
  <NPCCharacter id="cla_rome_horsemerchant"
                default_group="Infantry"
                is_hero="false"
                occupation="HorseTrader"
                culture="Culture.empire"
                name="{=79ElOr2x}Horse Trader"
                skill_template="SkillSet.cla_skills_level6">
    <face>
      <face_key_template value="BodyProperty.cla_rome_villager" />
    </face>
    <Equipments>
      <EquipmentSet id="cla_rome_npc_wealthy_template" />
      <EquipmentSet id="cla_rome_npc_wealthy_template" civilian="true" />
    </Equipments>
  </NPCCharacter>

  <NPCCharacter id="cla_rome_barber"
                default_group="Infantry"
                is_hero="false"
                occupation="Townsfolk"
                culture="Culture.empire"
                name="{=WH7EGGIg}Barber"
                skill_template="SkillSet.cla_skills_level6">
    <face>
      <face_key_template value="BodyProperty.cla_rome_villager" />
    </face>
    <Equipments>
      <EquipmentSet id="cla_rome_npc_wealthy_template" />
      <EquipmentSet id="cla_rome_npc_wealthy_template" civilian="true" />
    </Equipments>
  </NPCCharacter>
  <NPCCharacter id="cla_rome_merchant"
                default_group="Infantry"
                is_hero="true"
                occupation="GoodsTrader"
                culture="Culture.empire"
                name="{=thbcgVVO}Trader"
                skill_template="SkillSet.cla_skills_level6">
    <face>
      <face_key_template value="BodyProperty.cla_rome_villager" />
    </face>
    <Equipments>
      <EquipmentSet id="cla_rome_npc_wealthy_template" />
      <EquipmentSet id="cla_rome_npc_wealthy_template" civilian="true" />
    </Equipments>
  </NPCCharacter>
  <NPCCharacter id="cla_rome_beggar"
                default_group="Infantry"
                name="{=HZRKBDyB}Slave"
                occupation="Townsfolk"
                culture="Culture.empire"
                skill_template="SkillSet.cla_skills_level6">
    <face>
<BodyProperties version="4" age="22" weight="0.1661" build="0.0462"  key="000004000000100000000000000200100000000000000000000000000000000000077B03000000000000000000000000000000000000000000000000000000C1"  />
<BodyPropertiesMax version="4" age="74.26" weight="0.6145" build="0.6767"  key="003FFC0FDE003A5CFFFFFFFFFFF9FFFFFFFFFFFFFFFFFFFFFFFFFEFFFFFFFFFF00A77B030AFFFFFF000000000000000000000000000000000000000001488101"  />
    </face>
    <Equipments>
      <EquipmentSet id="cla_rome_beggar_template" />
      <EquipmentSet id="cla_rome_beggar_template" civilian="true" />
    </Equipments>
  </NPCCharacter>
  <NPCCharacter id="cla_rome_female_beggar"
                default_group="Infantry"
                is_female="true"
                level="1"
                name="{=HZRKBDyB}Slave"
                occupation="Townsfolk"
                culture="Culture.empire"
                skill_template="SkillSet.cla_skills_level6">
    <face>
<BodyProperties version="4" age="22" weight="0.1661" build="0.0462"  key="000004000000100000000000000200100000000000000000000000000000000000077B03000000000000000000000000000000000000000000000000000000C1"  />
<BodyPropertiesMax version="4" age="74.26" weight="0.6145" build="0.6767"  key="003FFC0FE1003A55FFFFFFFFFFF9FFFFFFFFFFFFFFFFFFFFFFFFFEFFFFFFFFFF00A77B030AFFFFFF000000000000000000000000000000000000000055488104"  />
    </face>
    <Equipments>
      <EquipmentSet id="cla_rome_beggar_template" />
      <EquipmentSet id="cla_rome_beggar_template" civilian="true" />
    </Equipments>
  </NPCCharacter>

  <NPCCharacter id="cla_rome_female_dancer"
                default_group="Infantry"
                name="{=X3KYysuv}Slave"
                is_female="true"
                is_hero="false"
                occupation="Townsfolk"
                culture="Culture.empire"
                skill_template="SkillSet.cla_skills_level6">
    <face>
      <face_key_template value="BodyProperty.cla_rome_townswoman" />
    </face>
    <Equipments>
      <EquipmentSet id="cla_rome_female_dancer_template" />
      <EquipmentSet id="cla_rome_female_dancer_template" civilian="true" />
    </Equipments>
  </NPCCharacter>
  <NPCCharacter id="cla_rome_gear_practice_dummy"
                default_group="Infantry"
                is_hero="false"
                occupation="Special"
                culture="Culture.empire"
                name="{=!}Empire Gear Dummy"
                skill_template="SkillSet.cla_skills_level6">
    <face>
      <face_key_template value="BodyProperty.cla_rome_villager" />
    </face>
    <Equipments>
      <EquipmentSet id="cla_rome_gear_practice_dummy_template" />
      <EquipmentSet id="cla_rome_gear_practice_dummy_template" civilian="true" />
    </Equipments>
  </NPCCharacter>
  <NPCCharacter id="cla_rome_weapon_practice_stage_1"
                default_group="Infantry"
                is_hero="false"
                occupation="Special"
                culture="Culture.empire"
                name="{=!}Empire Weapon Dummy">
    <face>
      <face_key_template value="BodyProperty.cla_rome_villager" />
    </face>
    <Equipments>
      <EquipmentSet id="cla_rome_weapon_practice_stage_1_template" />
      <EquipmentSet id="cla_rome_npc_poor_template" civilian="true" />
    </Equipments>
  </NPCCharacter>
  <NPCCharacter id="cla_rome_weapon_practice_stage_2"
                default_group="Infantry"
                is_hero="false"
                occupation="Special"
                culture="Culture.empire"
                name="{=!}Empire Weapon Dummy">
    <face>
      <face_key_template value="BodyProperty.cla_rome_villager" />
    </face>
    <Equipments>
      <EquipmentSet id="cla_rome_weapon_practice_stage_1_template" />
      <EquipmentSet id="cla_rome_npc_poor_template" civilian="true" />
    </Equipments>
  </NPCCharacter>
  <NPCCharacter id="cla_rome_weapon_practice_stage_3"
                default_group="Infantry"
                is_hero="false"
                occupation="Special"
                culture="Culture.empire"
                name="{=!}Empire Weapon Dummy"
                skill_template="SkillSet.cla_skills_level6">
    <face>
      <face_key_template value="BodyProperty.cla_rome_villager" />
    </face>
    <Equipments>
      <EquipmentSet id="cla_rome_weapon_practice_stage_1_template" />
      <EquipmentSet id="cla_rome_npc_poor_template" civilian="true" />
    </Equipments>
  </NPCCharacter>
  <NPCCharacter id="cla_rome_gear_dummy"
                default_group="Infantry"
                is_hero="false"
                occupation="Special"
                culture="Culture.empire"
                name="{=!}Empire Gear Dummy"
                skill_template="SkillSet.cla_skills_level6">
    <face>
      <face_key_template value="BodyProperty.cla_rome_villager" />
    </face>
    <Equipments>
      <EquipmentSet id="cla_rome_gear_dummy_template" />
      <EquipmentSet id="cla_rome_npc_poor_template" civilian="true" />
    </Equipments>
  </NPCCharacter>

<!-- Tournaments -->
  <NPCCharacter id="cla_rome_tournament_template_one_participant_set_v1"
                default_group="Infantry"
                level="6"
                name="{=!}cla_rome_tournament_template_one_participant_set_v1"
                culture="Culture.empire"
                skill_template="SkillSet.cla_skills_level6">
    <face>
      <face_key_template value="BodyProperty.cla_rome_legionary" />
    </face>
    <upgrade_targets></upgrade_targets>
    <Equipments>
      <EquipmentSet id="cla_rome_tournament_template_one_participant_set_v1_template" />
      <EquipmentSet id="cla_rome_npc_poor_template" civilian="true" />
    </Equipments>
  </NPCCharacter>
  <NPCCharacter id="cla_rome_tournament_template_two_participant_set_v1"
                default_group="Infantry"
                level="6"
                name="{=!}cla_rome_tournament_template_two_participant_set_v1"
                culture="Culture.empire"
                skill_template="SkillSet.cla_skills_level6">
    <face>
      <face_key_template value="BodyProperty.cla_rome_legionary" />
    </face>
    <upgrade_targets></upgrade_targets>
    <Equipments>
      <EquipmentSet id="cla_rome_tournament_template_two_participant_set_v1_template" />
      <EquipmentSet id="cla_rome_npc_poor_template" civilian="true" />
    </Equipments>
  </NPCCharacter>
  <NPCCharacter id="cla_rome_tournament_template_two_participant_set_v2"
                default_group="Infantry"
                level="6"
                name="{=!}cla_rome_tournament_template_two_participant_set_v2"
                culture="Culture.empire"
                skill_template="SkillSet.cla_skills_level6">
    <face>
      <face_key_template value="BodyProperty.cla_rome_legionary" />
    </face>
    <upgrade_targets></upgrade_targets>
    <Equipments>
      <EquipmentSet id="cla_rome_tournament_template_two_participant_set_v2_template" />
      <EquipmentSet id="cla_rome_npc_poor_template" civilian="true" />
    </Equipments>
  </NPCCharacter>
  <NPCCharacter id="cla_rome_tournament_template_two_participant_set_v3"
                default_group="Infantry"
                level="6"
                name="{=!}cla_rome_tournament_template_two_participant_set_v3"
                culture="Culture.empire"
                skill_template="SkillSet.cla_skills_level6">
    <face>
      <face_key_template value="BodyProperty.cla_rome_legionary" />
    </face>
    <upgrade_targets></upgrade_targets>
    <Equipments>
      <EquipmentSet id="cla_rome_tournament_template_two_participant_set_v3_template" />
      <EquipmentSet id="cla_rome_npc_poor_template" civilian="true" />
    </Equipments>
  </NPCCharacter>
  <NPCCharacter id="cla_rome_tournament_template_four_participant_set_v1"
                default_group="Infantry"
                level="6"
                name="{=!}cla_rome_tournament_template_four_participant_set_v1"
                culture="Culture.empire"
                skill_template="SkillSet.cla_skills_level6">
    <face>
      <face_key_template value="BodyProperty.cla_rome_legionary" />
    </face>
    <upgrade_targets></upgrade_targets>
    <Equipments>
      <EquipmentSet id="cla_rome_tournament_template_four_participant_set_v1_template" />
      <EquipmentSet id="cla_rome_npc_poor_template" civilian="true" />
    </Equipments>
  </NPCCharacter>
  <NPCCharacter id="cla_rome_tournament_template_four_participant_set_v2"
                default_group="Infantry"
                level="6"
                name="{=!}cla_rome_tournament_template_four_participant_set_v2"
                culture="Culture.empire"
                skill_template="SkillSet.cla_skills_level6">
    <face>
      <face_key_template value="BodyProperty.cla_rome_legionary" />
    </face>
    <upgrade_targets></upgrade_targets>
    <Equipments>
      <EquipmentSet id="cla_rome_tournament_template_four_participant_set_v2_template" />
      <EquipmentSet id="cla_rome_npc_poor_template" civilian="true" />
    </Equipments>
  </NPCCharacter>
  <NPCCharacter id="cla_rome_tournament_template_four_participant_set_v3"
                default_group="Infantry"
                level="6"
                name="{=!}cla_rome_tournament_template_four_participant_set_v3"
                culture="Culture.empire"
                skill_template="SkillSet.cla_skills_level6">
    <face>
      <face_key_template value="BodyProperty.cla_rome_legionary" />
    </face>
    <upgrade_targets></upgrade_targets>
    <Equipments>
      <EquipmentSet id="cla_rome_tournament_template_four_participant_set_v3_template" />
      <EquipmentSet id="cla_rome_npc_poor_template" civilian="true" />
    </Equipments>
  </NPCCharacter>

</NPCCharacters>