<?xml version="1.0" encoding="utf-8"?>
<NPCCharacters>

  <!--WANDERERS OF KHUZAIT -->
  <!--engineer, sent to learn trade -->
  <NPCCharacter id="cla_spc_wanderer_scythia_0" name="{=sdzaip5J}{FIRSTNAME} the Knowing" voice="softspoken" age="29" default_group="Infantry" is_template="true" is_hero="false" culture="Culture.khuzait" occupation="Wanderer">
    <face>
      <face_key_template value="BodyProperty.cla_fighter_scythia" />
      <hair_tags>
        <hair_tag name="Ponytail" />
        <hair_tag name="LongAndBushy" />
        <hair_tag name="TiedAcrossBack" />
        <hair_tag name="SlickedLong" />
        <hair_tag name="PartedAndCombedBack" />
        <hair_tag name="Tousled" />
        <hair_tag name="BraidedAndLong" />
        <hair_tag name="Short" />
        <hair_tag name="HighPonytail" />
        <hair_tag name="Mohawk" />
        <hair_tag name="Native Braids" />
        <hair_tag name="Bandit Hair 1" />
        <hair_tag name="Bandit Hair 2" />
        <hair_tag name="Bandit Hair 3" />
      </hair_tags>
      <beard_tags>
        <beard_tag name="Cleanshaven" />
        <beard_tag name="LightShortBeard" />
        <beard_tag name="HeavyShortBeard" />
        <beard_tag name="PointedShortBeard" />
        <beard_tag name="LongBeard" />
        <beard_tag name="HeavyLongBeard" />
        <beard_tag name="LongScragglyBeard" />
        <beard_tag name="LightShortBeard" />
        <beard_tag name="HeavyShortBeard" />
        <beard_tag name="PointedShortBeard" />
        <beard_tag name="LongBeard" />
        <beard_tag name="HeavyLongBeard" />
      </beard_tags>
    </face>
    <!--<Hero id="spc_wanderer_khuzait_0" faction="Kingdom.khuzait" />-->
    <Traits>
      <!--<Trait id="IsTemplate" value="1" />-->
      <Trait id="HorseArcherFightingSkills" value="2" />
      <Trait id="EngineerSkills" value="4" />
      <Trait id="Generosity" value="-1" />
      <Trait id="Mercy" value="1" />
    </Traits>
    <Equipments>
      <EquipmentSet id="cla_scythia_companion_noncom_template" civilian="true" />
      <EquipmentSet id="cla_scythia_companion_noncom_template" />
    </Equipments>
  </NPCCharacter>
  <!-- the hawk, curt voice. Rural clan nemesis. Easily insulted, killed a man's brother over a girl -->
  <NPCCharacter id="cla_spc_wanderer_scythia_1" name="{=j2nVPqIX}{FIRSTNAME} the Hawk" voice="curt" age="27" default_group="Infantry" is_template="true" is_hero="false" culture="Culture.khuzait" occupation="Wanderer">
    <face>
      <face_key_template value="BodyProperty.cla_fighter_scythia" />
      <hair_tags>
        <hair_tag name="Ponytail" />
        <hair_tag name="LongAndBushy" />
        <hair_tag name="TiedAcrossBack" />
        <hair_tag name="SlickedLong" />
        <hair_tag name="PartedAndCombedBack" />
        <hair_tag name="Tousled" />
        <hair_tag name="BraidedAndLong" />
        <hair_tag name="Short" />
        <hair_tag name="HighPonytail" />
        <hair_tag name="Mohawk" />
        <hair_tag name="Native Braids" />
        <hair_tag name="Bandit Hair 1" />
        <hair_tag name="Bandit Hair 2" />
        <hair_tag name="Bandit Hair 3" />
      </hair_tags>
      <beard_tags>
        <beard_tag name="Cleanshaven" />
        <beard_tag name="LightShortBeard" />
        <beard_tag name="HeavyShortBeard" />
        <beard_tag name="PointedShortBeard" />
        <beard_tag name="LongBeard" />
        <beard_tag name="HeavyLongBeard" />
        <beard_tag name="LongScragglyBeard" />
        <beard_tag name="LightShortBeard" />
        <beard_tag name="HeavyShortBeard" />
        <beard_tag name="PointedShortBeard" />
        <beard_tag name="LongBeard" />
        <beard_tag name="HeavyLongBeard" />
      </beard_tags>
    </face>
    <!--<Hero id="spc_wanderer_khuzait_1" faction="Kingdom.khuzait" />-->
    <Traits>
      <!--<Trait id="IsTemplate" value="1" />-->
      <Trait id="HorseArcherFightingSkills" value="4" />
      <Trait id="Valor" value="1" />
      <Trait id="Honor" value="-1" />
      <Trait id="Calculating" value="-1" />
      <!--<Trait id="RuralClanIsNemesis" value="1" />-->
    </Traits>
    <Equipments>
      <EquipmentSet id="cla_scythia_companion_archer_template" civilian="true" />
      <EquipmentSet id="cla_scythia_companion_archer_template" />
    </Equipments>
  </NPCCharacter>
  <!-- the fatherless, backed out of a family feud -->
  <NPCCharacter id="cla_spc_wanderer_scythia_2" name="{=agS5lIg7}{FIRSTNAME} the Fatherless" voice="earnest" age="22" default_group="Infantry" is_template="true" is_hero="false" culture="Culture.khuzait" occupation="Wanderer">
    <face>
      <face_key_template value="BodyProperty.cla_fighter_scythia" />
      <hair_tags>
        <hair_tag name="Ponytail" />
        <hair_tag name="LongAndBushy" />
        <hair_tag name="TiedAcrossBack" />
        <hair_tag name="SlickedLong" />
        <hair_tag name="PartedAndCombedBack" />
        <hair_tag name="Tousled" />
        <hair_tag name="BraidedAndLong" />
        <hair_tag name="Short" />
        <hair_tag name="HighPonytail" />
        <hair_tag name="Mohawk" />
        <hair_tag name="Native Braids" />
        <hair_tag name="Bandit Hair 1" />
        <hair_tag name="Bandit Hair 2" />
        <hair_tag name="Bandit Hair 3" />
      </hair_tags>
      <beard_tags>
        <beard_tag name="Cleanshaven" />
        <beard_tag name="LightShortBeard" />
        <beard_tag name="HeavyShortBeard" />
        <beard_tag name="PointedShortBeard" />
        <beard_tag name="LongBeard" />
        <beard_tag name="HeavyLongBeard" />
        <beard_tag name="LongScragglyBeard" />
        <beard_tag name="LightShortBeard" />
        <beard_tag name="HeavyShortBeard" />
        <beard_tag name="PointedShortBeard" />
        <beard_tag name="LongBeard" />
        <beard_tag name="HeavyLongBeard" />
      </beard_tags>
    </face>
    <!--<Hero id="spc_wanderer_khuzait_2" faction="Kingdom.khuzait" />-->
    <skills></skills>
    <Traits>
      <!--<Trait id="IsTemplate" value="1" />-->
      <Trait id="HorseArcherFightingSkills" value="3" />
      <Trait id="Valor" value="1" />
      <Trait id="Mercy" value="1" />
      <Trait id="Generosity" value="1" />
      <Trait id="Calculating" value="1" />
    </Traits>
    <Equipments>
      <EquipmentSet id="cla_scythia_companion_archer_template" civilian="true" />
      <EquipmentSet id="cla_scythia_companion_archer_template" />
    </Equipments>
  </NPCCharacter>
  <!-- ironeye, professional soldier. infantryman -->
  <NPCCharacter id="cla_spc_wanderer_scythia_3" name="{=QWbgE4bw}{FIRSTNAME} Ironeye" voice="curt" age="32" default_group="Infantry" is_hero="false" is_template="true" culture="Culture.khuzait" occupation="Wanderer">
    <face>
      <face_key_template value="BodyProperty.cla_fighter_scythia" />
      <hair_tags>
        <hair_tag name="Ponytail" />
        <hair_tag name="LongAndBushy" />
        <hair_tag name="TiedAcrossBack" />
        <hair_tag name="SlickedLong" />
        <hair_tag name="PartedAndCombedBack" />
        <hair_tag name="Tousled" />
        <hair_tag name="BraidedAndLong" />
        <hair_tag name="Short" />
        <hair_tag name="HighPonytail" />
        <hair_tag name="Mohawk" />
        <hair_tag name="Native Braids" />
        <hair_tag name="Bandit Hair 1" />
        <hair_tag name="Bandit Hair 2" />
        <hair_tag name="Bandit Hair 3" />
      </hair_tags>
      <beard_tags>
        <beard_tag name="Cleanshaven" />
        <beard_tag name="LightShortBeard" />
        <beard_tag name="HeavyShortBeard" />
        <beard_tag name="PointedShortBeard" />
        <beard_tag name="LongBeard" />
        <beard_tag name="HeavyLongBeard" />
        <beard_tag name="LongScragglyBeard" />
        <beard_tag name="LightShortBeard" />
        <beard_tag name="HeavyShortBeard" />
        <beard_tag name="PointedShortBeard" />
        <beard_tag name="LongBeard" />
        <beard_tag name="HeavyLongBeard" />
      </beard_tags>
    </face>
    <!--<Hero id="spc_wanderer_khuzait_3" faction="Kingdom.khuzait" />-->
    <skills></skills>
    <Traits>
      <!--<Trait id="IsTemplate" value="1" />-->
      <Trait id="HopliteFightingSkills" value="5" />
      <Trait id="SergeantCommandSkills" value="3" />
      <Trait id="Valor" value="1" />
      <Trait id="Honor" value="1" />
      <Trait id="Mercy" value="-1" />
    </Traits>
    <Equipments>
      <EquipmentSet id="cla_scythia_companion_archer_template" civilian="true" />
      <EquipmentSet id="cla_scythia_companion_archer_template" />
    </Equipments>
  </NPCCharacter>
  <!--the proud, turned on protectors. lord as nemesis -->
  <NPCCharacter id="cla_spc_wanderer_scythia_4" name="{=ykTARD4b}{FIRSTNAME} the Outcast" voice="ironic" age="22" default_group="Infantry" is_hero="false" is_template="true" culture="Culture.khuzait" occupation="Wanderer">
    <face>
      <face_key_template value="BodyProperty.cla_fighter_scythia" />
      <hair_tags>
        <hair_tag name="Ponytail" />
        <hair_tag name="LongAndBushy" />
        <hair_tag name="TiedAcrossBack" />
        <hair_tag name="SlickedLong" />
        <hair_tag name="PartedAndCombedBack" />
        <hair_tag name="Tousled" />
        <hair_tag name="BraidedAndLong" />
        <hair_tag name="Short" />
        <hair_tag name="HighPonytail" />
        <hair_tag name="Mohawk" />
        <hair_tag name="Native Braids" />
        <hair_tag name="Bandit Hair 1" />
        <hair_tag name="Bandit Hair 2" />
        <hair_tag name="Bandit Hair 3" />
      </hair_tags>
      <beard_tags>
        <beard_tag name="Cleanshaven" />
        <beard_tag name="LightShortBeard" />
        <beard_tag name="HeavyShortBeard" />
        <beard_tag name="PointedShortBeard" />
        <beard_tag name="LongBeard" />
        <beard_tag name="HeavyLongBeard" />
        <beard_tag name="LongScragglyBeard" />
        <beard_tag name="LightShortBeard" />
        <beard_tag name="HeavyShortBeard" />
        <beard_tag name="PointedShortBeard" />
        <beard_tag name="LongBeard" />
        <beard_tag name="HeavyLongBeard" />
      </beard_tags>
    </face>
    <!--<Hero id="spc_wanderer_khuzait_4" faction="Kingdom.khuzait" />-->
    <Traits>
      <!--<Trait id="IsTemplate" value="1" />-->
      <Trait id="HorseArcherFightingSkills" value="3" />
      <Trait id="Commander" value="3" />
      <Trait id="Honor" value="-1" />
      <Trait id="Generosity" value="1" />
    </Traits>
    <Equipments>
      <EquipmentSet id="cla_scythia_companion_archer_template" civilian="true" />
      <EquipmentSet id="cla_scythia_companion_archer_template" />
    </Equipments>
  </NPCCharacter>
  <!-- 'the mad' soft voice, sinister? Pickpocket. Have gang leader as nemesis? -->
  <NPCCharacter id="cla_spc_wanderer_scythia_5" name="{=q5QjQyde}{FIRSTNAME} the Mad" voice="softspoken" age="21" default_group="Infantry" is_template="true" is_hero="false" culture="Culture.khuzait" occupation="Wanderer">
    <face>
      <face_key_template value="BodyProperty.cla_fighter_scythia" />
      <hair_tags>
        <hair_tag name="Ponytail" />
        <hair_tag name="LongAndBushy" />
        <hair_tag name="TiedAcrossBack" />
        <hair_tag name="SlickedLong" />
        <hair_tag name="PartedAndCombedBack" />
        <hair_tag name="Tousled" />
        <hair_tag name="BraidedAndLong" />
        <hair_tag name="Short" />
        <hair_tag name="HighPonytail" />
        <hair_tag name="Mohawk" />
        <hair_tag name="Native Braids" />
        <hair_tag name="Bandit Hair 1" />
        <hair_tag name="Bandit Hair 2" />
        <hair_tag name="Bandit Hair 3" />
      </hair_tags>
      <beard_tags>
        <beard_tag name="Cleanshaven" />
        <beard_tag name="LightShortBeard" />
        <beard_tag name="HeavyShortBeard" />
        <beard_tag name="PointedShortBeard" />
        <beard_tag name="LongBeard" />
        <beard_tag name="HeavyLongBeard" />
        <beard_tag name="LongScragglyBeard" />
        <beard_tag name="LightShortBeard" />
        <beard_tag name="HeavyShortBeard" />
        <beard_tag name="PointedShortBeard" />
        <beard_tag name="LongBeard" />
        <beard_tag name="HeavyLongBeard" />
      </beard_tags>
    </face>
    <!--<Hero id="spc_wanderer_khuzait_5" faction="Kingdom.khuzait" />-->
    <Traits>
      <!--<Trait id="IsTemplate" value="1" />-->
      <!--<Trait id="GangLeaderIsNemesis" value="1" />-->
      <Trait id="HorseArcherFightingSkills" value="3" />
      <Trait id="RogueSkills" value="3" />
      <Trait id="Calculating" value="1" />
      <Trait id="Honor" value="-1" />
    </Traits>
    <Equipments>
      <EquipmentSet id="cla_scythia_companion_archer_template" civilian="true" />
      <EquipmentSet id="cla_scythia_companion_archer_template" />
    </Equipments>
  </NPCCharacter>
  <!--the grey falcon, lone survivor of a hunted steppe clan -->
  <NPCCharacter id="cla_spc_wanderer_scythia_6" name="{=seS9ZZUW}{FIRSTNAME} the Grey Falcon" voice="curt" age="20" default_group="Infantry" is_template="true" is_hero="false" culture="Culture.khuzait" occupation="Wanderer">
    <face>
      <face_key_template value="BodyProperty.cla_fighter_scythia" />
      <hair_tags>
        <hair_tag name="Ponytail" />
        <hair_tag name="LongAndBushy" />
        <hair_tag name="TiedAcrossBack" />
        <hair_tag name="SlickedLong" />
        <hair_tag name="PartedAndCombedBack" />
        <hair_tag name="Tousled" />
        <hair_tag name="BraidedAndLong" />
        <hair_tag name="Short" />
        <hair_tag name="HighPonytail" />
        <hair_tag name="Mohawk" />
        <hair_tag name="Native Braids" />
        <hair_tag name="Bandit Hair 1" />
        <hair_tag name="Bandit Hair 2" />
        <hair_tag name="Bandit Hair 3" />
      </hair_tags>
      <beard_tags>
        <beard_tag name="Cleanshaven" />
        <beard_tag name="LightShortBeard" />
        <beard_tag name="HeavyShortBeard" />
        <beard_tag name="PointedShortBeard" />
        <beard_tag name="LongBeard" />
        <beard_tag name="HeavyLongBeard" />
        <beard_tag name="LongScragglyBeard" />
        <beard_tag name="LightShortBeard" />
        <beard_tag name="HeavyShortBeard" />
        <beard_tag name="PointedShortBeard" />
        <beard_tag name="LongBeard" />
        <beard_tag name="HeavyLongBeard" />
      </beard_tags>
    </face>
    <!--<Hero id="spc_wanderer_khuzait_6" faction="Kingdom.khuzait" />-->
    <skills></skills>
    <Traits>
      <!--<Trait id="IsTemplate" value="1" />-->
      <Trait id="HorseArcherFightingSkills" value="3" />
      <Trait id="HillScoutSkills" value="2" />
      <Trait id="Commander" value="2" />
      <Trait id="Honor" value="1" />
      <Trait id="Generosity" value="-1" />
    </Traits>
    <Equipments>
      <EquipmentSet id="cla_scythia_companion_archer_template" civilian="true" />
      <EquipmentSet id="cla_scythia_companion_archer_template" />
    </Equipments>
  </NPCCharacter>
  <!--the she-wolf - taken by empire, slave in arena. CHANGED TO AT-START-->
  <NPCCharacter id="cla_spc_wanderer_scythia_7" name="{=3wzexaA7}{FIRSTNAME} the She-Wolf" voice="curt" age="28" is_female="true" default_group="Infantry" is_template="true" is_hero="false" culture="Culture.khuzait" occupation="Wanderer">
    <face>
      <face_key_template value="BodyProperty.cla_scythia_townswoman" />
    </face>
    <!--<Hero id="spc_wanderer_khuzait_7" faction="Kingdom.khuzait" />-->
    <skills></skills>
    <Traits>
      <!--<Trait id="IsTemplate" value="1" />-->
      <Trait id="HorseArcherFightingSkills" value="5" />
      <Trait id="SergeantCommandSkills" value="2" />
      <Trait id="Valor" value="1" />
      <Trait id="Honor" value="-1" />
      <Trait id="Calculating" value="1" />
    </Traits>
    <Equipments>
      <EquipmentSet id="cla_scythia_companion_archer_template" civilian="true" />
      <EquipmentSet id="cla_scythia_companion_archer_template" />
    </Equipments>
  </NPCCharacter>
  <!-- lone daughter of mother -->
  <NPCCharacter id="cla_spc_wanderer_scythia_8" name="{=OIXub6bS}{FIRSTNAME} the Alone" voice="curt" age="29" is_female="true" default_group="Infantry" is_template="true" is_hero="false" culture="Culture.khuzait" occupation="Wanderer">
    <face>
      <face_key_template value="BodyProperty.cla_scythia_townswoman" />
    </face>
    <!--<Hero id="spc_wanderer_khuzait_8" faction="Kingdom.khuzait" />-->
    <Traits>
      <!--<Trait id="IsTemplate" value="1" />-->
      <Trait id="HorseArcherFightingSkills" value="3" />
      <Trait id="HillScoutSkills" value="3" />
      <Trait id="Valor" value="1" />
      <Trait id="Honor" value="1" />
      <Trait id="Mercy" value="-1" />
    </Traits>
    <Equipments>
      <EquipmentSet id="cla_scythia_companion_archer_template" civilian="true" />
      <EquipmentSet id="cla_scythia_companion_archer_template" />
    </Equipments>
  </NPCCharacter>
  <!-- tomboy daughter of caravan guard -->
  <NPCCharacter id="cla_spc_wanderer_scythia_9" name="{=KY2zbWkj}{FIRSTNAME} the Swift" voice="ironic" age="21" is_female="true" is_hero="false" default_group="Infantry" is_template="true" culture="Culture.khuzait" occupation="Wanderer">
    <face>
      <face_key_template value="BodyProperty.cla_scythia_townswoman" />
    </face>
    <!--<Hero id="spc_wanderer_khuzait_9" faction="Kingdom.khuzait" />-->
    <skills></skills>
    <Traits>
      <!--<Trait id="IsTemplate" value="1" />-->
      <Trait id="HorseArcherFightingSkills" value="3" />
      <Trait id="RogueSkills" value="5" />
      <Trait id="Manager" value="4" />
      <Trait id="Valor" value="1" />
      <Trait id="Generosity" value="1" />
      <Trait id="Mercy" value="1" />
    </Traits>
    <Equipments>
      <EquipmentSet id="cla_scythia_companion_archer_template" civilian="true" />
      <EquipmentSet id="cla_scythia_companion_archer_template" />
    </Equipments>
  </NPCCharacter>
  <!-- former 'horsethief' -->
  <NPCCharacter id="cla_spc_wanderer_scythia_10" name="{=CQOlMayc}{FIRSTNAME} the Ragged" voice="earnest" default_group="Infantry" is_hero="false" culture="Culture.khuzait" occupation="Wanderer">
    <face>
      <face_key_template value="BodyProperty.cla_fighter_scythia" />
      <hair_tags>
        <hair_tag name="Ponytail" />
        <hair_tag name="LongAndBushy" />
        <hair_tag name="TiedAcrossBack" />
        <hair_tag name="SlickedLong" />
        <hair_tag name="PartedAndCombedBack" />
        <hair_tag name="Tousled" />
        <hair_tag name="BraidedAndLong" />
        <hair_tag name="Short" />
        <hair_tag name="HighPonytail" />
        <hair_tag name="Mohawk" />
        <hair_tag name="Native Braids" />
        <hair_tag name="Bandit Hair 1" />
        <hair_tag name="Bandit Hair 2" />
        <hair_tag name="Bandit Hair 3" />
      </hair_tags>
      <beard_tags>
        <beard_tag name="Cleanshaven" />
        <beard_tag name="LightShortBeard" />
        <beard_tag name="HeavyShortBeard" />
        <beard_tag name="PointedShortBeard" />
        <beard_tag name="LongBeard" />
        <beard_tag name="HeavyLongBeard" />
        <beard_tag name="LongScragglyBeard" />
        <beard_tag name="LightShortBeard" />
        <beard_tag name="HeavyShortBeard" />
        <beard_tag name="PointedShortBeard" />
        <beard_tag name="LongBeard" />
        <beard_tag name="HeavyLongBeard" />
      </beard_tags>
    </face>
    <!--<Hero id="spc_wanderer_karakhuzaits_10" faction="Faction.karakhuzaits" clan="Clan.karakhuzaits"/>-->
    <skills></skills>
    <Traits>
      <!--<Trait id="IsTemplate" value="1" />-->
      <!--<Trait id="SpawnAsPrisoner" value="1" />-->
      <Trait id="BalancedFightingSkills" value="4" />
      <Trait id="HillScoutSkills" value="4" />
      <Trait id="Valor" value="1" />
      <Trait id="Honor" value="-1" />
      <Trait id="Calculating" value="-1" />
    </Traits>
    <Equipments>
      <EquipmentSet id="cla_scythia_companion_archer_template" civilian="true" />
      <EquipmentSet id="cla_scythia_companion_archer_template" />
    </Equipments>
  </NPCCharacter>


  <!-- URBAN CHARACTERS OF KHUZAIT -->
  <NPCCharacter id="cla_spc_notable_scythia_merchant_1" name="{=!}Cautious Khuzait merchant" voice="ironic" is_template="true" default_group="Infantry" is_hero="false" culture="Culture.khuzait" occupation="Merchant">
    <face>
      <face_key_template value="BodyProperty.cla_villager_scythia" />
      <hair_tags>
        <hair_tag name="Ponytail" />
        <hair_tag name="LongAndBushy" />
        <hair_tag name="TiedAcrossBack" />
        <hair_tag name="SlickedLong" />
        <hair_tag name="PartedAndCombedBack" />
        <hair_tag name="Tousled" />
        <hair_tag name="BraidedAndLong" />
        <hair_tag name="Short" />
        <hair_tag name="HighPonytail" />
        <hair_tag name="Mohawk" />
        <hair_tag name="Native Braids" />
        <hair_tag name="Bandit Hair 1" />
        <hair_tag name="Bandit Hair 2" />
        <hair_tag name="Bandit Hair 3" />
      </hair_tags>
      <beard_tags>
        <beard_tag name="Cleanshaven" />
        <beard_tag name="LightShortBeard" />
        <beard_tag name="HeavyShortBeard" />
        <beard_tag name="PointedShortBeard" />
        <beard_tag name="LongBeard" />
        <beard_tag name="HeavyLongBeard" />
        <beard_tag name="LongScragglyBeard" />
        <beard_tag name="LightShortBeard" />
        <beard_tag name="HeavyShortBeard" />
        <beard_tag name="PointedShortBeard" />
        <beard_tag name="LongBeard" />
        <beard_tag name="HeavyLongBeard" />
      </beard_tags>
    </face>
    <!--<Hero id="spc_notable_khuzait_merchant_1" faction="Kingdom.khuzait" />-->
    <Traits>
      <Trait id="Valor" value="-1" />
      <Trait id="Calculating" value="1" />
    </Traits>
    <Equipments>
      <EquipmentSet id="cla_scythia_npc_wealthy_template" />
      <EquipmentSet id="cla_scythia_npc_wealthy_template" civilian="true" />
    </Equipments>
  </NPCCharacter>
  <NPCCharacter id="cla_spc_notable_scythia_0b" name="{=!}{FIRSTNAME} the Broker" voice="ironic" is_template="true" default_group="Infantry" is_hero="false" culture="Culture.khuzait" occupation="Merchant" skill_template="SkillSet.spc_notable_khuzait_0b">
    <face>
      <face_key_template value="BodyProperty.cla_villager_scythia" />
      <hair_tags>
        <hair_tag name="Ponytail" />
        <hair_tag name="LongAndBushy" />
        <hair_tag name="TiedAcrossBack" />
        <hair_tag name="SlickedLong" />
        <hair_tag name="PartedAndCombedBack" />
        <hair_tag name="Tousled" />
        <hair_tag name="BraidedAndLong" />
        <hair_tag name="Short" />
        <hair_tag name="HighPonytail" />
        <hair_tag name="Mohawk" />
        <hair_tag name="Native Braids" />
        <hair_tag name="Bandit Hair 1" />
        <hair_tag name="Bandit Hair 2" />
        <hair_tag name="Bandit Hair 3" />
      </hair_tags>
      <beard_tags>
        <beard_tag name="Cleanshaven" />
        <beard_tag name="LightShortBeard" />
        <beard_tag name="HeavyShortBeard" />
        <beard_tag name="PointedShortBeard" />
        <beard_tag name="LongBeard" />
        <beard_tag name="HeavyLongBeard" />
        <beard_tag name="LongScragglyBeard" />
        <beard_tag name="LightShortBeard" />
        <beard_tag name="HeavyShortBeard" />
        <beard_tag name="PointedShortBeard" />
        <beard_tag name="LongBeard" />
        <beard_tag name="HeavyLongBeard" />
      </beard_tags>
    </face>
    <!--<Hero id="spc_notable_khuzait_0b" faction="Kingdom.khuzait" />-->
    <Traits>
      <!-- Add skill groups -->
      <Trait id="Commander" value="2" />
      <Trait id="Valor" value="-1" />
      <Trait id="Calculating" value="1" />
    </Traits>
    <Equipments>
      <EquipmentSet id="cla_scythia_npc_wealthy_template" />
      <EquipmentSet id="cla_scythia_npc_wealthy_template" civilian="true" />
    </Equipments>
  </NPCCharacter>
  <NPCCharacter id="cla_spc_notable_scythia_1" name="{=!}{FIRSTNAME} the Dyer" voice="ironic" is_template="true" default_group="Infantry" is_hero="false" culture="Culture.khuzait" occupation="Merchant">
    <face>
      <face_key_template value="BodyProperty.cla_villager_scythia" />
      <hair_tags>
        <hair_tag name="Ponytail" />
        <hair_tag name="LongAndBushy" />
        <hair_tag name="TiedAcrossBack" />
        <hair_tag name="SlickedLong" />
        <hair_tag name="PartedAndCombedBack" />
        <hair_tag name="Tousled" />
        <hair_tag name="BraidedAndLong" />
        <hair_tag name="Short" />
        <hair_tag name="HighPonytail" />
        <hair_tag name="Mohawk" />
        <hair_tag name="Native Braids" />
        <hair_tag name="Bandit Hair 1" />
        <hair_tag name="Bandit Hair 2" />
        <hair_tag name="Bandit Hair 3" />
      </hair_tags>
      <beard_tags>
        <beard_tag name="Cleanshaven" />
        <beard_tag name="LightShortBeard" />
        <beard_tag name="HeavyShortBeard" />
        <beard_tag name="PointedShortBeard" />
        <beard_tag name="LongBeard" />
        <beard_tag name="HeavyLongBeard" />
        <beard_tag name="LongScragglyBeard" />
        <beard_tag name="LightShortBeard" />
        <beard_tag name="HeavyShortBeard" />
        <beard_tag name="PointedShortBeard" />
        <beard_tag name="LongBeard" />
        <beard_tag name="HeavyLongBeard" />
      </beard_tags>
    </face>
    <!--<Hero id="spc_notable_khuzait_1" faction="Kingdom.khuzait" />-->
    <skills></skills>
    <Traits>
      <!-- Add skill groups -->
      <Trait id="Valor" value="-1" />
      <Trait id="Generosity" value="-1" />
      <Trait id="Calculating" value="1" />
    </Traits>
    <Equipments>
      <EquipmentSet id="cla_scythia_npc_wealthy_template" />
      <EquipmentSet id="cla_scythia_npc_wealthy_template" civilian="true" />
    </Equipments>
  </NPCCharacter>
  <NPCCharacter id="cla_spc_notable_scythia_1b" name="{=!}{FIRSTNAME} the Horsetrader" is_template="true" voice="ironic" default_group="Infantry" is_hero="false" culture="Culture.khuzait" occupation="Merchant">
    <face>
      <face_key_template value="BodyProperty.cla_villager_scythia" />
      <hair_tags>
        <hair_tag name="Ponytail" />
        <hair_tag name="LongAndBushy" />
        <hair_tag name="TiedAcrossBack" />
        <hair_tag name="SlickedLong" />
        <hair_tag name="PartedAndCombedBack" />
        <hair_tag name="Tousled" />
        <hair_tag name="BraidedAndLong" />
        <hair_tag name="Short" />
        <hair_tag name="HighPonytail" />
        <hair_tag name="Mohawk" />
        <hair_tag name="Native Braids" />
        <hair_tag name="Bandit Hair 1" />
        <hair_tag name="Bandit Hair 2" />
        <hair_tag name="Bandit Hair 3" />
      </hair_tags>
      <beard_tags>
        <beard_tag name="Cleanshaven" />
        <beard_tag name="LightShortBeard" />
        <beard_tag name="HeavyShortBeard" />
        <beard_tag name="PointedShortBeard" />
        <beard_tag name="LongBeard" />
        <beard_tag name="HeavyLongBeard" />
        <beard_tag name="LongScragglyBeard" />
        <beard_tag name="LightShortBeard" />
        <beard_tag name="HeavyShortBeard" />
        <beard_tag name="PointedShortBeard" />
        <beard_tag name="LongBeard" />
        <beard_tag name="HeavyLongBeard" />
      </beard_tags>
    </face>
    <!--<Hero id="spc_notable_khuzait_1b" faction="Kingdom.khuzait" />-->
    <skills></skills>
    <Traits>
      <!-- Add skill groups -->
      <Trait id="Commander" value="2" />
      <Trait id="Valor" value="-1" />
      <Trait id="Generosity" value="-1" />
      <Trait id="Calculating" value="1" />
    </Traits>
    <Equipments>
      <EquipmentSet id="cla_scythia_npc_wealthy_template" />
      <EquipmentSet id="cla_scythia_npc_wealthy_template" civilian="true" />
    </Equipments>
  </NPCCharacter>
  <NPCCharacter id="cla_spc_notable_scythia_1c" name="{=!}{FIRSTNAME} the Wineseller" is_template="true" voice="ironic" default_group="Infantry" is_hero="false" culture="Culture.khuzait" occupation="Merchant">
    <face>
      <face_key_template value="BodyProperty.cla_villager_scythia" />
      <hair_tags>
        <hair_tag name="Ponytail" />
        <hair_tag name="LongAndBushy" />
        <hair_tag name="TiedAcrossBack" />
        <hair_tag name="SlickedLong" />
        <hair_tag name="PartedAndCombedBack" />
        <hair_tag name="Tousled" />
        <hair_tag name="BraidedAndLong" />
        <hair_tag name="Short" />
        <hair_tag name="HighPonytail" />
        <hair_tag name="Mohawk" />
        <hair_tag name="Native Braids" />
        <hair_tag name="Bandit Hair 1" />
        <hair_tag name="Bandit Hair 2" />
        <hair_tag name="Bandit Hair 3" />
      </hair_tags>
      <beard_tags>
        <beard_tag name="Cleanshaven" />
        <beard_tag name="LightShortBeard" />
        <beard_tag name="HeavyShortBeard" />
        <beard_tag name="PointedShortBeard" />
        <beard_tag name="LongBeard" />
        <beard_tag name="HeavyLongBeard" />
        <beard_tag name="LongScragglyBeard" />
        <beard_tag name="LightShortBeard" />
        <beard_tag name="HeavyShortBeard" />
        <beard_tag name="PointedShortBeard" />
        <beard_tag name="LongBeard" />
        <beard_tag name="HeavyLongBeard" />
      </beard_tags>
    </face>
    <!--<Hero id="spc_notable_khuzait_1c" faction="Kingdom.khuzait" />-->
    <skills></skills>
    <Traits>
      <!-- Add skill groups -->
      <Trait id="Commander" value="2" />
      <Trait id="Valor" value="-1" />
      <Trait id="Generosity" value="-1" />
      <Trait id="Calculating" value="1" />
    </Traits>
    <Equipments>
      <EquipmentSet id="cla_scythia_npc_wealthy_template" />
      <EquipmentSet id="cla_scythia_npc_wealthy_template" civilian="true" />
    </Equipments>
  </NPCCharacter>
  <NPCCharacter id="cla_spc_notable_scythia_2" name="{=!}{FIRSTNAME} the Freedwoman" is_template="true" voice="ironic" is_female="true" default_group="Infantry" is_hero="false" culture="Culture.khuzait" occupation="Merchant">
    <face>
      <face_key_template value="BodyProperty.cla_scythia_townswoman" />
    </face>
    <!--<Hero id="spc_notable_khuzait_2" faction="Kingdom.khuzait" />-->
    <skills></skills>
    <Traits>
      <!-- Add skill groups -->
      <Trait id="Valor" value="-1" />
      <Trait id="Calculating" value="1" />
    </Traits>
    <Equipments>
      <EquipmentSet id="cla_scythia_npc_wealthy_template" />
      <EquipmentSet id="cla_scythia_npc_wealthy_template" civilian="true" />
    </Equipments>
  </NPCCharacter>
  <NPCCharacter id="cla_spc_notable_scythia_2b" name="{=!}{FIRSTNAME} the Silkseller" voice="ironic" is_template="true" is_female="true" default_group="Infantry" is_hero="false" culture="Culture.khuzait" occupation="Merchant">
    <face>
      <face_key_template value="BodyProperty.cla_scythia_townswoman" />
    </face>
    <!--<Hero id="spc_notable_khuzait_2b" faction="Kingdom.khuzait" />-->
    <skills></skills>
    <Traits>
      <!-- Add skill groups -->
      <Trait id="Commander" value="2" />
      <Trait id="Valor" value="-1" />
      <Trait id="Calculating" value="1" />
    </Traits>
    <Equipments>
      <EquipmentSet id="cla_scythia_npc_wealthy_template" />
      <EquipmentSet id="cla_scythia_npc_wealthy_template" civilian="true" />
    </Equipments>
  </NPCCharacter>
  <NPCCharacter id="cla_spc_notable_scythia_3" name="{=!}Khuzait shaman" voice="softspoken" is_template="true" default_group="Infantry" is_hero="false" culture="Culture.khuzait" occupation="Preacher">
    <face>
      <face_key_template value="BodyProperty.cla_villager_scythia" />
      <hair_tags>
        <hair_tag name="Ponytail" />
        <hair_tag name="LongAndBushy" />
        <hair_tag name="TiedAcrossBack" />
        <hair_tag name="SlickedLong" />
        <hair_tag name="PartedAndCombedBack" />
        <hair_tag name="Tousled" />
        <hair_tag name="BraidedAndLong" />
        <hair_tag name="Short" />
        <hair_tag name="HighPonytail" />
        <hair_tag name="Mohawk" />
        <hair_tag name="Native Braids" />
        <hair_tag name="Bandit Hair 1" />
        <hair_tag name="Bandit Hair 2" />
        <hair_tag name="Bandit Hair 3" />
      </hair_tags>
      <beard_tags>
        <beard_tag name="Cleanshaven" />
        <beard_tag name="LightShortBeard" />
        <beard_tag name="HeavyShortBeard" />
        <beard_tag name="PointedShortBeard" />
        <beard_tag name="LongBeard" />
        <beard_tag name="HeavyLongBeard" />
        <beard_tag name="LongScragglyBeard" />
        <beard_tag name="LightShortBeard" />
        <beard_tag name="HeavyShortBeard" />
        <beard_tag name="PointedShortBeard" />
        <beard_tag name="LongBeard" />
        <beard_tag name="HeavyLongBeard" />
      </beard_tags>
    </face>
    <!--<Hero id="spc_notable_khuzait_3" faction="Kingdom.khuzait" />-->
    <skills></skills>
    <Traits>
      <!-- Add skill groups -->
      <Trait id="Honor" value="1" />
    </Traits>
    <Equipments>
      <EquipmentSet id="cla_scythia_npc_wealthy_template" />
      <EquipmentSet id="cla_scythia_npc_wealthy_template" civilian="true" />
    </Equipments>
  </NPCCharacter>
  <NPCCharacter id="cla_spc_notable_scythia_4" name="{=!}Female preacher" voice="softspoken" is_template="true" default_group="Infantry" is_female="true" culture="Culture.khuzait" occupation="Preacher">
    <face>
      <face_key_template value="BodyProperty.cla_scythia_townswoman" />
    </face>
    <!--<Hero id="spc_notable_khuzait_4" faction="Kingdom.khuzait" />-->
    <skills></skills>
    <Traits>
      <!-- Add skill groups -->
      <Trait id="Honor" value="1" />
    </Traits>
    <Equipments>
      <EquipmentSet id="cla_scythia_npc_wealthy_template" />
      <EquipmentSet id="cla_scythia_npc_wealthy_template" civilian="true" />
    </Equipments>
  </NPCCharacter>
  <!-- khuzait gang leaders - keep at least 3-4 for variety in persona-->
  <NPCCharacter id="cla_spc_scythia_gangleader_1" name="{=!}Female gang leader" voice="curt" is_template="true" default_group="Infantry" is_female="true" culture="Culture.khuzait" occupation="GangLeader">
    <face>
      <face_key_template value="BodyProperty.cla_scythia_townswoman" />
    </face>
    <!--<Hero id="spc_notable_khuzait_5" faction="Kingdom.khuzait" />-->
    <Traits>
      <Trait id="Valor" value="1" />
      <Trait id="Mercy" value="-1" />
    </Traits>
    <Equipments>
      <EquipmentSet id="cla_scythia_npc_wealthy_template" />
      <EquipmentSet id="cla_scythia_npc_wealthy_template" civilian="true" />
    </Equipments>
  </NPCCharacter>
  <NPCCharacter id="cla_spc_scythia_gangleader_2" name="{=!}Standard male gang leader" voice="ironic" is_template="true" default_group="Infantry" is_hero="false" culture="Culture.khuzait" occupation="GangLeader">
    <face>
      <face_key_template value="BodyProperty.cla_fighter_scythia" />
      <hair_tags>
        <hair_tag name="Ponytail" />
        <hair_tag name="LongAndBushy" />
        <hair_tag name="TiedAcrossBack" />
        <hair_tag name="SlickedLong" />
        <hair_tag name="PartedAndCombedBack" />
        <hair_tag name="Tousled" />
        <hair_tag name="BraidedAndLong" />
        <hair_tag name="Short" />
        <hair_tag name="HighPonytail" />
        <hair_tag name="Mohawk" />
        <hair_tag name="Native Braids" />
        <hair_tag name="Bandit Hair 1" />
        <hair_tag name="Bandit Hair 2" />
        <hair_tag name="Bandit Hair 3" />
      </hair_tags>
      <beard_tags>
        <beard_tag name="Cleanshaven" />
        <beard_tag name="LightShortBeard" />
        <beard_tag name="HeavyShortBeard" />
        <beard_tag name="PointedShortBeard" />
        <beard_tag name="LongBeard" />
        <beard_tag name="HeavyLongBeard" />
        <beard_tag name="LongScragglyBeard" />
        <beard_tag name="LightShortBeard" />
        <beard_tag name="HeavyShortBeard" />
        <beard_tag name="PointedShortBeard" />
        <beard_tag name="LongBeard" />
        <beard_tag name="HeavyLongBeard" />
      </beard_tags>
    </face>
    <!--<Hero id="spc_notable_khuzait_6" faction="Kingdom.khuzait" />-->
    <Traits>
      <Trait id="Valor" value="1" />
      <Trait id="Mercy" value="-1" />
    </Traits>
    <Equipments>
      <EquipmentSet id="cla_scythia_npc_wealthy_template" />
      <EquipmentSet id="cla_scythia_npc_wealthy_template" civilian="true" />
    </Equipments>
  </NPCCharacter>
  <NPCCharacter id="cla_spc_scythia_gangleader_3" name="{=!}Standard male gang leader" voice="softspoken" is_template="true" default_group="Infantry" is_hero="false" culture="Culture.khuzait" occupation="GangLeader">
    <face>
      <face_key_template value="BodyProperty.cla_fighter_scythia" />
      <hair_tags>
        <hair_tag name="Ponytail" />
        <hair_tag name="LongAndBushy" />
        <hair_tag name="TiedAcrossBack" />
        <hair_tag name="SlickedLong" />
        <hair_tag name="PartedAndCombedBack" />
        <hair_tag name="Tousled" />
        <hair_tag name="BraidedAndLong" />
        <hair_tag name="Short" />
        <hair_tag name="HighPonytail" />
        <hair_tag name="Mohawk" />
        <hair_tag name="Native Braids" />
        <hair_tag name="Bandit Hair 1" />
        <hair_tag name="Bandit Hair 2" />
        <hair_tag name="Bandit Hair 3" />
      </hair_tags>
      <beard_tags>
        <beard_tag name="Cleanshaven" />
        <beard_tag name="LightShortBeard" />
        <beard_tag name="HeavyShortBeard" />
        <beard_tag name="PointedShortBeard" />
        <beard_tag name="LongBeard" />
        <beard_tag name="HeavyLongBeard" />
        <beard_tag name="LongScragglyBeard" />
        <beard_tag name="LightShortBeard" />
        <beard_tag name="HeavyShortBeard" />
        <beard_tag name="PointedShortBeard" />
        <beard_tag name="LongBeard" />
        <beard_tag name="HeavyLongBeard" />
      </beard_tags>
    </face>
    <!--<Hero id="spc_notable_khuzait_6" faction="Kingdom.khuzait" />-->
    <Traits>
      <Trait id="Valor" value="1" />
      <Trait id="Calculating" value="1" />
      <Trait id="Honor" value="-1" />
      <Trait id="Mercy" value="-1" />
    </Traits>
    <Equipments>
      <EquipmentSet id="cla_scythia_npc_wealthy_template" civilian="true" />
      <EquipmentSet id="cla_scythia_npc_wealthy_template" />
    </Equipments>
  </NPCCharacter>
  <NPCCharacter id="cla_spc_scythia_rural_notable_1" name="{=!}Khuzait craft rural notable" is_template="true" voice="ironic" default_group="Infantry" is_hero="false" culture="Culture.khuzait" occupation="RuralNotable">
    <face>
      <face_key_template value="BodyProperty.cla_villager_scythia" />
      <hair_tags>
        <hair_tag name="Ponytail" />
        <hair_tag name="LongAndBushy" />
        <hair_tag name="TiedAcrossBack" />
        <hair_tag name="SlickedLong" />
        <hair_tag name="PartedAndCombedBack" />
        <hair_tag name="Tousled" />
        <hair_tag name="BraidedAndLong" />
        <hair_tag name="Short" />
        <hair_tag name="HighPonytail" />
        <hair_tag name="Mohawk" />
        <hair_tag name="Native Braids" />
        <hair_tag name="Bandit Hair 1" />
        <hair_tag name="Bandit Hair 2" />
        <hair_tag name="Bandit Hair 3" />
      </hair_tags>
      <beard_tags>
        <beard_tag name="Cleanshaven" />
        <beard_tag name="LightShortBeard" />
        <beard_tag name="HeavyShortBeard" />
        <beard_tag name="PointedShortBeard" />
        <beard_tag name="LongBeard" />
        <beard_tag name="HeavyLongBeard" />
        <beard_tag name="LongScragglyBeard" />
        <beard_tag name="LightShortBeard" />
        <beard_tag name="HeavyShortBeard" />
        <beard_tag name="PointedShortBeard" />
        <beard_tag name="LongBeard" />
        <beard_tag name="HeavyLongBeard" />
      </beard_tags>
    </face>
    <!--<Hero id="spc_khuzait_rural_notable_1" faction="Kingdom.khuzait" />-->
    <Traits>
      <Trait id="Calculating" value="1" />
    </Traits>
    <Equipments>
      <EquipmentSet id="cla_scythia_npc_wealthy_template" />
      <EquipmentSet id="cla_scythia_npc_wealthy_template" civilian="true" />
    </Equipments>
  </NPCCharacter>
  <NPCCharacter id="cla_spc_scythia_rural_notable_2" name="{=!}Khuzait proud rural notable" voice="earnest" is_template="true" default_group="Infantry" is_hero="false" culture="Culture.khuzait" occupation="RuralNotable">
    <face>
      <face_key_template value="BodyProperty.cla_villager_scythia" />
      <hair_tags>
        <hair_tag name="Ponytail" />
        <hair_tag name="LongAndBushy" />
        <hair_tag name="TiedAcrossBack" />
        <hair_tag name="SlickedLong" />
        <hair_tag name="PartedAndCombedBack" />
        <hair_tag name="Tousled" />
        <hair_tag name="BraidedAndLong" />
        <hair_tag name="Short" />
        <hair_tag name="HighPonytail" />
        <hair_tag name="Mohawk" />
        <hair_tag name="Native Braids" />
        <hair_tag name="Bandit Hair 1" />
        <hair_tag name="Bandit Hair 2" />
        <hair_tag name="Bandit Hair 3" />
      </hair_tags>
      <beard_tags>
        <beard_tag name="Cleanshaven" />
        <beard_tag name="LightShortBeard" />
        <beard_tag name="HeavyShortBeard" />
        <beard_tag name="PointedShortBeard" />
        <beard_tag name="LongBeard" />
        <beard_tag name="HeavyLongBeard" />
        <beard_tag name="LongScragglyBeard" />
        <beard_tag name="LightShortBeard" />
        <beard_tag name="HeavyShortBeard" />
        <beard_tag name="PointedShortBeard" />
        <beard_tag name="LongBeard" />
        <beard_tag name="HeavyLongBeard" />
      </beard_tags>
    </face>
    <!--<Hero id="spc_khuzait_rural_notable_2" faction="Kingdom.khuzait" />-->
    <Traits>
      <Trait id="Valor" value="1" />
      <Trait id="Calculating" value="-1" />
    </Traits>
    <Equipments>
      <EquipmentSet id="cla_scythia_npc_wealthy_template" />
      <EquipmentSet id="cla_scythia_npc_wealthy_template" civilian="true" />
    </Equipments>
  </NPCCharacter>
  <NPCCharacter id="cla_spc_scythia_artisan_1" name="{=!}khuzait rebellious artisan" voice="earnest" is_template="true" default_group="Infantry" is_hero="false" culture="Culture.khuzait" occupation="Artisan">
    <face>
      <face_key_template value="BodyProperty.cla_villager_scythia" />
      <hair_tags>
        <hair_tag name="Ponytail" />
        <hair_tag name="LongAndBushy" />
        <hair_tag name="TiedAcrossBack" />
        <hair_tag name="SlickedLong" />
        <hair_tag name="PartedAndCombedBack" />
        <hair_tag name="Tousled" />
        <hair_tag name="BraidedAndLong" />
        <hair_tag name="Short" />
        <hair_tag name="HighPonytail" />
        <hair_tag name="Mohawk" />
        <hair_tag name="Native Braids" />
        <hair_tag name="Bandit Hair 1" />
        <hair_tag name="Bandit Hair 2" />
        <hair_tag name="Bandit Hair 3" />
      </hair_tags>
      <beard_tags>
        <beard_tag name="Cleanshaven" />
        <beard_tag name="LightShortBeard" />
        <beard_tag name="HeavyShortBeard" />
        <beard_tag name="PointedShortBeard" />
        <beard_tag name="LongBeard" />
        <beard_tag name="HeavyLongBeard" />
        <beard_tag name="LongScragglyBeard" />
        <beard_tag name="LightShortBeard" />
        <beard_tag name="HeavyShortBeard" />
        <beard_tag name="PointedShortBeard" />
        <beard_tag name="LongBeard" />
        <beard_tag name="HeavyLongBeard" />
      </beard_tags>
    </face>
    <!--<Hero id="spc_notable_khuzait_4" faction="Kingdom.khuzait" />-->
    <skills></skills>
    <Traits>
      <Trait id="Valor" value="1" />
      <Trait id="Calculating" value="-1" />
    </Traits>
    <Equipments>
      <EquipmentSet id="cla_scythia_npc_wealthy_template" />
      <EquipmentSet id="cla_scythia_npc_wealthy_template" civilian="true" />
    </Equipments>
  </NPCCharacter>
  <NPCCharacter id="cla_spc_scythia_artisan_2" name="{=!}khuzait conservative artisan" voice="curt" is_template="true" default_group="Infantry" is_hero="false" culture="Culture.khuzait" occupation="Artisan">
    <face>
      <face_key_template value="BodyProperty.cla_villager_scythia" />
      <hair_tags>
        <hair_tag name="Ponytail" />
        <hair_tag name="LongAndBushy" />
        <hair_tag name="TiedAcrossBack" />
        <hair_tag name="SlickedLong" />
        <hair_tag name="PartedAndCombedBack" />
        <hair_tag name="Tousled" />
        <hair_tag name="BraidedAndLong" />
        <hair_tag name="Short" />
        <hair_tag name="HighPonytail" />
        <hair_tag name="Mohawk" />
        <hair_tag name="Native Braids" />
        <hair_tag name="Bandit Hair 1" />
        <hair_tag name="Bandit Hair 2" />
        <hair_tag name="Bandit Hair 3" />
      </hair_tags>
      <beard_tags>
        <beard_tag name="Cleanshaven" />
        <beard_tag name="LightShortBeard" />
        <beard_tag name="HeavyShortBeard" />
        <beard_tag name="PointedShortBeard" />
        <beard_tag name="LongBeard" />
        <beard_tag name="HeavyLongBeard" />
        <beard_tag name="LongScragglyBeard" />
        <beard_tag name="LightShortBeard" />
        <beard_tag name="HeavyShortBeard" />
        <beard_tag name="PointedShortBeard" />
        <beard_tag name="LongBeard" />
        <beard_tag name="HeavyLongBeard" />
      </beard_tags>
    </face>
    <!--<Hero id="spc_notable_khuzait_4" faction="Kingdom.khuzait" />-->
    <skills></skills>
    <Traits>
      <Trait id="Valor" value="-1" />
      <Trait id="Generosity" value="1" />
    </Traits>
    <Equipments>
      <EquipmentSet id="cla_scythia_npc_wealthy_template" />
      <EquipmentSet id="cla_scythia_npc_wealthy_template" civilian="true" />
    </Equipments>
  </NPCCharacter>
  <NPCCharacter id="cla_spc_scythia_artisan_3" name="{=!}khuzait devious artisan" voice="ironic" is_template="true" default_group="Infantry" is_hero="false" culture="Culture.khuzait" occupation="Artisan">
    <face>
      <face_key_template value="BodyProperty.cla_villager_scythia" />
      <hair_tags>
        <hair_tag name="Ponytail" />
        <hair_tag name="LongAndBushy" />
        <hair_tag name="TiedAcrossBack" />
        <hair_tag name="SlickedLong" />
        <hair_tag name="PartedAndCombedBack" />
        <hair_tag name="Tousled" />
        <hair_tag name="BraidedAndLong" />
        <hair_tag name="Short" />
        <hair_tag name="HighPonytail" />
        <hair_tag name="Mohawk" />
        <hair_tag name="Native Braids" />
        <hair_tag name="Bandit Hair 1" />
        <hair_tag name="Bandit Hair 2" />
        <hair_tag name="Bandit Hair 3" />
      </hair_tags>
      <beard_tags>
        <beard_tag name="Cleanshaven" />
        <beard_tag name="LightShortBeard" />
        <beard_tag name="HeavyShortBeard" />
        <beard_tag name="PointedShortBeard" />
        <beard_tag name="LongBeard" />
        <beard_tag name="HeavyLongBeard" />
        <beard_tag name="LongScragglyBeard" />
        <beard_tag name="LightShortBeard" />
        <beard_tag name="HeavyShortBeard" />
        <beard_tag name="PointedShortBeard" />
        <beard_tag name="LongBeard" />
        <beard_tag name="HeavyLongBeard" />
      </beard_tags>
    </face>
    <!--<Hero id="spc_notable_khuzait_4" faction="Kingdom.khuzait" />-->
    <skills></skills>
    <Traits>
      <Trait id="Calculating" value="1" />
      <Trait id="Honor" value="-1" />
    </Traits>
    <Equipments>
      <EquipmentSet id="cla_scythia_npc_wealthy_template" />
      <EquipmentSet id="cla_scythia_npc_wealthy_template" civilian="true" />
    </Equipments>
  </NPCCharacter>
  <NPCCharacter id="cla_spc_scythia_headman_1" name="{=!}khuzait rebellious headman" voice="earnest" is_template="true" default_group="Infantry" is_hero="false" culture="Culture.khuzait" occupation="Headman">
    <face>
      <face_key_template value="BodyProperty.cla_villager_scythia" />
      <hair_tags>
        <hair_tag name="Ponytail" />
        <hair_tag name="LongAndBushy" />
        <hair_tag name="TiedAcrossBack" />
        <hair_tag name="SlickedLong" />
        <hair_tag name="PartedAndCombedBack" />
        <hair_tag name="Tousled" />
        <hair_tag name="BraidedAndLong" />
        <hair_tag name="Short" />
        <hair_tag name="HighPonytail" />
        <hair_tag name="Mohawk" />
        <hair_tag name="Native Braids" />
        <hair_tag name="Bandit Hair 1" />
        <hair_tag name="Bandit Hair 2" />
        <hair_tag name="Bandit Hair 3" />
      </hair_tags>
      <beard_tags>
        <beard_tag name="Cleanshaven" />
        <beard_tag name="LightShortBeard" />
        <beard_tag name="HeavyShortBeard" />
        <beard_tag name="PointedShortBeard" />
        <beard_tag name="LongBeard" />
        <beard_tag name="HeavyLongBeard" />
        <beard_tag name="LongScragglyBeard" />
        <beard_tag name="LightShortBeard" />
        <beard_tag name="HeavyShortBeard" />
        <beard_tag name="PointedShortBeard" />
        <beard_tag name="LongBeard" />
        <beard_tag name="HeavyLongBeard" />
      </beard_tags>
    </face>
    <!--<Hero id="spc_notable_khuzait_4" faction="Kingdom.khuzait" />-->
    <skills></skills>
    <Traits>
      <Trait id="Valor" value="1" />
      <Trait id="Calculating" value="-1" />
    </Traits>
    <Equipments>
      <EquipmentSet id="cla_scythia_npc_wealthy_template" />
      <EquipmentSet id="cla_scythia_npc_wealthy_template" civilian="true" />
    </Equipments>
  </NPCCharacter>
  <NPCCharacter id="cla_spc_scythia_headman_2" name="{=!}khuzait conservative headman" voice="curt" is_template="true" default_group="Infantry" is_hero="false" culture="Culture.khuzait" occupation="Headman">
    <face>
      <face_key_template value="BodyProperty.cla_villager_scythia" />
      <hair_tags>
        <hair_tag name="Ponytail" />
        <hair_tag name="LongAndBushy" />
        <hair_tag name="TiedAcrossBack" />
        <hair_tag name="SlickedLong" />
        <hair_tag name="PartedAndCombedBack" />
        <hair_tag name="Tousled" />
        <hair_tag name="BraidedAndLong" />
        <hair_tag name="Short" />
        <hair_tag name="HighPonytail" />
        <hair_tag name="Mohawk" />
        <hair_tag name="Native Braids" />
        <hair_tag name="Bandit Hair 1" />
        <hair_tag name="Bandit Hair 2" />
        <hair_tag name="Bandit Hair 3" />
      </hair_tags>
      <beard_tags>
        <beard_tag name="Cleanshaven" />
        <beard_tag name="LightShortBeard" />
        <beard_tag name="HeavyShortBeard" />
        <beard_tag name="PointedShortBeard" />
        <beard_tag name="LongBeard" />
        <beard_tag name="HeavyLongBeard" />
        <beard_tag name="LongScragglyBeard" />
        <beard_tag name="LightShortBeard" />
        <beard_tag name="HeavyShortBeard" />
        <beard_tag name="PointedShortBeard" />
        <beard_tag name="LongBeard" />
        <beard_tag name="HeavyLongBeard" />
      </beard_tags>
    </face>
    <!--<Hero id="spc_notable_khuzait_4" faction="Kingdom.khuzait" />-->
    <skills></skills>
    <Traits>
      <Trait id="Valor" value="-1" />
      <Trait id="Generosity" value="1" />
    </Traits>
    <Equipments>
      <EquipmentSet id="cla_scythia_npc_wealthy_template" />
      <EquipmentSet id="cla_scythia_npc_wealthy_template" civilian="true" />
    </Equipments>
  </NPCCharacter>
  <NPCCharacter id="cla_spc_scythia_headman_3" name="{=!}khuzait devious headman" voice="softspoken" is_template="true" default_group="Infantry" is_hero="false" culture="Culture.khuzait" occupation="Headman">
    <face>
      <face_key_template value="BodyProperty.cla_villager_scythia" />
      <hair_tags>
        <hair_tag name="Ponytail" />
        <hair_tag name="LongAndBushy" />
        <hair_tag name="TiedAcrossBack" />
        <hair_tag name="SlickedLong" />
        <hair_tag name="PartedAndCombedBack" />
        <hair_tag name="Tousled" />
        <hair_tag name="BraidedAndLong" />
        <hair_tag name="Short" />
        <hair_tag name="HighPonytail" />
        <hair_tag name="Mohawk" />
        <hair_tag name="Native Braids" />
        <hair_tag name="Bandit Hair 1" />
        <hair_tag name="Bandit Hair 2" />
        <hair_tag name="Bandit Hair 3" />
      </hair_tags>
      <beard_tags>
        <beard_tag name="Cleanshaven" />
        <beard_tag name="LightShortBeard" />
        <beard_tag name="HeavyShortBeard" />
        <beard_tag name="PointedShortBeard" />
        <beard_tag name="LongBeard" />
        <beard_tag name="HeavyLongBeard" />
        <beard_tag name="LongScragglyBeard" />
        <beard_tag name="LightShortBeard" />
        <beard_tag name="HeavyShortBeard" />
        <beard_tag name="PointedShortBeard" />
        <beard_tag name="LongBeard" />
        <beard_tag name="HeavyLongBeard" />
      </beard_tags>
    </face>
    <!--<Hero id="spc_notable_khuzait_4" faction="Kingdom.khuzait" />-->
    <skills></skills>
    <Traits>
      <Trait id="Calculating" value="1" />
      <Trait id="Honor" value="-1" />
    </Traits>
    <Equipments>
      <EquipmentSet id="cla_scythia_npc_wealthy_template" />
      <EquipmentSet id="cla_scythia_npc_wealthy_template" civilian="true" />
    </Equipments>
  </NPCCharacter>


  <!--Culture:khuzait -->
  <!--Townsman -->
  <NPCCharacter id="cla_child_template_scythia_townsman_male" name="{=!}khuzait Child Townsman Male" age="6" is_child_template="true" is_female="false" default_group="Infantry" is_hero="false" occupation="Townsfolk" culture="Culture.khuzait">
    <face>
      <face_key_template value="BodyProperty.cla_villager_scythia" />
      <hair_tags>
        <hair_tag name="Ponytail" />
        <hair_tag name="LongAndBushy" />
        <hair_tag name="TiedAcrossBack" />
        <hair_tag name="SlickedLong" />
        <hair_tag name="PartedAndCombedBack" />
        <hair_tag name="Tousled" />
        <hair_tag name="BraidedAndLong" />
        <hair_tag name="Short" />
        <hair_tag name="HighPonytail" />
        <hair_tag name="Mohawk" />
        <hair_tag name="Native Braids" />
        <hair_tag name="Bandit Hair 1" />
        <hair_tag name="Bandit Hair 2" />
        <hair_tag name="Bandit Hair 3" />
      </hair_tags>
      <beard_tags>
        <beard_tag name="Cleanshaven" />
        <beard_tag name="LightShortBeard" />
        <beard_tag name="HeavyShortBeard" />
        <beard_tag name="PointedShortBeard" />
        <beard_tag name="LongBeard" />
        <beard_tag name="HeavyLongBeard" />
        <beard_tag name="LongScragglyBeard" />
        <beard_tag name="LightShortBeard" />
        <beard_tag name="HeavyShortBeard" />
        <beard_tag name="PointedShortBeard" />
        <beard_tag name="LongBeard" />
        <beard_tag name="HeavyLongBeard" />
      </beard_tags>
    </face>
    <Equipments>
      <EquipmentSet id="cla_scythia_npc_poor_template" />
      <EquipmentSet id="cla_scythia_npc_poor_template" civilian="true" />
    </Equipments>
  </NPCCharacter>
  <NPCCharacter id="cla_child_template_scythia_townsman_female" name="{=!}khuzait Child Townsman Female" age="6" is_child_template="true" is_female="true" default_group="Infantry" is_hero="false" occupation="Townsfolk" culture="Culture.khuzait">
    <face>
      <face_key_template value="BodyProperty.cla_scythia_townswoman" />
    </face>
    <Equipments>
      <EquipmentSet id="cla_scythia_npc_poor_template" />
      <EquipmentSet id="cla_scythia_npc_poor_template" civilian="true" />
    </Equipments>
  </NPCCharacter>
  <NPCCharacter id="cla_teenager_template_scythia_townsman_male" name="{=!}khuzait Teenager Townsman Male" age="14" is_child_template="true" is_female="false" default_group="Infantry" is_hero="false" occupation="Townsfolk" culture="Culture.khuzait">
    <face>
      <face_key_template value="BodyProperty.cla_villager_scythia" />
      <hair_tags>
        <hair_tag name="Ponytail" />
        <hair_tag name="LongAndBushy" />
        <hair_tag name="TiedAcrossBack" />
        <hair_tag name="SlickedLong" />
        <hair_tag name="PartedAndCombedBack" />
        <hair_tag name="Tousled" />
        <hair_tag name="BraidedAndLong" />
        <hair_tag name="Short" />
        <hair_tag name="HighPonytail" />
        <hair_tag name="Mohawk" />
        <hair_tag name="Native Braids" />
        <hair_tag name="Bandit Hair 1" />
        <hair_tag name="Bandit Hair 2" />
        <hair_tag name="Bandit Hair 3" />
      </hair_tags>
      <beard_tags>
        <beard_tag name="Cleanshaven" />
        <beard_tag name="LightShortBeard" />
        <beard_tag name="HeavyShortBeard" />
        <beard_tag name="PointedShortBeard" />
        <beard_tag name="LongBeard" />
        <beard_tag name="HeavyLongBeard" />
        <beard_tag name="LongScragglyBeard" />
        <beard_tag name="LightShortBeard" />
        <beard_tag name="HeavyShortBeard" />
        <beard_tag name="PointedShortBeard" />
        <beard_tag name="LongBeard" />
        <beard_tag name="HeavyLongBeard" />
      </beard_tags>
    </face>
    <Equipments>
      <EquipmentSet id="cla_scythia_npc_poor_template" />
      <EquipmentSet id="cla_scythia_npc_poor_template" civilian="true" />
    </Equipments>
  </NPCCharacter>
  <NPCCharacter id="cla_teenager_template_scythia_townsman_female" name="{=!}khuzait Teenager Townsman Female" age="14" is_child_template="true" is_female="true" default_group="Infantry" is_hero="false" occupation="Townsfolk" culture="Culture.khuzait">
    <face>
      <face_key_template value="BodyProperty.cla_scythia_townswoman" />
    </face>
    <Equipments>
      <EquipmentSet id="cla_scythia_npc_poor_template" />
      <EquipmentSet id="cla_scythia_npc_poor_template" civilian="true" />
    </Equipments>
  </NPCCharacter>
  <!--Villager -->
  <NPCCharacter id="cla_child_template_scythia_villager_male" name="{=!}khuzait Child Villager Male" age="6" is_child_template="true" is_female="false" default_group="Infantry" is_hero="false" occupation="Villager" culture="Culture.khuzait">
    <face>
      <face_key_template value="BodyProperty.cla_villager_scythia" />
      <hair_tags>
        <hair_tag name="Ponytail" />
        <hair_tag name="LongAndBushy" />
        <hair_tag name="TiedAcrossBack" />
        <hair_tag name="SlickedLong" />
        <hair_tag name="PartedAndCombedBack" />
        <hair_tag name="Tousled" />
        <hair_tag name="BraidedAndLong" />
        <hair_tag name="Short" />
        <hair_tag name="HighPonytail" />
        <hair_tag name="Mohawk" />
        <hair_tag name="Native Braids" />
        <hair_tag name="Bandit Hair 1" />
        <hair_tag name="Bandit Hair 2" />
        <hair_tag name="Bandit Hair 3" />
      </hair_tags>
      <beard_tags>
        <beard_tag name="Cleanshaven" />
        <beard_tag name="LightShortBeard" />
        <beard_tag name="HeavyShortBeard" />
        <beard_tag name="PointedShortBeard" />
        <beard_tag name="LongBeard" />
        <beard_tag name="HeavyLongBeard" />
        <beard_tag name="LongScragglyBeard" />
        <beard_tag name="LightShortBeard" />
        <beard_tag name="HeavyShortBeard" />
        <beard_tag name="PointedShortBeard" />
        <beard_tag name="LongBeard" />
        <beard_tag name="HeavyLongBeard" />
      </beard_tags>
    </face>
    <Equipments>
      <EquipmentSet id="cla_scythia_npc_poor_template" />
      <EquipmentSet id="cla_scythia_npc_poor_template" civilian="true" />
    </Equipments>
  </NPCCharacter>
  <NPCCharacter id="cla_child_template_scythia_villager_female" name="{=!}khuzait Child Villager Female" age="6" is_child_template="true" is_female="true" default_group="Infantry" is_hero="false" occupation="Villager" culture="Culture.khuzait">
    <face>
      <face_key_template value="BodyProperty.cla_scythia_townswoman" />
    </face>
    <Equipments>
      <EquipmentSet id="cla_scythia_npc_poor_template" />
      <EquipmentSet id="cla_scythia_npc_poor_template" civilian="true" />
    </Equipments>
  </NPCCharacter>
  <NPCCharacter id="cla_teenager_template_scythia_villager_male" name="{=!}khuzait Teenager Villager Male" age="14" is_child_template="true" is_female="false" default_group="Infantry" is_hero="false" occupation="Villager" culture="Culture.khuzait">
    <face>
      <face_key_template value="BodyProperty.cla_villager_scythia" />
      <hair_tags>
        <hair_tag name="Ponytail" />
        <hair_tag name="LongAndBushy" />
        <hair_tag name="TiedAcrossBack" />
        <hair_tag name="SlickedLong" />
        <hair_tag name="PartedAndCombedBack" />
        <hair_tag name="Tousled" />
        <hair_tag name="BraidedAndLong" />
        <hair_tag name="Short" />
        <hair_tag name="HighPonytail" />
        <hair_tag name="Mohawk" />
        <hair_tag name="Native Braids" />
        <hair_tag name="Bandit Hair 1" />
        <hair_tag name="Bandit Hair 2" />
        <hair_tag name="Bandit Hair 3" />
      </hair_tags>
      <beard_tags>
        <beard_tag name="Cleanshaven" />
        <beard_tag name="LightShortBeard" />
        <beard_tag name="HeavyShortBeard" />
        <beard_tag name="PointedShortBeard" />
        <beard_tag name="LongBeard" />
        <beard_tag name="HeavyLongBeard" />
        <beard_tag name="LongScragglyBeard" />
        <beard_tag name="LightShortBeard" />
        <beard_tag name="HeavyShortBeard" />
        <beard_tag name="PointedShortBeard" />
        <beard_tag name="LongBeard" />
        <beard_tag name="HeavyLongBeard" />
      </beard_tags>
    </face>
    <Equipments>
      <EquipmentSet id="cla_scythia_npc_poor_template" />
      <EquipmentSet id="cla_scythia_npc_poor_template" civilian="true" />
    </Equipments>
  </NPCCharacter>
  <NPCCharacter id="cla_teenager_template_scythia_villager_female" name="{=!}khuzait Teenager Villager Female" age="14" is_child_template="true" is_female="true" default_group="Infantry" is_hero="false" occupation="Villager" culture="Culture.khuzait">
    <face>
      <face_key_template value="BodyProperty.cla_scythia_townswoman" />
    </face>
    <Equipments>
      <EquipmentSet id="cla_scythia_npc_poor_template" />
      <EquipmentSet id="cla_scythia_npc_poor_template" civilian="true" />
    </Equipments>
  </NPCCharacter>
  <!--Noble -->
  <NPCCharacter id="cla_child_template_scythia_noble_male" name="{=!}khuzait Child Noble Male" age="6" is_child_template="true" is_female="false" default_group="Infantry" is_hero="false" occupation="Lord" culture="Culture.khuzait">
    <face>
      <face_key_template value="BodyProperty.cla_villager_scythia" />
      <hair_tags>
        <hair_tag name="Ponytail" />
        <hair_tag name="LongAndBushy" />
        <hair_tag name="TiedAcrossBack" />
        <hair_tag name="SlickedLong" />
        <hair_tag name="PartedAndCombedBack" />
        <hair_tag name="Tousled" />
        <hair_tag name="BraidedAndLong" />
        <hair_tag name="Short" />
        <hair_tag name="HighPonytail" />
        <hair_tag name="Mohawk" />
        <hair_tag name="Native Braids" />
        <hair_tag name="Bandit Hair 1" />
        <hair_tag name="Bandit Hair 2" />
        <hair_tag name="Bandit Hair 3" />
      </hair_tags>
      <beard_tags>
        <beard_tag name="Cleanshaven" />
        <beard_tag name="LightShortBeard" />
        <beard_tag name="HeavyShortBeard" />
        <beard_tag name="PointedShortBeard" />
        <beard_tag name="LongBeard" />
        <beard_tag name="HeavyLongBeard" />
        <beard_tag name="LongScragglyBeard" />
        <beard_tag name="LightShortBeard" />
        <beard_tag name="HeavyShortBeard" />
        <beard_tag name="PointedShortBeard" />
        <beard_tag name="LongBeard" />
        <beard_tag name="HeavyLongBeard" />
      </beard_tags>
    </face>
    <Equipments>
      <EquipmentSet id="cla_scythia_npc_wealthy_template" />
      <EquipmentSet id="cla_scythia_npc_wealthy_template" civilian="true" />
    </Equipments>
  </NPCCharacter>
  <NPCCharacter id="cla_child_template_scythia_noble_female" name="{=!}khuzait Child Noble Female" age="6" is_child_template="true" is_female="true" default_group="Infantry" is_hero="false" occupation="Lord" culture="Culture.khuzait">
    <face>
      <face_key_template value="BodyProperty.cla_scythia_townswoman" />
    </face>
    <Equipments>
      <EquipmentSet id="cla_scythia_npc_wealthy_template" />
      <EquipmentSet id="cla_scythia_npc_wealthy_template" civilian="true" />
    </Equipments>
  </NPCCharacter>
  <NPCCharacter id="cla_teenager_template_scythia_noble_male" name="{=!}khuzait Teenager Noble Male" age="14" is_child_template="true" is_female="false" default_group="Infantry" is_hero="false" occupation="Lord" culture="Culture.khuzait">
    <face>
      <face_key_template value="BodyProperty.cla_villager_scythia" />
      <hair_tags>
        <hair_tag name="Ponytail" />
        <hair_tag name="LongAndBushy" />
        <hair_tag name="TiedAcrossBack" />
        <hair_tag name="SlickedLong" />
        <hair_tag name="PartedAndCombedBack" />
        <hair_tag name="Tousled" />
        <hair_tag name="BraidedAndLong" />
        <hair_tag name="Short" />
        <hair_tag name="HighPonytail" />
        <hair_tag name="Mohawk" />
        <hair_tag name="Native Braids" />
        <hair_tag name="Bandit Hair 1" />
        <hair_tag name="Bandit Hair 2" />
        <hair_tag name="Bandit Hair 3" />
      </hair_tags>
      <beard_tags>
        <beard_tag name="Cleanshaven" />
        <beard_tag name="LightShortBeard" />
        <beard_tag name="HeavyShortBeard" />
        <beard_tag name="PointedShortBeard" />
        <beard_tag name="LongBeard" />
        <beard_tag name="HeavyLongBeard" />
        <beard_tag name="LongScragglyBeard" />
        <beard_tag name="LightShortBeard" />
        <beard_tag name="HeavyShortBeard" />
        <beard_tag name="PointedShortBeard" />
        <beard_tag name="LongBeard" />
        <beard_tag name="HeavyLongBeard" />
      </beard_tags>
    </face>
    <Equipments>
      <EquipmentSet id="cla_scythia_npc_wealthy_template" />
      <EquipmentSet id="cla_scythia_npc_wealthy_template" civilian="true" />
    </Equipments>
  </NPCCharacter>
  <NPCCharacter id="cla_teenager_template_scythia_noble_female" name="{=!}khuzait Teenager Noble Female" age="14" is_child_template="true" is_female="true" default_group="Infantry" is_hero="false" occupation="Lord" culture="Culture.khuzait">
    <face>
      <face_key_template value="BodyProperty.cla_scythia_townswoman" />
    </face>
    <Equipments>
      <EquipmentSet id="cla_scythia_npc_wealthy_template" />
      <EquipmentSet id="cla_scythia_npc_wealthy_template" civilian="true" />
    </Equipments>
  </NPCCharacter>

</NPCCharacters>