<?xml version="1.0" encoding="utf-8"?>
<NPCCharacters>
<!-- Millitia-->
  <NPCCharacter id="cla_scythia_militia_archer"
                default_group="Ranged"
                level="11"
                name="{=cla_scythia_militia_archer}Saka Militia Archer"
                occupation="Soldier"
                culture="Culture.khuzait"
                skill_template="SkillSet.cla_skills_level11">
    <face>
      <face_key_template value="BodyProperty.cla_fighter_scythia" />
      <hair_tags>
        <hair_tag name="Ponytail" />
        <hair_tag name="LongAndBushy" />
        <hair_tag name="TiedAcrossBack" />
        <hair_tag name="SlickedLong" />
        <hair_tag name="PartedAndCombedBack" />
        <hair_tag name="Tousled" />
        <hair_tag name="BraidedAndLong" />
        <hair_tag name="Short" />
        <hair_tag name="HighPonytail" />
        <hair_tag name="Mohawk" />
        <hair_tag name="Native Braids" />
        <hair_tag name="Bandit Hair 1" />
        <hair_tag name="Bandit Hair 2" />
        <hair_tag name="Bandit Hair 3" />
      </hair_tags>
      <beard_tags>
        <beard_tag name="Cleanshaven" />
        <beard_tag name="LightShortBeard" />
        <beard_tag name="HeavyShortBeard" />
        <beard_tag name="PointedShortBeard" />
        <beard_tag name="LongBeard" />
        <beard_tag name="HeavyLongBeard" />
        <beard_tag name="LongScragglyBeard" />
        <beard_tag name="LightShortBeard" />
        <beard_tag name="HeavyShortBeard" />
        <beard_tag name="PointedShortBeard" />
        <beard_tag name="LongBeard" />
        <beard_tag name="HeavyLongBeard" />
      </beard_tags>
    </face>
    <upgrade_targets></upgrade_targets>
    <Equipments>
      <EquipmentSet id="cla_scythia_militia_archer_template" />
      <EquipmentSet id="cla_scythia_militia_archer_template" civilian="true" />
    </Equipments>
  </NPCCharacter>
  <NPCCharacter id="cla_scythia_militia_veteran_archer"
                default_group="Ranged"
                level="16"
                name="{=cla_scythia_militia_veteran_archer}Saka Militia Veteran Archer"
                occupation="Soldier"
                culture="Culture.khuzait"
                skill_template="SkillSet.cla_skills_level16">
    <face>
      <face_key_template value="BodyProperty.cla_fighter_scythia" />
      <hair_tags>
        <hair_tag name="Ponytail" />
        <hair_tag name="LongAndBushy" />
        <hair_tag name="TiedAcrossBack" />
        <hair_tag name="SlickedLong" />
        <hair_tag name="PartedAndCombedBack" />
        <hair_tag name="Tousled" />
        <hair_tag name="BraidedAndLong" />
        <hair_tag name="Short" />
        <hair_tag name="HighPonytail" />
        <hair_tag name="Mohawk" />
        <hair_tag name="Native Braids" />
        <hair_tag name="Bandit Hair 1" />
        <hair_tag name="Bandit Hair 2" />
        <hair_tag name="Bandit Hair 3" />
      </hair_tags>
      <beard_tags>
        <beard_tag name="Cleanshaven" />
        <beard_tag name="LightShortBeard" />
        <beard_tag name="HeavyShortBeard" />
        <beard_tag name="PointedShortBeard" />
        <beard_tag name="LongBeard" />
        <beard_tag name="HeavyLongBeard" />
        <beard_tag name="LongScragglyBeard" />
        <beard_tag name="LightShortBeard" />
        <beard_tag name="HeavyShortBeard" />
        <beard_tag name="PointedShortBeard" />
        <beard_tag name="LongBeard" />
        <beard_tag name="HeavyLongBeard" />
      </beard_tags>
    </face>
    <upgrade_targets></upgrade_targets>
    <Equipments>
      <EquipmentSet id="cla_scythia_militia_veteran_archer_template" />
      <EquipmentSet id="cla_scythia_militia_veteran_archer_template" civilian="true" />
    </Equipments>
  </NPCCharacter>
  <NPCCharacter id="cla_scythia_militia_spearman"
                default_group="Infantry"
                level="11"
                name="{=cla_scythia_militia_spearman}Saka Militia Spearman"
                occupation="Soldier"
                culture="Culture.khuzait"
                skill_template="SkillSet.cla_skills_level11">
    <face>
      <face_key_template value="BodyProperty.cla_fighter_scythia" />
      <hair_tags>
        <hair_tag name="Ponytail" />
        <hair_tag name="LongAndBushy" />
        <hair_tag name="TiedAcrossBack" />
        <hair_tag name="SlickedLong" />
        <hair_tag name="PartedAndCombedBack" />
        <hair_tag name="Tousled" />
        <hair_tag name="BraidedAndLong" />
        <hair_tag name="Short" />
        <hair_tag name="HighPonytail" />
        <hair_tag name="Mohawk" />
        <hair_tag name="Native Braids" />
        <hair_tag name="Bandit Hair 1" />
        <hair_tag name="Bandit Hair 2" />
        <hair_tag name="Bandit Hair 3" />
      </hair_tags>
      <beard_tags>
        <beard_tag name="Cleanshaven" />
        <beard_tag name="LightShortBeard" />
        <beard_tag name="HeavyShortBeard" />
        <beard_tag name="PointedShortBeard" />
        <beard_tag name="LongBeard" />
        <beard_tag name="HeavyLongBeard" />
        <beard_tag name="LongScragglyBeard" />
        <beard_tag name="LightShortBeard" />
        <beard_tag name="HeavyShortBeard" />
        <beard_tag name="PointedShortBeard" />
        <beard_tag name="LongBeard" />
        <beard_tag name="HeavyLongBeard" />
      </beard_tags>
    </face>
    <upgrade_targets></upgrade_targets>
    <Equipments>
      <EquipmentSet id="cla_scythia_militia_spearman_template" />
      <EquipmentSet id="cla_scythia_militia_spearman_template" civilian="true" />
    </Equipments>
  </NPCCharacter>
  <NPCCharacter id="cla_scythia_militia_veteran_spearman"
                default_group="Infantry"
                level="16"
                name="{=cla_scythia_militia_veteran_spearman}Saka Militia Veteran Spearman"
                occupation="Soldier"
                culture="Culture.khuzait"
                skill_template="SkillSet.cla_skills_level16">
    <face>
      <face_key_template value="BodyProperty.cla_fighter_scythia" />
      <hair_tags>
        <hair_tag name="Ponytail" />
        <hair_tag name="LongAndBushy" />
        <hair_tag name="TiedAcrossBack" />
        <hair_tag name="SlickedLong" />
        <hair_tag name="PartedAndCombedBack" />
        <hair_tag name="Tousled" />
        <hair_tag name="BraidedAndLong" />
        <hair_tag name="Short" />
        <hair_tag name="HighPonytail" />
        <hair_tag name="Mohawk" />
        <hair_tag name="Native Braids" />
        <hair_tag name="Bandit Hair 1" />
        <hair_tag name="Bandit Hair 2" />
        <hair_tag name="Bandit Hair 3" />
      </hair_tags>
      <beard_tags>
        <beard_tag name="Cleanshaven" />
        <beard_tag name="LightShortBeard" />
        <beard_tag name="HeavyShortBeard" />
        <beard_tag name="PointedShortBeard" />
        <beard_tag name="LongBeard" />
        <beard_tag name="HeavyLongBeard" />
        <beard_tag name="LongScragglyBeard" />
        <beard_tag name="LightShortBeard" />
        <beard_tag name="HeavyShortBeard" />
        <beard_tag name="PointedShortBeard" />
        <beard_tag name="LongBeard" />
        <beard_tag name="HeavyLongBeard" />
      </beard_tags>
    </face>
    <upgrade_targets></upgrade_targets>
    <Equipments>
      <EquipmentSet id="cla_scythia_militia_veteran_spearman_template" />
      <EquipmentSet id="cla_scythia_militia_veteran_spearman_template" civilian="true" />
    </Equipments>
  </NPCCharacter>
<!-- Caravan -->
  <NPCCharacter id="cla_scythia_caravan_master"
                default_group="Infantry"
                level="26"
                name="{=cla_scythia_caravan_master}Saka Caravan Master"
                occupation="CaravanGuard"
                culture="Culture.khuzait"
                skill_template="SkillSet.cla_skills_level26">
    <face>
      <face_key_template value="BodyProperty.cla_fighter_scythia" />
      <hair_tags>
        <hair_tag name="Ponytail" />
        <hair_tag name="LongAndBushy" />
        <hair_tag name="TiedAcrossBack" />
        <hair_tag name="SlickedLong" />
        <hair_tag name="PartedAndCombedBack" />
        <hair_tag name="Tousled" />
        <hair_tag name="BraidedAndLong" />
        <hair_tag name="Short" />
        <hair_tag name="HighPonytail" />
        <hair_tag name="Mohawk" />
        <hair_tag name="Native Braids" />
        <hair_tag name="Bandit Hair 1" />
        <hair_tag name="Bandit Hair 2" />
        <hair_tag name="Bandit Hair 3" />
      </hair_tags>
      <beard_tags>
        <beard_tag name="Cleanshaven" />
        <beard_tag name="LightShortBeard" />
        <beard_tag name="HeavyShortBeard" />
        <beard_tag name="PointedShortBeard" />
        <beard_tag name="LongBeard" />
        <beard_tag name="HeavyLongBeard" />
        <beard_tag name="LongScragglyBeard" />
        <beard_tag name="LightShortBeard" />
        <beard_tag name="HeavyShortBeard" />
        <beard_tag name="PointedShortBeard" />
        <beard_tag name="LongBeard" />
        <beard_tag name="HeavyLongBeard" />
      </beard_tags>
    </face>
    <upgrade_targets></upgrade_targets>
    <Equipments>
      <EquipmentSet id="cla_scythia_caravan_master_template" />
      <EquipmentSet id="cla_scythia_caravan_master_template" civilian="true" />
    </Equipments>
  </NPCCharacter>
  <NPCCharacter id="cla_scythia_caravan_guard"
                default_group="Cavalry"
                level="16"
                name="{=cla_scythia_caravan_guard}Saka Caravan Guard"
                upgrade_requires="ItemCategory.horse"
                occupation="CaravanGuard"
                culture="Culture.khuzait"
                skill_template="SkillSet.cla_skills_level16">
    <face>
      <face_key_template value="BodyProperty.cla_fighter_scythia" />
      <hair_tags>
        <hair_tag name="Ponytail" />
        <hair_tag name="LongAndBushy" />
        <hair_tag name="TiedAcrossBack" />
        <hair_tag name="SlickedLong" />
        <hair_tag name="PartedAndCombedBack" />
        <hair_tag name="Tousled" />
        <hair_tag name="BraidedAndLong" />
        <hair_tag name="Short" />
        <hair_tag name="HighPonytail" />
        <hair_tag name="Mohawk" />
        <hair_tag name="Native Braids" />
        <hair_tag name="Bandit Hair 1" />
        <hair_tag name="Bandit Hair 2" />
        <hair_tag name="Bandit Hair 3" />
      </hair_tags>
      <beard_tags>
        <beard_tag name="Cleanshaven" />
        <beard_tag name="LightShortBeard" />
        <beard_tag name="HeavyShortBeard" />
        <beard_tag name="PointedShortBeard" />
        <beard_tag name="LongBeard" />
        <beard_tag name="HeavyLongBeard" />
        <beard_tag name="LongScragglyBeard" />
        <beard_tag name="LightShortBeard" />
        <beard_tag name="HeavyShortBeard" />
        <beard_tag name="PointedShortBeard" />
        <beard_tag name="LongBeard" />
        <beard_tag name="HeavyLongBeard" />
      </beard_tags>
    </face>
    <upgrade_targets></upgrade_targets>
    <Equipments>
      <EquipmentSet id="cla_scythia_caravan_guard_template" />
      <EquipmentSet id="cla_scythia_caravan_guard_template" civilian="true" />
    </Equipments>
  </NPCCharacter>
  <NPCCharacter id="cla_scythia_veteran_caravan_guard"
                default_group="HorseArcher"
                level="21"
                name="{=cla_scythia_veteran_caravan_guard}Saka Veteran Caravan Guard"
                upgrade_requires="ItemCategory.war_horse"
                occupation="CaravanGuard"
                culture="Culture.khuzait"
                skill_template="SkillSet.cla_skills_level21">
    <face>
      <face_key_template value="BodyProperty.cla_fighter_scythia" />
      <hair_tags>
        <hair_tag name="Ponytail" />
        <hair_tag name="LongAndBushy" />
        <hair_tag name="TiedAcrossBack" />
        <hair_tag name="SlickedLong" />
        <hair_tag name="PartedAndCombedBack" />
        <hair_tag name="Tousled" />
        <hair_tag name="BraidedAndLong" />
        <hair_tag name="Short" />
        <hair_tag name="HighPonytail" />
        <hair_tag name="Mohawk" />
        <hair_tag name="Native Braids" />
        <hair_tag name="Bandit Hair 1" />
        <hair_tag name="Bandit Hair 2" />
        <hair_tag name="Bandit Hair 3" />
      </hair_tags>
      <beard_tags>
        <beard_tag name="Cleanshaven" />
        <beard_tag name="LightShortBeard" />
        <beard_tag name="HeavyShortBeard" />
        <beard_tag name="PointedShortBeard" />
        <beard_tag name="LongBeard" />
        <beard_tag name="HeavyLongBeard" />
        <beard_tag name="LongScragglyBeard" />
        <beard_tag name="LightShortBeard" />
        <beard_tag name="HeavyShortBeard" />
        <beard_tag name="PointedShortBeard" />
        <beard_tag name="LongBeard" />
        <beard_tag name="HeavyLongBeard" />
      </beard_tags>
    </face>
    <upgrade_targets></upgrade_targets>
    <Equipments>
      <EquipmentSet id="cla_scythia_veteran_caravan_guard_template" />
      <EquipmentSet id="cla_scythia_veteran_caravan_guard_template" civilian="true" />
    </Equipments>
  </NPCCharacter>
  <NPCCharacter id="cla_scythia_armed_trader"
                default_group="Ranged"
                level="16"
                name="{=cla_scythia_armed_trader}Saka Armed Trader"
                occupation="CaravanGuard"
                is_basic_troop="true"
                culture="Culture.khuzait"
                skill_template="SkillSet.cla_skills_level16">
    <face>
      <face_key_template value="BodyProperty.cla_fighter_scythia" />
      <hair_tags>
        <hair_tag name="Ponytail" />
        <hair_tag name="LongAndBushy" />
        <hair_tag name="TiedAcrossBack" />
        <hair_tag name="SlickedLong" />
        <hair_tag name="PartedAndCombedBack" />
        <hair_tag name="Tousled" />
        <hair_tag name="BraidedAndLong" />
        <hair_tag name="Short" />
        <hair_tag name="HighPonytail" />
        <hair_tag name="Mohawk" />
        <hair_tag name="Native Braids" />
        <hair_tag name="Bandit Hair 1" />
        <hair_tag name="Bandit Hair 2" />
        <hair_tag name="Bandit Hair 3" />
      </hair_tags>
      <beard_tags>
        <beard_tag name="Cleanshaven" />
        <beard_tag name="LightShortBeard" />
        <beard_tag name="HeavyShortBeard" />
        <beard_tag name="PointedShortBeard" />
        <beard_tag name="LongBeard" />
        <beard_tag name="HeavyLongBeard" />
        <beard_tag name="LongScragglyBeard" />
        <beard_tag name="LightShortBeard" />
        <beard_tag name="HeavyShortBeard" />
        <beard_tag name="PointedShortBeard" />
        <beard_tag name="LongBeard" />
        <beard_tag name="HeavyLongBeard" />
      </beard_tags>
    </face>
    <upgrade_targets></upgrade_targets>
    <Equipments>
      <EquipmentSet id="cla_scythia_armed_trader_template" />
      <EquipmentSet id="cla_scythia_armed_trader_template" civilian="true" />
    </Equipments>
  </NPCCharacter>
<!-- NPCs -->
  <NPCCharacter id="cla_scythia_tournament_master"
                default_group="Infantry"
                is_hero="false"
                occupation="ArenaMaster"
                culture="Culture.khuzait"
                name="{=IHKXNP9H}Tournament Master"
                skill_template="SkillSet.cla_skills_level6">
    <face>
      <face_key_template value="BodyProperty.cla_villager_scythia" />
      <hair_tags>
        <hair_tag name="Ponytail" />
        <hair_tag name="LongAndBushy" />
        <hair_tag name="TiedAcrossBack" />
        <hair_tag name="SlickedLong" />
        <hair_tag name="PartedAndCombedBack" />
        <hair_tag name="Tousled" />
        <hair_tag name="BraidedAndLong" />
        <hair_tag name="Short" />
        <hair_tag name="HighPonytail" />
        <hair_tag name="Mohawk" />
        <hair_tag name="Native Braids" />
        <hair_tag name="Bandit Hair 1" />
        <hair_tag name="Bandit Hair 2" />
        <hair_tag name="Bandit Hair 3" />
      </hair_tags>
      <beard_tags>
        <beard_tag name="Cleanshaven" />
        <beard_tag name="LightShortBeard" />
        <beard_tag name="HeavyShortBeard" />
        <beard_tag name="PointedShortBeard" />
        <beard_tag name="LongBeard" />
        <beard_tag name="HeavyLongBeard" />
        <beard_tag name="LongScragglyBeard" />
        <beard_tag name="LightShortBeard" />
        <beard_tag name="HeavyShortBeard" />
        <beard_tag name="PointedShortBeard" />
        <beard_tag name="LongBeard" />
        <beard_tag name="HeavyLongBeard" />
      </beard_tags>
    </face>
    <Equipments>
      <EquipmentSet id="cla_scythia_npc_wealthy_template" />
      <EquipmentSet id="cla_scythia_npc_wealthy_template" civilian="true" />
    </Equipments>
  </NPCCharacter>

  <NPCCharacter id="cla_scythia_duel_preset"
                default_group="Infantry"
                level="1"
                occupation="Townsfolk"
                culture="Culture.khuzait"
                name="{=cla_scythia_duel_preset}Saka Tribesman"
                skill_template="SkillSet.cla_skills_level6">
    <face>
      <BodyProperties version="4" age="37.08" weight="0.008" build="0.4325" key="000B000B40000000700000000006080003000000000000080000000008070000000667A406000000000000000000000000000000000000000000000000F00000" />
      <BodyPropertiesMax version="4" age="77.59" weight="0.5213" build="0.6" key="0010F00FC00033CFFFF88EFFFFF88FFFFFFFFFFFFFF7FFFFFFFFFFFFFFFFFFFF0870878907FFFFFF00000000000000000000000000000000000000006AF09105" />
    </face>
    <upgrade_targets></upgrade_targets>
    <Equipments>
      <EquipmentSet id="cla_scythia_duel_preset_template" />
      <EquipmentSet id="cla_scythia_npc_poor_template" civilian="true" />
    </Equipments>
  </NPCCharacter>

  <NPCCharacter id="cla_scythia_prison_guard"
                default_group="Infantry"
                level="21"
                culture="Culture.khuzait"
                occupation="PrisonGuard"
                name="{=XgjXfmM1}Prison Guard"
                skill_template="SkillSet.cla_skills_level21">
    <face>
      <face_key_template value="BodyProperty.cla_fighter_scythia" />
      <hair_tags>
        <hair_tag name="Ponytail" />
        <hair_tag name="LongAndBushy" />
        <hair_tag name="TiedAcrossBack" />
        <hair_tag name="SlickedLong" />
        <hair_tag name="PartedAndCombedBack" />
        <hair_tag name="Tousled" />
        <hair_tag name="BraidedAndLong" />
        <hair_tag name="Short" />
        <hair_tag name="HighPonytail" />
        <hair_tag name="Mohawk" />
        <hair_tag name="Native Braids" />
        <hair_tag name="Bandit Hair 1" />
        <hair_tag name="Bandit Hair 2" />
        <hair_tag name="Bandit Hair 3" />
      </hair_tags>
      <beard_tags>
        <beard_tag name="Cleanshaven" />
        <beard_tag name="LightShortBeard" />
        <beard_tag name="HeavyShortBeard" />
        <beard_tag name="PointedShortBeard" />
        <beard_tag name="LongBeard" />
        <beard_tag name="HeavyLongBeard" />
        <beard_tag name="LongScragglyBeard" />
        <beard_tag name="LightShortBeard" />
        <beard_tag name="HeavyShortBeard" />
        <beard_tag name="PointedShortBeard" />
        <beard_tag name="LongBeard" />
        <beard_tag name="HeavyLongBeard" />
      </beard_tags>
    </face>
    <upgrade_targets></upgrade_targets>
    <Equipments>
      <EquipmentSet id="cla_scythia_prison_guard_template" />
      <EquipmentSet id="cla_scythia_prison_guard_template" civilian="true" />
    </Equipments>
  </NPCCharacter>
  <NPCCharacter id="cla_scythia_guard"
                default_group="Infantry"
                level="21"
                occupation="Soldier"
                culture="Culture.khuzait"
                name="{=guardnoun}Guard"
                skill_template="SkillSet.cla_skills_level21"
                is_hidden_encyclopedia="true">
    <face>
      <face_key_template value="BodyProperty.cla_fighter_scythia" />
      <hair_tags>
        <hair_tag name="Ponytail" />
        <hair_tag name="LongAndBushy" />
        <hair_tag name="TiedAcrossBack" />
        <hair_tag name="SlickedLong" />
        <hair_tag name="PartedAndCombedBack" />
        <hair_tag name="Tousled" />
        <hair_tag name="BraidedAndLong" />
        <hair_tag name="Short" />
        <hair_tag name="HighPonytail" />
        <hair_tag name="Mohawk" />
        <hair_tag name="Native Braids" />
        <hair_tag name="Bandit Hair 1" />
        <hair_tag name="Bandit Hair 2" />
        <hair_tag name="Bandit Hair 3" />
      </hair_tags>
      <beard_tags>
        <beard_tag name="Cleanshaven" />
        <beard_tag name="LightShortBeard" />
        <beard_tag name="HeavyShortBeard" />
        <beard_tag name="PointedShortBeard" />
        <beard_tag name="LongBeard" />
        <beard_tag name="HeavyLongBeard" />
        <beard_tag name="LongScragglyBeard" />
        <beard_tag name="LightShortBeard" />
        <beard_tag name="HeavyShortBeard" />
        <beard_tag name="PointedShortBeard" />
        <beard_tag name="LongBeard" />
        <beard_tag name="HeavyLongBeard" />
      </beard_tags>
    </face>
    <upgrade_targets></upgrade_targets>
    <Equipments>
      <EquipmentSet id="cla_scythia_guard_template" />
      <EquipmentSet id="cla_scythia_guard_template" civilian="true" />
    </Equipments>
  </NPCCharacter>
  <NPCCharacter id="cla_scythia_blacksmith"
                default_group="Infantry"
                is_hero="false"
                occupation="Blacksmith"
                culture="Culture.khuzait"
                name="{=bNnQt4jN}Blacksmith"
                skill_template="SkillSet.cla_skills_level6">
    <face>
      <face_key_template value="BodyProperty.cla_fighter_scythia" />
      <hair_tags>
        <hair_tag name="Ponytail" />
        <hair_tag name="LongAndBushy" />
        <hair_tag name="TiedAcrossBack" />
        <hair_tag name="SlickedLong" />
        <hair_tag name="PartedAndCombedBack" />
        <hair_tag name="Tousled" />
        <hair_tag name="BraidedAndLong" />
        <hair_tag name="Short" />
        <hair_tag name="HighPonytail" />
        <hair_tag name="Mohawk" />
        <hair_tag name="Native Braids" />
        <hair_tag name="Bandit Hair 1" />
        <hair_tag name="Bandit Hair 2" />
        <hair_tag name="Bandit Hair 3" />
      </hair_tags>
      <beard_tags>
        <beard_tag name="Cleanshaven" />
        <beard_tag name="LightShortBeard" />
        <beard_tag name="HeavyShortBeard" />
        <beard_tag name="PointedShortBeard" />
        <beard_tag name="LongBeard" />
        <beard_tag name="HeavyLongBeard" />
        <beard_tag name="LongScragglyBeard" />
        <beard_tag name="LightShortBeard" />
        <beard_tag name="HeavyShortBeard" />
        <beard_tag name="PointedShortBeard" />
        <beard_tag name="LongBeard" />
        <beard_tag name="HeavyLongBeard" />
      </beard_tags>
    </face>
    <Equipments>
      <EquipmentSet id="cla_scythia_npc_wealthy_template" />
      <EquipmentSet id="cla_scythia_npc_wealthy_template" civilian="true" />
    </Equipments>
  </NPCCharacter>
  <NPCCharacter id="cla_scythia_weaponsmith"
                default_group="Infantry"
                is_hero="false"
                occupation="Weaponsmith"
                culture="Culture.khuzait"
                name="{=UaN2lfwi}Weaponsmith"
                skill_template="SkillSet.cla_skills_level6">
    <face>
      <face_key_template value="BodyProperty.cla_villager_scythia" />
      <hair_tags>
        <hair_tag name="Ponytail" />
        <hair_tag name="LongAndBushy" />
        <hair_tag name="TiedAcrossBack" />
        <hair_tag name="SlickedLong" />
        <hair_tag name="PartedAndCombedBack" />
        <hair_tag name="Tousled" />
        <hair_tag name="BraidedAndLong" />
        <hair_tag name="Short" />
        <hair_tag name="HighPonytail" />
        <hair_tag name="Mohawk" />
        <hair_tag name="Native Braids" />
        <hair_tag name="Bandit Hair 1" />
        <hair_tag name="Bandit Hair 2" />
        <hair_tag name="Bandit Hair 3" />
      </hair_tags>
      <beard_tags>
        <beard_tag name="Cleanshaven" />
        <beard_tag name="LightShortBeard" />
        <beard_tag name="HeavyShortBeard" />
        <beard_tag name="PointedShortBeard" />
        <beard_tag name="LongBeard" />
        <beard_tag name="HeavyLongBeard" />
        <beard_tag name="LongScragglyBeard" />
        <beard_tag name="LightShortBeard" />
        <beard_tag name="HeavyShortBeard" />
        <beard_tag name="PointedShortBeard" />
        <beard_tag name="LongBeard" />
        <beard_tag name="HeavyLongBeard" />
      </beard_tags>
    </face>
    <Equipments>
      <EquipmentSet id="cla_scythia_npc_wealthy_template" />
      <EquipmentSet id="cla_scythia_npc_wealthy_template" civilian="true" />
    </Equipments>
  </NPCCharacter>

  <NPCCharacter id="cla_scythia_townswoman"
                default_group="Infantry"
                is_female="true"
                level="1"
                name="{=femaletribeswoman}Tribeswoman"
                occupation="Townsfolk"
                culture="Culture.khuzait"
                skill_template="SkillSet.cla_skills_level6">
    <face>
      <face_key_template value="BodyProperty.cla_scythia_townswoman" />
    </face>
    <Equipments>
      <EquipmentSet id="cla_scythia_npc_poor_template" />
      <EquipmentSet id="cla_scythia_npc_poor_template" civilian="true" />
    </Equipments>
  </NPCCharacter>
  <NPCCharacter id="cla_scythia_townswoman_infant"
                name="{=femaleinfant}Infant"
                age="3"
                is_female="true"
                default_group="Infantry"
                is_hero="false"
                occupation="Townsfolk"
                culture="Culture.khuzait"
                skill_template="SkillSet.cla_skills_level6">
    <face>
      <face_key_template value="BodyProperty.cla_scythia_townswoman" />
    </face>
    <Equipments>
      <EquipmentSet id="cla_scythia_npc_poor_template" />
      <EquipmentSet id="cla_scythia_npc_poor_template" civilian="true" />
    </Equipments>
  </NPCCharacter>
  <NPCCharacter id="cla_scythia_townswoman_child"
                name="{=femalechild}Child"
                age="6"
                is_female="true"
                default_group="Infantry"
                is_hero="false"
                occupation="Townsfolk"
                culture="Culture.khuzait"
                skill_template="SkillSet.cla_skills_level6">
    <face>
      <face_key_template value="BodyProperty.cla_scythia_townswoman" />
    </face>
    <Equipments>
      <EquipmentSet id="cla_scythia_npc_poor_template" />
      <EquipmentSet id="cla_scythia_npc_poor_template" civilian="true" />
    </Equipments>
  </NPCCharacter>
  <NPCCharacter id="cla_scythia_townswoman_teenager"
                name="{=femaleteenager}Teenager"
                age="14"
                is_female="true"
                default_group="Infantry"
                is_hero="false"
                occupation="Townsfolk"
                culture="Culture.khuzait"
                skill_template="SkillSet.cla_skills_level6">
    <face>
      <face_key_template value="BodyProperty.cla_scythia_townswoman" />
    </face>
    <Equipments>
      <EquipmentSet id="cla_scythia_npc_poor_template" />
      <EquipmentSet id="cla_scythia_npc_poor_template" civilian="true" />
    </Equipments>
  </NPCCharacter>
  <NPCCharacter id="cla_scythia_village_woman"
                default_group="Infantry"
                is_female="true"
                level="1"
                name="{=femaletribeswoman}Tribeswoman"
                occupation="Villager"
                culture="Culture.khuzait"
                skill_template="SkillSet.cla_skills_level6">
    <face>
      <face_key_template value="BodyProperty.cla_scythia_townswoman" />
    </face>
    <Equipments>
      <EquipmentSet id="cla_scythia_npc_poor_template" />
      <EquipmentSet id="cla_scythia_npc_poor_template" civilian="true" />
    </Equipments>
  </NPCCharacter>
  <NPCCharacter id="cla_scythia_village_woman_infant"
                name="{=femaleinfant}Infant"
                age="3"
                is_female="true"
                default_group="Infantry"
                is_hero="false"
                occupation="Villager"
                culture="Culture.khuzait"
                skill_template="SkillSet.cla_skills_level6">
    <face>
      <face_key_template value="BodyProperty.cla_scythia_townswoman" />
    </face>
    <Equipments>
      <EquipmentSet id="cla_scythia_npc_poor_template" />
      <EquipmentSet id="cla_scythia_npc_poor_template" civilian="true" />
    </Equipments>
  </NPCCharacter>
  <NPCCharacter id="cla_scythia_village_woman_child"
                name="{=femalechild}Child"
                age="6"
                is_female="true"
                default_group="Infantry"
                is_hero="false"
                occupation="Villager"
                culture="Culture.khuzait"
                skill_template="SkillSet.cla_skills_level6">
    <face>
      <face_key_template value="BodyProperty.cla_scythia_townswoman" />
    </face>
    <Equipments>
      <EquipmentSet id="cla_scythia_npc_poor_template" />
      <EquipmentSet id="cla_scythia_npc_poor_template" civilian="true" />
    </Equipments>
  </NPCCharacter>
  <NPCCharacter id="cla_scythia_village_woman_teenager"
                name="{=femaleteenager}Teenager"
                age="14"
                is_female="true"
                default_group="Infantry"
                is_hero="false"
                occupation="Villager"
                culture="Culture.khuzait"
                skill_template="SkillSet.cla_skills_level6">
    <face>
      <face_key_template value="BodyProperty.cla_scythia_townswoman" />
    </face>
    <Equipments>
      <EquipmentSet id="cla_scythia_npc_poor_template" />
      <EquipmentSet id="cla_scythia_npc_poor_template" civilian="true" />
    </Equipments>
  </NPCCharacter>

  <NPCCharacter id="cla_scythia_villager"
                default_group="Infantry"
                level="1"
                name="{=maletribesman}Tribesman"
                occupation="Villager"
                culture="Culture.khuzait"
                skill_template="SkillSet.cla_skills_level6">
    <face>
      <face_key_template value="BodyProperty.cla_villager_scythia" />
      <hair_tags>
        <hair_tag name="Ponytail" />
        <hair_tag name="LongAndBushy" />
        <hair_tag name="TiedAcrossBack" />
        <hair_tag name="SlickedLong" />
        <hair_tag name="PartedAndCombedBack" />
        <hair_tag name="Tousled" />
        <hair_tag name="BraidedAndLong" />
        <hair_tag name="Short" />
        <hair_tag name="HighPonytail" />
        <hair_tag name="Mohawk" />
        <hair_tag name="Native Braids" />
        <hair_tag name="Bandit Hair 1" />
        <hair_tag name="Bandit Hair 2" />
        <hair_tag name="Bandit Hair 3" />
      </hair_tags>
      <beard_tags>
        <beard_tag name="Cleanshaven" />
        <beard_tag name="LightShortBeard" />
        <beard_tag name="HeavyShortBeard" />
        <beard_tag name="PointedShortBeard" />
        <beard_tag name="LongBeard" />
        <beard_tag name="HeavyLongBeard" />
        <beard_tag name="LongScragglyBeard" />
        <beard_tag name="LightShortBeard" />
        <beard_tag name="HeavyShortBeard" />
        <beard_tag name="PointedShortBeard" />
        <beard_tag name="LongBeard" />
        <beard_tag name="HeavyLongBeard" />
      </beard_tags>
    </face>
    <upgrade_targets>
      <upgrade_target id="NPCCharacter.cla_scythia_cavalry_2" />
    </upgrade_targets>
    <Equipments>
      <EquipmentSet id="cla_scythia_npc_poor_template" />
      <EquipmentSet id="cla_scythia_npc_poor_template" civilian="true" />
    </Equipments>
  </NPCCharacter>
  <NPCCharacter id="cla_scythia_villager_infant"
                name="{=maleinfant}Infant"
                age="3"
                is_female="false"
                default_group="Infantry"
                is_hero="false"
                occupation="Villager"
                culture="Culture.khuzait"
                skill_template="SkillSet.cla_skills_level6">
    <face>
      <face_key_template value="BodyProperty.cla_villager_scythia" />
      <hair_tags>
        <hair_tag name="Ponytail" />
        <hair_tag name="LongAndBushy" />
        <hair_tag name="TiedAcrossBack" />
        <hair_tag name="SlickedLong" />
        <hair_tag name="PartedAndCombedBack" />
        <hair_tag name="Tousled" />
        <hair_tag name="BraidedAndLong" />
        <hair_tag name="Short" />
        <hair_tag name="HighPonytail" />
        <hair_tag name="Mohawk" />
        <hair_tag name="Native Braids" />
        <hair_tag name="Bandit Hair 1" />
        <hair_tag name="Bandit Hair 2" />
        <hair_tag name="Bandit Hair 3" />
      </hair_tags>
      <beard_tags>
        <beard_tag name="Cleanshaven" />
        <beard_tag name="LightShortBeard" />
        <beard_tag name="HeavyShortBeard" />
        <beard_tag name="PointedShortBeard" />
        <beard_tag name="LongBeard" />
        <beard_tag name="HeavyLongBeard" />
        <beard_tag name="LongScragglyBeard" />
        <beard_tag name="LightShortBeard" />
        <beard_tag name="HeavyShortBeard" />
        <beard_tag name="PointedShortBeard" />
        <beard_tag name="LongBeard" />
        <beard_tag name="HeavyLongBeard" />
      </beard_tags>
    </face>
    <Equipments>
      <EquipmentSet id="cla_scythia_npc_poor_template" />
      <EquipmentSet id="cla_scythia_npc_poor_template" civilian="true" />
    </Equipments>
  </NPCCharacter>
  <NPCCharacter id="cla_scythia_villager_child"
                name="{=malechild}Child"
                age="6"
                is_female="false"
                default_group="Infantry"
                is_hero="false"
                occupation="Villager"
                culture="Culture.khuzait"
                skill_template="SkillSet.cla_skills_level6">
    <face>
      <face_key_template value="BodyProperty.cla_villager_scythia" />
      <hair_tags>
        <hair_tag name="Ponytail" />
        <hair_tag name="LongAndBushy" />
        <hair_tag name="TiedAcrossBack" />
        <hair_tag name="SlickedLong" />
        <hair_tag name="PartedAndCombedBack" />
        <hair_tag name="Tousled" />
        <hair_tag name="BraidedAndLong" />
        <hair_tag name="Short" />
        <hair_tag name="HighPonytail" />
        <hair_tag name="Mohawk" />
        <hair_tag name="Native Braids" />
        <hair_tag name="Bandit Hair 1" />
        <hair_tag name="Bandit Hair 2" />
        <hair_tag name="Bandit Hair 3" />
      </hair_tags>
      <beard_tags>
        <beard_tag name="Cleanshaven" />
        <beard_tag name="LightShortBeard" />
        <beard_tag name="HeavyShortBeard" />
        <beard_tag name="PointedShortBeard" />
        <beard_tag name="LongBeard" />
        <beard_tag name="HeavyLongBeard" />
        <beard_tag name="LongScragglyBeard" />
        <beard_tag name="LightShortBeard" />
        <beard_tag name="HeavyShortBeard" />
        <beard_tag name="PointedShortBeard" />
        <beard_tag name="LongBeard" />
        <beard_tag name="HeavyLongBeard" />
      </beard_tags>
    </face>
    <Equipments>
      <EquipmentSet id="cla_scythia_npc_poor_template" />
      <EquipmentSet id="cla_scythia_npc_poor_template" civilian="true" />
    </Equipments>
  </NPCCharacter>
  <NPCCharacter id="cla_scythia_villager_teenager"
                name="{=maleteenager}Teenager"
                age="14"
                is_female="false"
                default_group="Infantry"
                is_hero="false"
                occupation="Villager"
                culture="Culture.khuzait"
                skill_template="SkillSet.cla_skills_level6">
    <face>
      <face_key_template value="BodyProperty.cla_villager_scythia" />
      <hair_tags>
        <hair_tag name="Ponytail" />
        <hair_tag name="LongAndBushy" />
        <hair_tag name="TiedAcrossBack" />
        <hair_tag name="SlickedLong" />
        <hair_tag name="PartedAndCombedBack" />
        <hair_tag name="Tousled" />
        <hair_tag name="BraidedAndLong" />
        <hair_tag name="Short" />
        <hair_tag name="HighPonytail" />
        <hair_tag name="Mohawk" />
        <hair_tag name="Native Braids" />
        <hair_tag name="Bandit Hair 1" />
        <hair_tag name="Bandit Hair 2" />
        <hair_tag name="Bandit Hair 3" />
      </hair_tags>
      <beard_tags>
        <beard_tag name="Cleanshaven" />
        <beard_tag name="LightShortBeard" />
        <beard_tag name="HeavyShortBeard" />
        <beard_tag name="PointedShortBeard" />
        <beard_tag name="LongBeard" />
        <beard_tag name="HeavyLongBeard" />
        <beard_tag name="LongScragglyBeard" />
        <beard_tag name="LightShortBeard" />
        <beard_tag name="HeavyShortBeard" />
        <beard_tag name="PointedShortBeard" />
        <beard_tag name="LongBeard" />
        <beard_tag name="HeavyLongBeard" />
      </beard_tags>
    </face>
    <Equipments>
      <EquipmentSet id="cla_scythia_npc_poor_template" />
      <EquipmentSet id="cla_scythia_npc_poor_template" civilian="true" />
    </Equipments>
  </NPCCharacter>
  <NPCCharacter id="cla_scythia_townsman"
                default_group="Infantry"
                name="{=maletribesman}Tribesman"
                occupation="Townsfolk"
                culture="Culture.khuzait"
                skill_template="SkillSet.cla_skills_level6">
    <face>
      <face_key_template value="BodyProperty.cla_villager_scythia" />
      <hair_tags>
        <hair_tag name="Ponytail" />
        <hair_tag name="LongAndBushy" />
        <hair_tag name="TiedAcrossBack" />
        <hair_tag name="SlickedLong" />
        <hair_tag name="PartedAndCombedBack" />
        <hair_tag name="Tousled" />
        <hair_tag name="BraidedAndLong" />
        <hair_tag name="Short" />
        <hair_tag name="HighPonytail" />
        <hair_tag name="Mohawk" />
        <hair_tag name="Native Braids" />
        <hair_tag name="Bandit Hair 1" />
        <hair_tag name="Bandit Hair 2" />
        <hair_tag name="Bandit Hair 3" />
      </hair_tags>
      <beard_tags>
        <beard_tag name="Cleanshaven" />
        <beard_tag name="LightShortBeard" />
        <beard_tag name="HeavyShortBeard" />
        <beard_tag name="PointedShortBeard" />
        <beard_tag name="LongBeard" />
        <beard_tag name="HeavyLongBeard" />
        <beard_tag name="LongScragglyBeard" />
        <beard_tag name="LightShortBeard" />
        <beard_tag name="HeavyShortBeard" />
        <beard_tag name="PointedShortBeard" />
        <beard_tag name="LongBeard" />
        <beard_tag name="HeavyLongBeard" />
      </beard_tags>
    </face>
    <Equipments>
      <EquipmentSet id="cla_scythia_npc_poor_template" />
      <EquipmentSet id="cla_scythia_npc_poor_template" civilian="true" />
    </Equipments>
  </NPCCharacter>
  <NPCCharacter id="cla_scythia_townsman_infant"
                name="{=maleinfant}Infant"
                age="3"
                is_female="false"
                default_group="Infantry"
                is_hero="false"
                occupation="Townsfolk"
                culture="Culture.khuzait"
                skill_template="SkillSet.cla_skills_level6">
    <face>
      <face_key_template value="BodyProperty.cla_villager_scythia" />
      <hair_tags>
        <hair_tag name="Ponytail" />
        <hair_tag name="LongAndBushy" />
        <hair_tag name="TiedAcrossBack" />
        <hair_tag name="SlickedLong" />
        <hair_tag name="PartedAndCombedBack" />
        <hair_tag name="Tousled" />
        <hair_tag name="BraidedAndLong" />
        <hair_tag name="Short" />
        <hair_tag name="HighPonytail" />
        <hair_tag name="Mohawk" />
        <hair_tag name="Native Braids" />
        <hair_tag name="Bandit Hair 1" />
        <hair_tag name="Bandit Hair 2" />
        <hair_tag name="Bandit Hair 3" />
      </hair_tags>
      <beard_tags>
        <beard_tag name="Cleanshaven" />
        <beard_tag name="LightShortBeard" />
        <beard_tag name="HeavyShortBeard" />
        <beard_tag name="PointedShortBeard" />
        <beard_tag name="LongBeard" />
        <beard_tag name="HeavyLongBeard" />
        <beard_tag name="LongScragglyBeard" />
        <beard_tag name="LightShortBeard" />
        <beard_tag name="HeavyShortBeard" />
        <beard_tag name="PointedShortBeard" />
        <beard_tag name="LongBeard" />
        <beard_tag name="HeavyLongBeard" />
      </beard_tags>
    </face>
    <Equipments>
      <EquipmentSet id="cla_scythia_npc_poor_template" />
      <EquipmentSet id="cla_scythia_npc_poor_template" civilian="true" />
    </Equipments>
  </NPCCharacter>

  <NPCCharacter id="cla_scythia_townsman_child"
                name="{=malechild}Child"
                age="6"
                is_female="false"
                default_group="Infantry"
                is_hero="false"
                occupation="Townsfolk"
                culture="Culture.khuzait"
                skill_template="SkillSet.cla_skills_level6">
    <face>
      <face_key_template value="BodyProperty.cla_villager_scythia" />
      <hair_tags>
        <hair_tag name="Ponytail" />
        <hair_tag name="LongAndBushy" />
        <hair_tag name="TiedAcrossBack" />
        <hair_tag name="SlickedLong" />
        <hair_tag name="PartedAndCombedBack" />
        <hair_tag name="Tousled" />
        <hair_tag name="BraidedAndLong" />
        <hair_tag name="Short" />
        <hair_tag name="HighPonytail" />
        <hair_tag name="Mohawk" />
        <hair_tag name="Native Braids" />
        <hair_tag name="Bandit Hair 1" />
        <hair_tag name="Bandit Hair 2" />
        <hair_tag name="Bandit Hair 3" />
      </hair_tags>
      <beard_tags>
        <beard_tag name="Cleanshaven" />
        <beard_tag name="LightShortBeard" />
        <beard_tag name="HeavyShortBeard" />
        <beard_tag name="PointedShortBeard" />
        <beard_tag name="LongBeard" />
        <beard_tag name="HeavyLongBeard" />
        <beard_tag name="LongScragglyBeard" />
        <beard_tag name="LightShortBeard" />
        <beard_tag name="HeavyShortBeard" />
        <beard_tag name="PointedShortBeard" />
        <beard_tag name="LongBeard" />
        <beard_tag name="HeavyLongBeard" />
      </beard_tags>
    </face>
    <Equipments>
      <EquipmentSet id="cla_scythia_npc_poor_template" />
      <EquipmentSet id="cla_scythia_npc_poor_template" civilian="true" />
    </Equipments>
  </NPCCharacter>
  <NPCCharacter id="cla_scythia_townsman_teenager"
                name="{=maleteenager}Teenager"
                age="14"
                is_female="false"
                default_group="Infantry"
                is_hero="false"
                occupation="Townsfolk"
                culture="Culture.khuzait"
                skill_template="SkillSet.cla_skills_level6">
    <face>
      <face_key_template value="BodyProperty.cla_villager_scythia" />
      <hair_tags>
        <hair_tag name="Ponytail" />
        <hair_tag name="LongAndBushy" />
        <hair_tag name="TiedAcrossBack" />
        <hair_tag name="SlickedLong" />
        <hair_tag name="PartedAndCombedBack" />
        <hair_tag name="Tousled" />
        <hair_tag name="BraidedAndLong" />
        <hair_tag name="Short" />
        <hair_tag name="HighPonytail" />
        <hair_tag name="Mohawk" />
        <hair_tag name="Native Braids" />
        <hair_tag name="Bandit Hair 1" />
        <hair_tag name="Bandit Hair 2" />
        <hair_tag name="Bandit Hair 3" />
      </hair_tags>
      <beard_tags>
        <beard_tag name="Cleanshaven" />
        <beard_tag name="LightShortBeard" />
        <beard_tag name="HeavyShortBeard" />
        <beard_tag name="PointedShortBeard" />
        <beard_tag name="LongBeard" />
        <beard_tag name="HeavyLongBeard" />
        <beard_tag name="LongScragglyBeard" />
        <beard_tag name="LightShortBeard" />
        <beard_tag name="HeavyShortBeard" />
        <beard_tag name="PointedShortBeard" />
        <beard_tag name="LongBeard" />
        <beard_tag name="HeavyLongBeard" />
      </beard_tags>
    </face>
    <Equipments>
      <EquipmentSet id="cla_scythia_npc_poor_template" />
      <EquipmentSet id="cla_scythia_npc_poor_template" civilian="true" />
    </Equipments>
  </NPCCharacter>
  <NPCCharacter id="cla_scythia_ransom_broker"
                default_group="Infantry"
                is_hero="false"
                name="{=W2WXkiAh}Ransom Broker"
                occupation="RansomBroker"
                culture="Culture.khuzait"
                skill_template="SkillSet.cla_skills_level6">
    <face>
      <face_key_template value="BodyProperty.cla_villager_scythia" />
      <hair_tags>
        <hair_tag name="Ponytail" />
        <hair_tag name="LongAndBushy" />
        <hair_tag name="TiedAcrossBack" />
        <hair_tag name="SlickedLong" />
        <hair_tag name="PartedAndCombedBack" />
        <hair_tag name="Tousled" />
        <hair_tag name="BraidedAndLong" />
        <hair_tag name="Short" />
        <hair_tag name="HighPonytail" />
        <hair_tag name="Mohawk" />
        <hair_tag name="Native Braids" />
        <hair_tag name="Bandit Hair 1" />
        <hair_tag name="Bandit Hair 2" />
        <hair_tag name="Bandit Hair 3" />
      </hair_tags>
      <beard_tags>
        <beard_tag name="Cleanshaven" />
        <beard_tag name="LightShortBeard" />
        <beard_tag name="HeavyShortBeard" />
        <beard_tag name="PointedShortBeard" />
        <beard_tag name="LongBeard" />
        <beard_tag name="HeavyLongBeard" />
        <beard_tag name="LongScragglyBeard" />
        <beard_tag name="LightShortBeard" />
        <beard_tag name="HeavyShortBeard" />
        <beard_tag name="PointedShortBeard" />
        <beard_tag name="LongBeard" />
        <beard_tag name="HeavyLongBeard" />
      </beard_tags>
    </face>
    <Equipments>
      <EquipmentSet id="cla_scythia_npc_wealthy_template" />
      <EquipmentSet id="cla_scythia_npc_wealthy_template" civilian="true" />
    </Equipments>
  </NPCCharacter>
  <NPCCharacter id="cla_scythia_gangleader_bodyguard"
                default_group="Infantry"
                name="{=LNNXiPyV}Gang Leader Bodyguard"
                level="16"
                occupation="Townsfolk"
                culture="Culture.khuzait"
                skill_template="SkillSet.cla_skills_level16">
    <face>
      <face_key_template value="BodyProperty.cla_fighter_scythia" />
      <hair_tags>
        <hair_tag name="Ponytail" />
        <hair_tag name="LongAndBushy" />
        <hair_tag name="TiedAcrossBack" />
        <hair_tag name="SlickedLong" />
        <hair_tag name="PartedAndCombedBack" />
        <hair_tag name="Tousled" />
        <hair_tag name="BraidedAndLong" />
        <hair_tag name="Short" />
        <hair_tag name="HighPonytail" />
        <hair_tag name="Mohawk" />
        <hair_tag name="Native Braids" />
        <hair_tag name="Bandit Hair 1" />
        <hair_tag name="Bandit Hair 2" />
        <hair_tag name="Bandit Hair 3" />
      </hair_tags>
      <beard_tags>
        <beard_tag name="Cleanshaven" />
        <beard_tag name="LightShortBeard" />
        <beard_tag name="HeavyShortBeard" />
        <beard_tag name="PointedShortBeard" />
        <beard_tag name="LongBeard" />
        <beard_tag name="HeavyLongBeard" />
        <beard_tag name="LongScragglyBeard" />
        <beard_tag name="LightShortBeard" />
        <beard_tag name="HeavyShortBeard" />
        <beard_tag name="PointedShortBeard" />
        <beard_tag name="LongBeard" />
        <beard_tag name="HeavyLongBeard" />
      </beard_tags>
    </face>
    <Equipments>
      <EquipmentSet id="cla_scythia_gangleader_bodyguard_template" />
      <EquipmentSet id="cla_scythia_gangleader_bodyguard_template" civilian="true" />
    </Equipments>
  </NPCCharacter>

<!-- Notary -->
  <NPCCharacter id="cla_scythia_merchant_notary"
                default_group="Infantry"
                name="{=reoVAtrE}Merchant Notary"
                occupation="Townsfolk"
                culture="Culture.khuzait"
                skill_template="SkillSet.cla_skills_level6">
    <face>
      <face_key_template value="BodyProperty.cla_villager_scythia" />
      <hair_tags>
        <hair_tag name="Ponytail" />
        <hair_tag name="LongAndBushy" />
        <hair_tag name="TiedAcrossBack" />
        <hair_tag name="SlickedLong" />
        <hair_tag name="PartedAndCombedBack" />
        <hair_tag name="Tousled" />
        <hair_tag name="BraidedAndLong" />
        <hair_tag name="Short" />
        <hair_tag name="HighPonytail" />
        <hair_tag name="Mohawk" />
        <hair_tag name="Native Braids" />
        <hair_tag name="Bandit Hair 1" />
        <hair_tag name="Bandit Hair 2" />
        <hair_tag name="Bandit Hair 3" />
      </hair_tags>
      <beard_tags>
        <beard_tag name="Cleanshaven" />
        <beard_tag name="LightShortBeard" />
        <beard_tag name="HeavyShortBeard" />
        <beard_tag name="PointedShortBeard" />
        <beard_tag name="LongBeard" />
        <beard_tag name="HeavyLongBeard" />
        <beard_tag name="LongScragglyBeard" />
        <beard_tag name="LightShortBeard" />
        <beard_tag name="HeavyShortBeard" />
        <beard_tag name="PointedShortBeard" />
        <beard_tag name="LongBeard" />
        <beard_tag name="HeavyLongBeard" />
      </beard_tags>
    </face>
    <Equipments>
      <EquipmentSet id="cla_scythia_npc_wealthy_template" />
      <EquipmentSet id="cla_scythia_npc_wealthy_template" civilian="true" />
    </Equipments>
  </NPCCharacter>
  <NPCCharacter id="cla_scythia_artisan_notary"
                default_group="Infantry"
                name="{=ECxiXTbF}Artisan Notary"
                occupation="Townsfolk"
                culture="Culture.khuzait"
                skill_template="SkillSet.cla_skills_level6">
    <face>
      <face_key_template value="BodyProperty.cla_villager_scythia" />
      <hair_tags>
        <hair_tag name="Ponytail" />
        <hair_tag name="LongAndBushy" />
        <hair_tag name="TiedAcrossBack" />
        <hair_tag name="SlickedLong" />
        <hair_tag name="PartedAndCombedBack" />
        <hair_tag name="Tousled" />
        <hair_tag name="BraidedAndLong" />
        <hair_tag name="Short" />
        <hair_tag name="HighPonytail" />
        <hair_tag name="Mohawk" />
        <hair_tag name="Native Braids" />
        <hair_tag name="Bandit Hair 1" />
        <hair_tag name="Bandit Hair 2" />
        <hair_tag name="Bandit Hair 3" />
      </hair_tags>
      <beard_tags>
        <beard_tag name="Cleanshaven" />
        <beard_tag name="LightShortBeard" />
        <beard_tag name="HeavyShortBeard" />
        <beard_tag name="PointedShortBeard" />
        <beard_tag name="LongBeard" />
        <beard_tag name="HeavyLongBeard" />
        <beard_tag name="LongScragglyBeard" />
        <beard_tag name="LightShortBeard" />
        <beard_tag name="HeavyShortBeard" />
        <beard_tag name="PointedShortBeard" />
        <beard_tag name="LongBeard" />
        <beard_tag name="HeavyLongBeard" />
      </beard_tags>
    </face>
    <Equipments>
      <EquipmentSet id="cla_scythia_npc_wealthy_template" />
      <EquipmentSet id="cla_scythia_npc_wealthy_template" civilian="true" />
    </Equipments>
  </NPCCharacter>
  <NPCCharacter id="cla_scythia_preacher_notary"
                default_group="Infantry"
                name="{=bLMGbLF8}Preacher Notary"
                occupation="Townsfolk"
                culture="Culture.khuzait"
                skill_template="SkillSet.cla_skills_level6">
    <face>
      <face_key_template value="BodyProperty.cla_villager_scythia" />
      <hair_tags>
        <hair_tag name="Ponytail" />
        <hair_tag name="LongAndBushy" />
        <hair_tag name="TiedAcrossBack" />
        <hair_tag name="SlickedLong" />
        <hair_tag name="PartedAndCombedBack" />
        <hair_tag name="Tousled" />
        <hair_tag name="BraidedAndLong" />
        <hair_tag name="Short" />
        <hair_tag name="HighPonytail" />
        <hair_tag name="Mohawk" />
        <hair_tag name="Native Braids" />
        <hair_tag name="Bandit Hair 1" />
        <hair_tag name="Bandit Hair 2" />
        <hair_tag name="Bandit Hair 3" />
      </hair_tags>
      <beard_tags>
        <beard_tag name="Cleanshaven" />
        <beard_tag name="LightShortBeard" />
        <beard_tag name="HeavyShortBeard" />
        <beard_tag name="PointedShortBeard" />
        <beard_tag name="LongBeard" />
        <beard_tag name="HeavyLongBeard" />
        <beard_tag name="LongScragglyBeard" />
        <beard_tag name="LightShortBeard" />
        <beard_tag name="HeavyShortBeard" />
        <beard_tag name="PointedShortBeard" />
        <beard_tag name="LongBeard" />
        <beard_tag name="HeavyLongBeard" />
      </beard_tags>
    </face>
    <Equipments>
      <EquipmentSet id="cla_scythia_npc_wealthy_template" />
      <EquipmentSet id="cla_scythia_npc_wealthy_template" civilian="true" />
    </Equipments>
  </NPCCharacter>
  <NPCCharacter id="cla_scythia_rural_notable_notary"
                default_group="Infantry"
                name="{=AlmaRAib}Rural Notable Notary"
                occupation="Townsfolk"
                culture="Culture.khuzait"
                skill_template="SkillSet.cla_skills_level6">
    <face>
      <face_key_template value="BodyProperty.cla_villager_scythia" />
      <hair_tags>
        <hair_tag name="Ponytail" />
        <hair_tag name="LongAndBushy" />
        <hair_tag name="TiedAcrossBack" />
        <hair_tag name="SlickedLong" />
        <hair_tag name="PartedAndCombedBack" />
        <hair_tag name="Tousled" />
        <hair_tag name="BraidedAndLong" />
        <hair_tag name="Short" />
        <hair_tag name="HighPonytail" />
        <hair_tag name="Mohawk" />
        <hair_tag name="Native Braids" />
        <hair_tag name="Bandit Hair 1" />
        <hair_tag name="Bandit Hair 2" />
        <hair_tag name="Bandit Hair 3" />
      </hair_tags>
      <beard_tags>
        <beard_tag name="Cleanshaven" />
        <beard_tag name="LightShortBeard" />
        <beard_tag name="HeavyShortBeard" />
        <beard_tag name="PointedShortBeard" />
        <beard_tag name="LongBeard" />
        <beard_tag name="HeavyLongBeard" />
        <beard_tag name="LongScragglyBeard" />
        <beard_tag name="LightShortBeard" />
        <beard_tag name="HeavyShortBeard" />
        <beard_tag name="PointedShortBeard" />
        <beard_tag name="LongBeard" />
        <beard_tag name="HeavyLongBeard" />
      </beard_tags>
    </face>
    <Equipments>
      <EquipmentSet id="cla_scythia_npc_wealthy_template" />
      <EquipmentSet id="cla_scythia_npc_wealthy_template" civilian="true" />
    </Equipments>
  </NPCCharacter>
  <NPCCharacter id="cla_scythia_shop_worker"
                default_group="Infantry"
                name="{=275LD0Gh}Shop Worker"
                occupation="ShopWorker"
                culture="Culture.khuzait"
                skill_template="SkillSet.cla_skills_level6">
    <face>
      <face_key_template value="BodyProperty.cla_villager_scythia" />
      <hair_tags>
        <hair_tag name="Ponytail" />
        <hair_tag name="LongAndBushy" />
        <hair_tag name="TiedAcrossBack" />
        <hair_tag name="SlickedLong" />
        <hair_tag name="PartedAndCombedBack" />
        <hair_tag name="Tousled" />
        <hair_tag name="BraidedAndLong" />
        <hair_tag name="Short" />
        <hair_tag name="HighPonytail" />
        <hair_tag name="Mohawk" />
        <hair_tag name="Native Braids" />
        <hair_tag name="Bandit Hair 1" />
        <hair_tag name="Bandit Hair 2" />
        <hair_tag name="Bandit Hair 3" />
      </hair_tags>
      <beard_tags>
        <beard_tag name="Cleanshaven" />
        <beard_tag name="LightShortBeard" />
        <beard_tag name="HeavyShortBeard" />
        <beard_tag name="PointedShortBeard" />
        <beard_tag name="LongBeard" />
        <beard_tag name="HeavyLongBeard" />
        <beard_tag name="LongScragglyBeard" />
        <beard_tag name="LightShortBeard" />
        <beard_tag name="HeavyShortBeard" />
        <beard_tag name="PointedShortBeard" />
        <beard_tag name="LongBeard" />
        <beard_tag name="HeavyLongBeard" />
      </beard_tags>
    </face>
    <Equipments>
      <EquipmentSet id="cla_scythia_npc_poor_template" />
      <EquipmentSet id="cla_scythia_npc_poor_template" civilian="true" />
    </Equipments>
  </NPCCharacter>
  <NPCCharacter id="cla_scythia_tavernkeeper"
                default_group="Infantry"
                is_hero="false"
                name="{=CsjtWt1g}Tavern Keeper"
                occupation="Tavernkeeper"
                culture="Culture.khuzait"
                skill_template="SkillSet.cla_skills_level6">
    <face>
      <face_key_template value="BodyProperty.cla_villager_scythia" />
      <hair_tags>
        <hair_tag name="Ponytail" />
        <hair_tag name="LongAndBushy" />
        <hair_tag name="TiedAcrossBack" />
        <hair_tag name="SlickedLong" />
        <hair_tag name="PartedAndCombedBack" />
        <hair_tag name="Tousled" />
        <hair_tag name="BraidedAndLong" />
        <hair_tag name="Short" />
        <hair_tag name="HighPonytail" />
        <hair_tag name="Mohawk" />
        <hair_tag name="Native Braids" />
        <hair_tag name="Bandit Hair 1" />
        <hair_tag name="Bandit Hair 2" />
        <hair_tag name="Bandit Hair 3" />
      </hair_tags>
      <beard_tags>
        <beard_tag name="Cleanshaven" />
        <beard_tag name="LightShortBeard" />
        <beard_tag name="HeavyShortBeard" />
        <beard_tag name="PointedShortBeard" />
        <beard_tag name="LongBeard" />
        <beard_tag name="HeavyLongBeard" />
        <beard_tag name="LongScragglyBeard" />
        <beard_tag name="LightShortBeard" />
        <beard_tag name="HeavyShortBeard" />
        <beard_tag name="PointedShortBeard" />
        <beard_tag name="LongBeard" />
        <beard_tag name="HeavyLongBeard" />
      </beard_tags>
    </face>
    <Equipments>
      <EquipmentSet id="cla_scythia_npc_wealthy_template" />
      <EquipmentSet id="cla_scythia_npc_wealthy_template" civilian="true" />
    </Equipments>
  </NPCCharacter>
  <NPCCharacter id="cla_scythia_taverngamehost"
                default_group="Infantry"
                is_hero="false"
                name="{=twCIejxn}Game Host"
                occupation="TavernGameHost"
                culture="Culture.khuzait"
                skill_template="SkillSet.cla_skills_level6">
    <face>
      <face_key_template value="BodyProperty.cla_villager_scythia" />
      <hair_tags>
        <hair_tag name="Ponytail" />
        <hair_tag name="LongAndBushy" />
        <hair_tag name="TiedAcrossBack" />
        <hair_tag name="SlickedLong" />
        <hair_tag name="PartedAndCombedBack" />
        <hair_tag name="Tousled" />
        <hair_tag name="BraidedAndLong" />
        <hair_tag name="Short" />
        <hair_tag name="HighPonytail" />
        <hair_tag name="Mohawk" />
        <hair_tag name="Native Braids" />
        <hair_tag name="Bandit Hair 1" />
        <hair_tag name="Bandit Hair 2" />
        <hair_tag name="Bandit Hair 3" />
      </hair_tags>
      <beard_tags>
        <beard_tag name="Cleanshaven" />
        <beard_tag name="LightShortBeard" />
        <beard_tag name="HeavyShortBeard" />
        <beard_tag name="PointedShortBeard" />
        <beard_tag name="LongBeard" />
        <beard_tag name="HeavyLongBeard" />
        <beard_tag name="LongScragglyBeard" />
        <beard_tag name="LightShortBeard" />
        <beard_tag name="HeavyShortBeard" />
        <beard_tag name="PointedShortBeard" />
        <beard_tag name="LongBeard" />
        <beard_tag name="HeavyLongBeard" />
      </beard_tags>
    </face>
    <Equipments>
      <EquipmentSet id="cla_scythia_npc_wealthy_template" />
      <EquipmentSet id="cla_scythia_npc_wealthy_template" civilian="true" />
    </Equipments>
  </NPCCharacter>
  <NPCCharacter id="cla_scythia_musician"
                default_group="Infantry"
                is_hero="false"
                name="{=zfCoeglY}Musician"
                occupation="Musician"
                culture="Culture.khuzait"
                skill_template="SkillSet.cla_skills_level6">
    <face>
      <face_key_template value="BodyProperty.cla_villager_scythia" />
      <hair_tags>
        <hair_tag name="Ponytail" />
        <hair_tag name="LongAndBushy" />
        <hair_tag name="TiedAcrossBack" />
        <hair_tag name="SlickedLong" />
        <hair_tag name="PartedAndCombedBack" />
        <hair_tag name="Tousled" />
        <hair_tag name="BraidedAndLong" />
        <hair_tag name="Short" />
        <hair_tag name="HighPonytail" />
        <hair_tag name="Mohawk" />
        <hair_tag name="Native Braids" />
        <hair_tag name="Bandit Hair 1" />
        <hair_tag name="Bandit Hair 2" />
        <hair_tag name="Bandit Hair 3" />
      </hair_tags>
      <beard_tags>
        <beard_tag name="Cleanshaven" />
        <beard_tag name="LightShortBeard" />
        <beard_tag name="HeavyShortBeard" />
        <beard_tag name="PointedShortBeard" />
        <beard_tag name="LongBeard" />
        <beard_tag name="HeavyLongBeard" />
        <beard_tag name="LongScragglyBeard" />
        <beard_tag name="LightShortBeard" />
        <beard_tag name="HeavyShortBeard" />
        <beard_tag name="PointedShortBeard" />
        <beard_tag name="LongBeard" />
        <beard_tag name="HeavyLongBeard" />
      </beard_tags>
    </face>
    <Equipments>
      <EquipmentSet id="cla_scythia_npc_wealthy_template" />
      <EquipmentSet id="cla_scythia_npc_wealthy_template" civilian="true" />
    </Equipments>
  </NPCCharacter>
  <NPCCharacter id="cla_scythia_tavern_wench"
                default_group="Infantry"
                name="{=z6RMWTaA}Slave"
                is_female="true"
                is_hero="false"
                occupation="TavernWench"
                culture="Culture.khuzait"
                skill_template="SkillSet.cla_skills_level6">
    <face>
      <face_key_template value="BodyProperty.cla_scythia_townswoman" />
    </face>
    <skills></skills>
    <Equipments>
      <EquipmentSet id="cla_scythia_npc_poor_template" />
      <EquipmentSet id="cla_scythia_npc_poor_template" civilian="true" />
    </Equipments>
  </NPCCharacter>
  <NPCCharacter id="cla_scythia_armorer"
                default_group="Infantry"
                is_hero="false"
                occupation="Armorer"
                culture="Culture.khuzait"
                name="{=jx8ohENz}Armorer"
                skill_template="SkillSet.cla_skills_level6">
    <face>
      <face_key_template value="BodyProperty.cla_villager_scythia" />
      <hair_tags>
        <hair_tag name="Ponytail" />
        <hair_tag name="LongAndBushy" />
        <hair_tag name="TiedAcrossBack" />
        <hair_tag name="SlickedLong" />
        <hair_tag name="PartedAndCombedBack" />
        <hair_tag name="Tousled" />
        <hair_tag name="BraidedAndLong" />
        <hair_tag name="Short" />
        <hair_tag name="HighPonytail" />
        <hair_tag name="Mohawk" />
        <hair_tag name="Native Braids" />
        <hair_tag name="Bandit Hair 1" />
        <hair_tag name="Bandit Hair 2" />
        <hair_tag name="Bandit Hair 3" />
      </hair_tags>
      <beard_tags>
        <beard_tag name="Cleanshaven" />
        <beard_tag name="LightShortBeard" />
        <beard_tag name="HeavyShortBeard" />
        <beard_tag name="PointedShortBeard" />
        <beard_tag name="LongBeard" />
        <beard_tag name="HeavyLongBeard" />
        <beard_tag name="LongScragglyBeard" />
        <beard_tag name="LightShortBeard" />
        <beard_tag name="HeavyShortBeard" />
        <beard_tag name="PointedShortBeard" />
        <beard_tag name="LongBeard" />
        <beard_tag name="HeavyLongBeard" />
      </beard_tags>
    </face>
    <Equipments>
      <EquipmentSet id="cla_scythia_npc_wealthy_template" />
      <EquipmentSet id="cla_scythia_npc_wealthy_template" civilian="true" />
    </Equipments>
  </NPCCharacter>
  <NPCCharacter id="cla_scythia_horsemerchant"
                default_group="Infantry"
                is_hero="false"
                occupation="HorseTrader"
                culture="Culture.khuzait"
                name="{=79ElOr2x}Horse Trader"
                skill_template="SkillSet.cla_skills_level6">
    <face>
      <face_key_template value="BodyProperty.cla_villager_scythia" />
      <hair_tags>
        <hair_tag name="Ponytail" />
        <hair_tag name="LongAndBushy" />
        <hair_tag name="TiedAcrossBack" />
        <hair_tag name="SlickedLong" />
        <hair_tag name="PartedAndCombedBack" />
        <hair_tag name="Tousled" />
        <hair_tag name="BraidedAndLong" />
        <hair_tag name="Short" />
        <hair_tag name="HighPonytail" />
        <hair_tag name="Mohawk" />
        <hair_tag name="Native Braids" />
        <hair_tag name="Bandit Hair 1" />
        <hair_tag name="Bandit Hair 2" />
        <hair_tag name="Bandit Hair 3" />
      </hair_tags>
      <beard_tags>
        <beard_tag name="Cleanshaven" />
        <beard_tag name="LightShortBeard" />
        <beard_tag name="HeavyShortBeard" />
        <beard_tag name="PointedShortBeard" />
        <beard_tag name="LongBeard" />
        <beard_tag name="HeavyLongBeard" />
        <beard_tag name="LongScragglyBeard" />
        <beard_tag name="LightShortBeard" />
        <beard_tag name="HeavyShortBeard" />
        <beard_tag name="PointedShortBeard" />
        <beard_tag name="LongBeard" />
        <beard_tag name="HeavyLongBeard" />
      </beard_tags>
    </face>
    <Equipments>
      <EquipmentSet id="cla_scythia_npc_wealthy_template" />
      <EquipmentSet id="cla_scythia_npc_wealthy_template" civilian="true" />
    </Equipments>
  </NPCCharacter>
  <NPCCharacter id="cla_scythia_barber"
                default_group="Infantry"
                is_hero="false"
                occupation="Townsfolk"
                culture="Culture.khuzait"
                name="{=WH7EGGIg}Barber"
                skill_template="SkillSet.cla_skills_level6">
    <face>
      <face_key_template value="BodyProperty.cla_villager_scythia" />
      <hair_tags>
        <hair_tag name="Ponytail" />
        <hair_tag name="LongAndBushy" />
        <hair_tag name="TiedAcrossBack" />
        <hair_tag name="SlickedLong" />
        <hair_tag name="PartedAndCombedBack" />
        <hair_tag name="Tousled" />
        <hair_tag name="BraidedAndLong" />
        <hair_tag name="Short" />
        <hair_tag name="HighPonytail" />
        <hair_tag name="Mohawk" />
        <hair_tag name="Native Braids" />
        <hair_tag name="Bandit Hair 1" />
        <hair_tag name="Bandit Hair 2" />
        <hair_tag name="Bandit Hair 3" />
      </hair_tags>
      <beard_tags>
        <beard_tag name="Cleanshaven" />
        <beard_tag name="LightShortBeard" />
        <beard_tag name="HeavyShortBeard" />
        <beard_tag name="PointedShortBeard" />
        <beard_tag name="LongBeard" />
        <beard_tag name="HeavyLongBeard" />
        <beard_tag name="LongScragglyBeard" />
        <beard_tag name="LightShortBeard" />
        <beard_tag name="HeavyShortBeard" />
        <beard_tag name="PointedShortBeard" />
        <beard_tag name="LongBeard" />
        <beard_tag name="HeavyLongBeard" />
      </beard_tags>
    </face>
    <Equipments>
      <EquipmentSet id="cla_scythia_npc_wealthy_template" />
      <EquipmentSet id="cla_scythia_npc_wealthy_template" civilian="true" />
    </Equipments>
  </NPCCharacter>
  <NPCCharacter id="cla_scythia_merchant"
                default_group="Infantry"
                is_hero="true"
                occupation="GoodsTrader"
                culture="Culture.khuzait"
                name="{=thbcgVVO}Trader"
                skill_template="SkillSet.cla_skills_level6">
    <face>
      <face_key_template value="BodyProperty.cla_villager_scythia" />
      <hair_tags>
        <hair_tag name="Ponytail" />
        <hair_tag name="LongAndBushy" />
        <hair_tag name="TiedAcrossBack" />
        <hair_tag name="SlickedLong" />
        <hair_tag name="PartedAndCombedBack" />
        <hair_tag name="Tousled" />
        <hair_tag name="BraidedAndLong" />
        <hair_tag name="Short" />
        <hair_tag name="HighPonytail" />
        <hair_tag name="Mohawk" />
        <hair_tag name="Native Braids" />
        <hair_tag name="Bandit Hair 1" />
        <hair_tag name="Bandit Hair 2" />
        <hair_tag name="Bandit Hair 3" />
      </hair_tags>
      <beard_tags>
        <beard_tag name="Cleanshaven" />
        <beard_tag name="LightShortBeard" />
        <beard_tag name="HeavyShortBeard" />
        <beard_tag name="PointedShortBeard" />
        <beard_tag name="LongBeard" />
        <beard_tag name="HeavyLongBeard" />
        <beard_tag name="LongScragglyBeard" />
        <beard_tag name="LightShortBeard" />
        <beard_tag name="HeavyShortBeard" />
        <beard_tag name="PointedShortBeard" />
        <beard_tag name="LongBeard" />
        <beard_tag name="HeavyLongBeard" />
      </beard_tags>
    </face>
    <Equipments>
      <EquipmentSet id="cla_scythia_npc_wealthy_template" />
      <EquipmentSet id="cla_scythia_npc_wealthy_template" civilian="true" />
    </Equipments>
  </NPCCharacter>

  <NPCCharacter id="cla_scythia_beggar"
                default_group="Infantry"
                name="{=malebeggar}Beggar"
                occupation="Townsfolk"
                culture="Culture.khuzait"
                skill_template="SkillSet.cla_skills_level6">
    <face>
      <face_key_template value="BodyProperty.cla_villager_scythia" />
      <hair_tags>
        <hair_tag name="Ponytail" />
        <hair_tag name="LongAndBushy" />
        <hair_tag name="TiedAcrossBack" />
        <hair_tag name="SlickedLong" />
        <hair_tag name="PartedAndCombedBack" />
        <hair_tag name="Tousled" />
        <hair_tag name="BraidedAndLong" />
        <hair_tag name="Short" />
        <hair_tag name="HighPonytail" />
        <hair_tag name="Mohawk" />
        <hair_tag name="Native Braids" />
        <hair_tag name="Bandit Hair 1" />
        <hair_tag name="Bandit Hair 2" />
        <hair_tag name="Bandit Hair 3" />
      </hair_tags>
      <beard_tags>
        <beard_tag name="Cleanshaven" />
        <beard_tag name="LightShortBeard" />
        <beard_tag name="HeavyShortBeard" />
        <beard_tag name="PointedShortBeard" />
        <beard_tag name="LongBeard" />
        <beard_tag name="HeavyLongBeard" />
        <beard_tag name="LongScragglyBeard" />
        <beard_tag name="LightShortBeard" />
        <beard_tag name="HeavyShortBeard" />
        <beard_tag name="PointedShortBeard" />
        <beard_tag name="LongBeard" />
        <beard_tag name="HeavyLongBeard" />
      </beard_tags>
    </face>
    <Equipments>
      <EquipmentSet id="cla_scythia_beggar_template" />
      <EquipmentSet id="cla_scythia_beggar_template" civilian="true" />
    </Equipments>
  </NPCCharacter>
  <NPCCharacter id="cla_scythia_female_beggar"
                default_group="Infantry"
                is_female="true"
                level="1"
                name="{=femalebeggar}Beggar"
                occupation="Townsfolk"
                culture="Culture.khuzait"
                skill_template="SkillSet.cla_skills_level6">
    <face>
      <face_key_template value="BodyProperty.cla_scythia_townswoman" />
    </face>
    <Equipments>
      <EquipmentSet id="cla_scythia_beggar_template" />
      <EquipmentSet id="cla_scythia_beggar_template" civilian="true" />
    </Equipments>
  </NPCCharacter>
  <NPCCharacter id="cla_scythia_female_dancer"
                default_group="Infantry"
                name="{=X3KYysuv}Slave"
                is_female="true"
                is_hero="false"
                occupation="Townsfolk"
                culture="Culture.khuzait"
                skill_template="SkillSet.cla_skills_level6">
    <face>
      <face_key_template value="BodyProperty.cla_scythia_townswoman" />
    </face>
    <skills></skills>
    <Equipments>
      <EquipmentSet id="cla_scythia_female_dancer_template" />
      <EquipmentSet id="cla_scythia_female_dancer_template" civilian="true" />
    </Equipments>
  </NPCCharacter>
  <NPCCharacter id="cla_scythia_gear_practice_dummy"
                default_group="Infantry"
                is_hero="false"
                occupation="Special"
                culture="Culture.khuzait"
                name="{=!}Khuzait Gear Dummy"
                skill_template="SkillSet.cla_skills_level6">
    <face>
      <face_key_template value="BodyProperty.cla_fighter_scythia" />
      <hair_tags>
        <hair_tag name="Ponytail" />
        <hair_tag name="LongAndBushy" />
        <hair_tag name="TiedAcrossBack" />
        <hair_tag name="SlickedLong" />
        <hair_tag name="PartedAndCombedBack" />
        <hair_tag name="Tousled" />
        <hair_tag name="BraidedAndLong" />
        <hair_tag name="Short" />
        <hair_tag name="HighPonytail" />
        <hair_tag name="Mohawk" />
        <hair_tag name="Native Braids" />
        <hair_tag name="Bandit Hair 1" />
        <hair_tag name="Bandit Hair 2" />
        <hair_tag name="Bandit Hair 3" />
      </hair_tags>
      <beard_tags>
        <beard_tag name="Cleanshaven" />
        <beard_tag name="LightShortBeard" />
        <beard_tag name="HeavyShortBeard" />
        <beard_tag name="PointedShortBeard" />
        <beard_tag name="LongBeard" />
        <beard_tag name="HeavyLongBeard" />
        <beard_tag name="LongScragglyBeard" />
        <beard_tag name="LightShortBeard" />
        <beard_tag name="HeavyShortBeard" />
        <beard_tag name="PointedShortBeard" />
        <beard_tag name="LongBeard" />
        <beard_tag name="HeavyLongBeard" />
      </beard_tags>
    </face>
    <Equipments>
      <EquipmentSet id="cla_scythia_gear_practice_dummy_template" />
      <EquipmentSet id="cla_scythia_gear_practice_dummy_template" civilian="true" />
    </Equipments>
  </NPCCharacter>
  <NPCCharacter id="cla_scythia_weapon_practice_stage_1"
                default_group="Infantry"
                is_hero="false"
                occupation="Special"
                culture="Culture.khuzait"
                name="{=!}Khuzait Weapon Dummy">
    <face>
      <face_key_template value="BodyProperty.cla_fighter_scythia" />
    </face>
    <Equipments>
      <EquipmentSet id="cla_scythia_weapon_practice_stage_1_template" />
      <EquipmentSet id="cla_scythia_weapon_practice_stage_1_template" civilian="true" />
    </Equipments>
  </NPCCharacter>
  <NPCCharacter id="cla_scythia_weapon_practice_stage_2"
                default_group="Infantry"
                is_hero="false"
                occupation="Special"
                culture="Culture.khuzait"
                name="{=!}Khuzait Weapon Dummy">
    <face>
      <face_key_template value="BodyProperty.cla_fighter_scythia" />
    </face>
    <Equipments>
      <EquipmentSet id="cla_scythia_weapon_practice_stage_1_template" />
      <EquipmentSet id="cla_scythia_weapon_practice_stage_1_template" civilian="true" />
    </Equipments>
  </NPCCharacter>
  <NPCCharacter id="cla_scythia_weapon_practice_stage_3"
                default_group="Infantry"
                is_hero="false"
                occupation="Special"
                culture="Culture.khuzait"
                name="{=!}Empire Weapon Dummy"
                skill_template="SkillSet.cla_skills_level6">
    <face>
      <face_key_template value="BodyProperty.cla_fighter_scythia" />
    </face>
    <Equipments>
      <EquipmentSet id="cla_scythia_weapon_practice_stage_1_template" />
      <EquipmentSet id="cla_scythia_weapon_practice_stage_1_template" civilian="true" />
    </Equipments>
  </NPCCharacter>

  <NPCCharacter id="cla_scythia_gear_dummy"
                default_group="Infantry"
                is_hero="false"
                occupation="Special"
                culture="Culture.khuzait"
                name="{=!}Empire Gear Dummy"
                skill_template="SkillSet.cla_skills_level6">
    <face>
      <face_key_template value="BodyProperty.cla_fighter_scythia" />
    </face>
    <Equipments>
      <EquipmentSet id="cla_scythia_gear_practice_dummy_template" />
      <EquipmentSet id="cla_scythia_gear_practice_dummy_template" civilian="true" />
    </Equipments>
  </NPCCharacter>


<!-- Tournaments -->
  <NPCCharacter id="cla_scythia_tournament_template_one_participant_set_v1"
                default_group="Infantry"
                level="6"
                name="{=!}cla_scythia_tournament_template_one_participant_set_v1"
                culture="Culture.khuzait"
                skill_template="SkillSet.cla_skills_level6">
    <face>
      <face_key_template value="BodyProperty.cla_fighter_scythia" />
      <hair_tags>
        <hair_tag name="Ponytail" />
        <hair_tag name="LongAndBushy" />
        <hair_tag name="TiedAcrossBack" />
        <hair_tag name="SlickedLong" />
        <hair_tag name="PartedAndCombedBack" />
        <hair_tag name="Tousled" />
        <hair_tag name="BraidedAndLong" />
        <hair_tag name="Short" />
        <hair_tag name="HighPonytail" />
        <hair_tag name="Mohawk" />
        <hair_tag name="Native Braids" />
        <hair_tag name="Bandit Hair 1" />
        <hair_tag name="Bandit Hair 2" />
        <hair_tag name="Bandit Hair 3" />
      </hair_tags>
      <beard_tags>
        <beard_tag name="Cleanshaven" />
        <beard_tag name="LightShortBeard" />
        <beard_tag name="HeavyShortBeard" />
        <beard_tag name="PointedShortBeard" />
        <beard_tag name="LongBeard" />
        <beard_tag name="HeavyLongBeard" />
        <beard_tag name="LongScragglyBeard" />
        <beard_tag name="LightShortBeard" />
        <beard_tag name="HeavyShortBeard" />
        <beard_tag name="PointedShortBeard" />
        <beard_tag name="LongBeard" />
        <beard_tag name="HeavyLongBeard" />
      </beard_tags>
    </face>
    <Equipments>
      <EquipmentSet id="cla_scythia_tournament_template_one_participant_set_v1_template" />
      <EquipmentSet id="cla_scythia_npc_poor_template" civilian="true" />
    </Equipments>
  </NPCCharacter>
  <NPCCharacter id="cla_scythia_tournament_template_one_participant_set_v2"
                default_group="Infantry"
                level="6"
                name="{=!}cla_scythia_tournament_template_one_participant_set_v2"
                culture="Culture.khuzait"
                skill_template="SkillSet.cla_skills_level6">
    <face>
      <face_key_template value="BodyProperty.cla_fighter_scythia" />
      <hair_tags>
        <hair_tag name="Ponytail" />
        <hair_tag name="LongAndBushy" />
        <hair_tag name="TiedAcrossBack" />
        <hair_tag name="SlickedLong" />
        <hair_tag name="PartedAndCombedBack" />
        <hair_tag name="Tousled" />
        <hair_tag name="BraidedAndLong" />
        <hair_tag name="Short" />
        <hair_tag name="HighPonytail" />
        <hair_tag name="Mohawk" />
        <hair_tag name="Native Braids" />
        <hair_tag name="Bandit Hair 1" />
        <hair_tag name="Bandit Hair 2" />
        <hair_tag name="Bandit Hair 3" />
      </hair_tags>
      <beard_tags>
        <beard_tag name="Cleanshaven" />
        <beard_tag name="LightShortBeard" />
        <beard_tag name="HeavyShortBeard" />
        <beard_tag name="PointedShortBeard" />
        <beard_tag name="LongBeard" />
        <beard_tag name="HeavyLongBeard" />
        <beard_tag name="LongScragglyBeard" />
        <beard_tag name="LightShortBeard" />
        <beard_tag name="HeavyShortBeard" />
        <beard_tag name="PointedShortBeard" />
        <beard_tag name="LongBeard" />
        <beard_tag name="HeavyLongBeard" />
      </beard_tags>
    </face>
    <Equipments>
      <EquipmentSet id="cla_scythia_tournament_template_one_participant_set_v2_template" />
      <EquipmentSet id="cla_scythia_npc_poor_template" civilian="true" />
    </Equipments>
  </NPCCharacter>
  <NPCCharacter id="cla_scythia_tournament_template_two_participant_set_v1"
                default_group="Infantry"
                level="6"
                name="{=!}cla_scythia_tournament_template_two_participant_set_v1"
                culture="Culture.khuzait"
                skill_template="SkillSet.cla_skills_level6">
    <face>
      <face_key_template value="BodyProperty.cla_fighter_scythia" />
      <hair_tags>
        <hair_tag name="Ponytail" />
        <hair_tag name="LongAndBushy" />
        <hair_tag name="TiedAcrossBack" />
        <hair_tag name="SlickedLong" />
        <hair_tag name="PartedAndCombedBack" />
        <hair_tag name="Tousled" />
        <hair_tag name="BraidedAndLong" />
        <hair_tag name="Short" />
        <hair_tag name="HighPonytail" />
        <hair_tag name="Mohawk" />
        <hair_tag name="Native Braids" />
        <hair_tag name="Bandit Hair 1" />
        <hair_tag name="Bandit Hair 2" />
        <hair_tag name="Bandit Hair 3" />
      </hair_tags>
      <beard_tags>
        <beard_tag name="Cleanshaven" />
        <beard_tag name="LightShortBeard" />
        <beard_tag name="HeavyShortBeard" />
        <beard_tag name="PointedShortBeard" />
        <beard_tag name="LongBeard" />
        <beard_tag name="HeavyLongBeard" />
        <beard_tag name="LongScragglyBeard" />
        <beard_tag name="LightShortBeard" />
        <beard_tag name="HeavyShortBeard" />
        <beard_tag name="PointedShortBeard" />
        <beard_tag name="LongBeard" />
        <beard_tag name="HeavyLongBeard" />
      </beard_tags>
    </face>
    <Equipments>
      <EquipmentSet id="cla_scythia_tournament_template_two_participant_set_v1_template" />
      <EquipmentSet id="cla_scythia_npc_poor_template" civilian="true" />
    </Equipments>
  </NPCCharacter>

  <NPCCharacter id="cla_scythia_tournament_template_two_participant_set_v2"
                default_group="Infantry"
                level="6"
                name="{=!}cla_scythia_tournament_template_two_participant_set_v2"
                culture="Culture.khuzait"
                skill_template="SkillSet.cla_skills_level6">
    <face>
      <face_key_template value="BodyProperty.cla_fighter_scythia" />
      <hair_tags>
        <hair_tag name="Ponytail" />
        <hair_tag name="LongAndBushy" />
        <hair_tag name="TiedAcrossBack" />
        <hair_tag name="SlickedLong" />
        <hair_tag name="PartedAndCombedBack" />
        <hair_tag name="Tousled" />
        <hair_tag name="BraidedAndLong" />
        <hair_tag name="Short" />
        <hair_tag name="HighPonytail" />
        <hair_tag name="Mohawk" />
        <hair_tag name="Native Braids" />
        <hair_tag name="Bandit Hair 1" />
        <hair_tag name="Bandit Hair 2" />
        <hair_tag name="Bandit Hair 3" />
      </hair_tags>
      <beard_tags>
        <beard_tag name="Cleanshaven" />
        <beard_tag name="LightShortBeard" />
        <beard_tag name="HeavyShortBeard" />
        <beard_tag name="PointedShortBeard" />
        <beard_tag name="LongBeard" />
        <beard_tag name="HeavyLongBeard" />
        <beard_tag name="LongScragglyBeard" />
        <beard_tag name="LightShortBeard" />
        <beard_tag name="HeavyShortBeard" />
        <beard_tag name="PointedShortBeard" />
        <beard_tag name="LongBeard" />
        <beard_tag name="HeavyLongBeard" />
      </beard_tags>
    </face>
    <Equipments>
      <EquipmentSet id="cla_scythia_tournament_template_two_participant_set_v2_template" />
      <EquipmentSet id="cla_scythia_npc_poor_template" civilian="true" />
    </Equipments>
  </NPCCharacter>
  <NPCCharacter id="cla_scythia_tournament_template_two_participant_set_v3"
                default_group="Infantry"
                level="6"
                name="{=!}cla_scythia_tournament_template_two_participant_set_v3"
                culture="Culture.khuzait"
                skill_template="SkillSet.cla_skills_level6">
    <face>
      <face_key_template value="BodyProperty.cla_fighter_scythia" />
      <hair_tags>
        <hair_tag name="Ponytail" />
        <hair_tag name="LongAndBushy" />
        <hair_tag name="TiedAcrossBack" />
        <hair_tag name="SlickedLong" />
        <hair_tag name="PartedAndCombedBack" />
        <hair_tag name="Tousled" />
        <hair_tag name="BraidedAndLong" />
        <hair_tag name="Short" />
        <hair_tag name="HighPonytail" />
        <hair_tag name="Mohawk" />
        <hair_tag name="Native Braids" />
        <hair_tag name="Bandit Hair 1" />
        <hair_tag name="Bandit Hair 2" />
        <hair_tag name="Bandit Hair 3" />
      </hair_tags>
      <beard_tags>
        <beard_tag name="Cleanshaven" />
        <beard_tag name="LightShortBeard" />
        <beard_tag name="HeavyShortBeard" />
        <beard_tag name="PointedShortBeard" />
        <beard_tag name="LongBeard" />
        <beard_tag name="HeavyLongBeard" />
        <beard_tag name="LongScragglyBeard" />
        <beard_tag name="LightShortBeard" />
        <beard_tag name="HeavyShortBeard" />
        <beard_tag name="PointedShortBeard" />
        <beard_tag name="LongBeard" />
        <beard_tag name="HeavyLongBeard" />
      </beard_tags>
    </face>
    <Equipments>
      <EquipmentSet id="cla_scythia_tournament_template_two_participant_set_v3_template" />
      <EquipmentSet id="cla_scythia_npc_poor_template" civilian="true" />
    </Equipments>
  </NPCCharacter>

  <NPCCharacter id="cla_scythia_tournament_template_four_participant_set_v1"
                default_group="Infantry"
                level="6"
                name="{=!}cla_scythia_tournament_template_four_participant_set_v1"
                culture="Culture.khuzait"
                skill_template="SkillSet.cla_skills_level6">
    <face>
      <face_key_template value="BodyProperty.cla_fighter_scythia" />
      <hair_tags>
        <hair_tag name="Ponytail" />
        <hair_tag name="LongAndBushy" />
        <hair_tag name="TiedAcrossBack" />
        <hair_tag name="SlickedLong" />
        <hair_tag name="PartedAndCombedBack" />
        <hair_tag name="Tousled" />
        <hair_tag name="BraidedAndLong" />
        <hair_tag name="Short" />
        <hair_tag name="HighPonytail" />
        <hair_tag name="Mohawk" />
        <hair_tag name="Native Braids" />
        <hair_tag name="Bandit Hair 1" />
        <hair_tag name="Bandit Hair 2" />
        <hair_tag name="Bandit Hair 3" />
      </hair_tags>
      <beard_tags>
        <beard_tag name="Cleanshaven" />
        <beard_tag name="LightShortBeard" />
        <beard_tag name="HeavyShortBeard" />
        <beard_tag name="PointedShortBeard" />
        <beard_tag name="LongBeard" />
        <beard_tag name="HeavyLongBeard" />
        <beard_tag name="LongScragglyBeard" />
        <beard_tag name="LightShortBeard" />
        <beard_tag name="HeavyShortBeard" />
        <beard_tag name="PointedShortBeard" />
        <beard_tag name="LongBeard" />
        <beard_tag name="HeavyLongBeard" />
      </beard_tags>
    </face>
    <Equipments>
      <EquipmentSet id="cla_scythia_tournament_template_four_participant_set_v1_template" />
      <EquipmentSet id="cla_scythia_npc_poor_template" civilian="true" />
    </Equipments>
  </NPCCharacter>

  <NPCCharacter id="cla_scythia_tournament_template_four_participant_set_v2"
                default_group="Infantry"
                level="6"
                name="{=!}cla_scythia_tournament_template_four_participant_set_v2"
                culture="Culture.khuzait"
                skill_template="SkillSet.cla_skills_level6">
    <face>
      <face_key_template value="BodyProperty.cla_fighter_scythia" />
      <hair_tags>
        <hair_tag name="Ponytail" />
        <hair_tag name="LongAndBushy" />
        <hair_tag name="TiedAcrossBack" />
        <hair_tag name="SlickedLong" />
        <hair_tag name="PartedAndCombedBack" />
        <hair_tag name="Tousled" />
        <hair_tag name="BraidedAndLong" />
        <hair_tag name="Short" />
        <hair_tag name="HighPonytail" />
        <hair_tag name="Mohawk" />
        <hair_tag name="Native Braids" />
        <hair_tag name="Bandit Hair 1" />
        <hair_tag name="Bandit Hair 2" />
        <hair_tag name="Bandit Hair 3" />
      </hair_tags>
      <beard_tags>
        <beard_tag name="Cleanshaven" />
        <beard_tag name="LightShortBeard" />
        <beard_tag name="HeavyShortBeard" />
        <beard_tag name="PointedShortBeard" />
        <beard_tag name="LongBeard" />
        <beard_tag name="HeavyLongBeard" />
        <beard_tag name="LongScragglyBeard" />
        <beard_tag name="LightShortBeard" />
        <beard_tag name="HeavyShortBeard" />
        <beard_tag name="PointedShortBeard" />
        <beard_tag name="LongBeard" />
        <beard_tag name="HeavyLongBeard" />
      </beard_tags>
    </face>
    <Equipments>
      <EquipmentSet id="cla_scythia_tournament_template_four_participant_set_v2_template" />
      <EquipmentSet id="cla_scythia_npc_poor_template" civilian="true" />
    </Equipments>
  </NPCCharacter>
  <NPCCharacter id="cla_scythia_tournament_template_four_participant_set_v3"
                default_group="Infantry"
                level="6"
                name="{=!}cla_rome_tournament_template_four_participant_set_v3"
                culture="Culture.khuzait"
                skill_template="SkillSet.cla_skills_level6">
    <face>
      <face_key_template value="BodyProperty.cla_fighter_scythia" />
      <hair_tags>
        <hair_tag name="Ponytail" />
        <hair_tag name="LongAndBushy" />
        <hair_tag name="TiedAcrossBack" />
        <hair_tag name="SlickedLong" />
        <hair_tag name="PartedAndCombedBack" />
        <hair_tag name="Tousled" />
        <hair_tag name="BraidedAndLong" />
        <hair_tag name="Short" />
        <hair_tag name="HighPonytail" />
        <hair_tag name="Mohawk" />
        <hair_tag name="Native Braids" />
        <hair_tag name="Bandit Hair 1" />
        <hair_tag name="Bandit Hair 2" />
        <hair_tag name="Bandit Hair 3" />
      </hair_tags>
      <beard_tags>
        <beard_tag name="Cleanshaven" />
        <beard_tag name="LightShortBeard" />
        <beard_tag name="HeavyShortBeard" />
        <beard_tag name="PointedShortBeard" />
        <beard_tag name="LongBeard" />
        <beard_tag name="HeavyLongBeard" />
        <beard_tag name="LongScragglyBeard" />
        <beard_tag name="LightShortBeard" />
        <beard_tag name="HeavyShortBeard" />
        <beard_tag name="PointedShortBeard" />
        <beard_tag name="LongBeard" />
        <beard_tag name="HeavyLongBeard" />
      </beard_tags>
    </face>
    <Equipments>
      <EquipmentSet id="cla_scythia_tournament_template_four_participant_set_v3_template" />
      <EquipmentSet id="cla_scythia_npc_poor_template" civilian="true" />
    </Equipments>
  </NPCCharacter>

</NPCCharacters>