<?xml version="1.0" encoding="utf-8"?>
<NPCCharacters>

<!-- Wanderer Equipment -->
  <NPCCharacter id="cla_spc_wanderer_celt_0" name="{=G8mawcBV}{FIRSTNAME} the Healer" voice="ironic" age="30" is_female="true" is_template="true" default_group="Infantry" is_hero="false" culture="Culture.battania" occupation="Wanderer">
    <face>
      <face_key_template value="BodyProperty.cla_celt_townswoman" />
    </face>
    <!--<Hero id="spc_wanderer_battania_0" faction="Kingdom.battania" />-->
    <Traits>
      <Trait id="WandererEquipment" value="1" />
      <Trait id="PeltastFightingSkills" value="2" />
      <Trait id="Surgeon" value="4" />
      <Trait id="WoodsScoutSkills" value="2" />
      <Trait id="Calculating" value="1" />
      <Trait id="Honor" value="-1" />
    </Traits>
    <Equipments>
      <EquipmentSet id="cla_npc_wanderer_equipment_celt_template" civilian="true" />
      <EquipmentSet id="cla_npc_wanderer_equipment_celt_template" />
    </Equipments>
  </NPCCharacter>
  <!-- boastful, keeps a collection of his enemies' heads  -->
  <NPCCharacter id="cla_spc_wanderer_celt_1" name="{=qslA0bVb}{FIRSTNAME} the Red" voice="earnest" age="28" default_group="Infantry" is_template="true" is_hero="false" culture="Culture.battania" occupation="Wanderer">
    <face>
      <face_key_template value="BodyProperty.cla_fighter_celt" />
      <hair_tags>
        <hair_tag name="Ponytail" />
        <hair_tag name="LongAndBushy" />
        <hair_tag name="TiedAcrossBack" />
        <hair_tag name="SlickedLong" />
        <hair_tag name="PartedAndCombedBack" />
        <hair_tag name="Tousled" />
        <hair_tag name="Short" />
        <hair_tag name="HighPonytail" />
        <hair_tag name="ShortAndThin" />
        <hair_tag name="SlickedShort" />
        <hair_tag name="Bandit Hair 1" />
        <hair_tag name="Bandit Hair 2" />
        <hair_tag name="Bandit Hair 3" />
      </hair_tags>
      <beard_tags>
        <beard_tag name="MustacheAndPatch" />
        <beard_tag name="MediumMustache" />
        <beard_tag name="LightGoatee" />
        <beard_tag name="BushyGoatee" />
        <beard_tag name="DroopingMustacheAndBeard" />
        <beard_tag name="WaxedMustache" />
        <beard_tag name="DroopyMustache" />
        <beard_tag name="WaxedBeardWithShavedCheeks" />
        <beard_tag name="BeardWithShavedCheeks" />
        <beard_tag name="HeavyShortBeard" />
        <beard_tag name="PointedShortBeard" />
        <beard_tag name="LongBeard" />
        <beard_tag name="HeavyLongBeard" />
        <beard_tag name="LongScragglyBeard" />
        <beard_tag name="cla_CeltMustache" />
        <beard_tag name="cla_HangingMustache" />
        <beard_tag name="cla_CurlyBeard" />
        <beard_tag name="cla_CurlyBeard_2" />
        <beard_tag name="cla_TrimmedGoatee" />
        <beard_tag name="cla_ShortMustache" />
        <beard_tag name="cla_VikingBeard" />
      </beard_tags>
    </face>
    <!--<Hero id="spc_wanderer_battania_1" faction="Kingdom.battania" />-->
    <Traits>
      <Trait id="WandererEquipment" value="1" />
      <Trait id="HuscarlFightingSkills" value="4" />
      <Trait id="Valor" value="1" />
      <Trait id="Honor" value="-1" />
      <Trait id="Calculating" value="-1" />
    </Traits>
    <Equipments>
      <EquipmentSet id="cla_npc_wanderer_equipment_celt_template" civilian="true" />
      <EquipmentSet id="cla_npc_wanderer_equipment_celt_template" />
    </Equipments>
  </NPCCharacter>
  <!--Set up to die in a duel by his stepfather, but won the duels -->
  <NPCCharacter id="cla_spc_wanderer_celt_2" name="{=2U2Hy2Su}{FIRSTNAME} Fairhair" voice="ironic" age="28" default_group="Infantry" is_template="true" is_hero="false" culture="Culture.battania" occupation="Wanderer">
    <face>
      <face_key_template value="BodyProperty.cla_fighter_celt" />
      <hair_tags>
        <hair_tag name="Ponytail" />
        <hair_tag name="LongAndBushy" />
        <hair_tag name="TiedAcrossBack" />
        <hair_tag name="SlickedLong" />
        <hair_tag name="PartedAndCombedBack" />
        <hair_tag name="Tousled" />
        <hair_tag name="Short" />
        <hair_tag name="HighPonytail" />
        <hair_tag name="ShortAndThin" />
        <hair_tag name="SlickedShort" />
        <hair_tag name="Bandit Hair 1" />
        <hair_tag name="Bandit Hair 2" />
        <hair_tag name="Bandit Hair 3" />
      </hair_tags>
      <beard_tags>
        <beard_tag name="MustacheAndPatch" />
        <beard_tag name="MediumMustache" />
        <beard_tag name="LightGoatee" />
        <beard_tag name="BushyGoatee" />
        <beard_tag name="DroopingMustacheAndBeard" />
        <beard_tag name="WaxedMustache" />
        <beard_tag name="DroopyMustache" />
        <beard_tag name="WaxedBeardWithShavedCheeks" />
        <beard_tag name="BeardWithShavedCheeks" />
        <beard_tag name="HeavyShortBeard" />
        <beard_tag name="PointedShortBeard" />
        <beard_tag name="LongBeard" />
        <beard_tag name="HeavyLongBeard" />
        <beard_tag name="LongScragglyBeard" />
        <beard_tag name="cla_CeltMustache" />
        <beard_tag name="cla_HangingMustache" />
        <beard_tag name="cla_CurlyBeard" />
        <beard_tag name="cla_CurlyBeard_2" />
        <beard_tag name="cla_TrimmedGoatee" />
        <beard_tag name="cla_ShortMustache" />
        <beard_tag name="cla_VikingBeard" />
      </beard_tags>
    </face>
    <!--<Hero id="spc_wanderer_battania_2" faction="Kingdom.battania" />-->
    <Traits>
      <Trait id="WandererEquipment" value="1" />
      <Trait id="HopliteFightingSkills" value="4" />
      <Trait id="Valor" value="1" />
      <Trait id="Generosity" value="1" />
    </Traits>
    <Equipments>
      <EquipmentSet id="cla_npc_wanderer_equipment_celt_template" civilian="true" />
      <EquipmentSet id="cla_npc_wanderer_equipment_celt_template" />
    </Equipments>
  </NPCCharacter>
  <!-- the grey, professional veteran. fought for the empire -->
  <NPCCharacter id="cla_spc_wanderer_celt_3" name="{=pTuZB1Hj}{FIRSTNAME} Ironbelly" voice="ironic" age="35" default_group="Infantry" is_template="true" is_hero="false" culture="Culture.battania" occupation="Wanderer">
    <face>
      <face_key_template value="BodyProperty.cla_fighter_celt" />
      <hair_tags>
        <hair_tag name="Ponytail" />
        <hair_tag name="LongAndBushy" />
        <hair_tag name="TiedAcrossBack" />
        <hair_tag name="SlickedLong" />
        <hair_tag name="PartedAndCombedBack" />
        <hair_tag name="Tousled" />
        <hair_tag name="Short" />
        <hair_tag name="HighPonytail" />
        <hair_tag name="ShortAndThin" />
        <hair_tag name="SlickedShort" />
        <hair_tag name="Bandit Hair 1" />
        <hair_tag name="Bandit Hair 2" />
        <hair_tag name="Bandit Hair 3" />
      </hair_tags>
      <beard_tags>
        <beard_tag name="MustacheAndPatch" />
        <beard_tag name="MediumMustache" />
        <beard_tag name="LightGoatee" />
        <beard_tag name="BushyGoatee" />
        <beard_tag name="DroopingMustacheAndBeard" />
        <beard_tag name="WaxedMustache" />
        <beard_tag name="DroopyMustache" />
        <beard_tag name="WaxedBeardWithShavedCheeks" />
        <beard_tag name="BeardWithShavedCheeks" />
        <beard_tag name="HeavyShortBeard" />
        <beard_tag name="PointedShortBeard" />
        <beard_tag name="LongBeard" />
        <beard_tag name="HeavyLongBeard" />
        <beard_tag name="LongScragglyBeard" />
        <beard_tag name="cla_CeltMustache" />
        <beard_tag name="cla_HangingMustache" />
        <beard_tag name="cla_CurlyBeard" />
        <beard_tag name="cla_CurlyBeard_2" />
        <beard_tag name="cla_TrimmedGoatee" />
        <beard_tag name="cla_ShortMustache" />
        <beard_tag name="cla_VikingBeard" />
      </beard_tags>
    </face>
    <Traits>
      <Trait id="PeltastFightingSkills" value="5" />
      <Trait id="SergeantCommandSkills" value="3" />
      <Trait id="WandererEquipment" value="1" />
      <Trait id="Valor" value="1" />
      <Trait id="Honor" value="1" />
      <Trait id="Mercy" value="-1" />
    </Traits>
    <Equipments>
      <EquipmentSet id="cla_npc_wanderer_equipment_celt_template" civilian="true" />
      <EquipmentSet id="cla_npc_wanderer_equipment_celt_template" />
    </Equipments>
  </NPCCharacter>
  <!-- horsethief, boastful -->
  <NPCCharacter id="cla_spc_wanderer_celt_4" name="{=fJmGKlaO}{FIRSTNAME} Horsethief" voice="ironic" age="27" default_group="Infantry" is_template="true" is_hero="false" culture="Culture.battania" occupation="Wanderer">
    <face>
      <face_key_template value="BodyProperty.cla_fighter_celt" />
      <hair_tags>
        <hair_tag name="Ponytail" />
        <hair_tag name="LongAndBushy" />
        <hair_tag name="TiedAcrossBack" />
        <hair_tag name="SlickedLong" />
        <hair_tag name="PartedAndCombedBack" />
        <hair_tag name="Tousled" />
        <hair_tag name="Short" />
        <hair_tag name="HighPonytail" />
        <hair_tag name="ShortAndThin" />
        <hair_tag name="SlickedShort" />
        <hair_tag name="Bandit Hair 1" />
        <hair_tag name="Bandit Hair 2" />
        <hair_tag name="Bandit Hair 3" />
      </hair_tags>
      <beard_tags>
        <beard_tag name="MustacheAndPatch" />
        <beard_tag name="MediumMustache" />
        <beard_tag name="LightGoatee" />
        <beard_tag name="BushyGoatee" />
        <beard_tag name="DroopingMustacheAndBeard" />
        <beard_tag name="WaxedMustache" />
        <beard_tag name="DroopyMustache" />
        <beard_tag name="WaxedBeardWithShavedCheeks" />
        <beard_tag name="BeardWithShavedCheeks" />
        <beard_tag name="HeavyShortBeard" />
        <beard_tag name="PointedShortBeard" />
        <beard_tag name="LongBeard" />
        <beard_tag name="HeavyLongBeard" />
        <beard_tag name="LongScragglyBeard" />
        <beard_tag name="cla_CeltMustache" />
        <beard_tag name="cla_HangingMustache" />
        <beard_tag name="cla_CurlyBeard" />
        <beard_tag name="cla_CurlyBeard_2" />
        <beard_tag name="cla_TrimmedGoatee" />
        <beard_tag name="cla_ShortMustache" />
        <beard_tag name="cla_VikingBeard" />
      </beard_tags>
    </face>
    <Traits>
      <!--<Trait id="IsTemplate" value="1" />-->
      <Trait id="WandererEquipment" value="1" />
      <Trait id="CavalryFightingSkills" value="4" />
      <Trait id="HillScoutSkills" value="5" />
      <Trait id="Honor" value="-1" />
      <Trait id="Generosity" value="1" />
    </Traits>
    <Equipments>
      <EquipmentSet id="cla_npc_wanderer_equipment_celt_template" civilian="true" />
      <EquipmentSet id="cla_npc_wanderer_equipment_celt_template" />
    </Equipments>
  </NPCCharacter>
  <!--loner, deserted the wolfskins -->
  <NPCCharacter id="cla_spc_wanderer_celt_5" name="{=CQOlMayc}{FIRSTNAME} the Ragged" voice="softspoken" age="24" default_group="Infantry" is_template="true" is_hero="false" culture="Culture.battania" occupation="Wanderer">
    <face>
      <face_key_template value="BodyProperty.cla_fighter_celt" />
      <hair_tags>
        <hair_tag name="Ponytail" />
        <hair_tag name="LongAndBushy" />
        <hair_tag name="TiedAcrossBack" />
        <hair_tag name="SlickedLong" />
        <hair_tag name="PartedAndCombedBack" />
        <hair_tag name="Tousled" />
        <hair_tag name="Short" />
        <hair_tag name="HighPonytail" />
        <hair_tag name="ShortAndThin" />
        <hair_tag name="SlickedShort" />
        <hair_tag name="Bandit Hair 1" />
        <hair_tag name="Bandit Hair 2" />
        <hair_tag name="Bandit Hair 3" />
      </hair_tags>
      <beard_tags>
        <beard_tag name="MustacheAndPatch" />
        <beard_tag name="MediumMustache" />
        <beard_tag name="LightGoatee" />
        <beard_tag name="BushyGoatee" />
        <beard_tag name="DroopingMustacheAndBeard" />
        <beard_tag name="WaxedMustache" />
        <beard_tag name="DroopyMustache" />
        <beard_tag name="WaxedBeardWithShavedCheeks" />
        <beard_tag name="BeardWithShavedCheeks" />
        <beard_tag name="HeavyShortBeard" />
        <beard_tag name="PointedShortBeard" />
        <beard_tag name="LongBeard" />
        <beard_tag name="HeavyLongBeard" />
        <beard_tag name="LongScragglyBeard" />
        <beard_tag name="cla_CeltMustache" />
        <beard_tag name="cla_HangingMustache" />
        <beard_tag name="cla_CurlyBeard" />
        <beard_tag name="cla_CurlyBeard_2" />
        <beard_tag name="cla_TrimmedGoatee" />
        <beard_tag name="cla_ShortMustache" />
        <beard_tag name="cla_VikingBeard" />
      </beard_tags>
    </face>
    <!--<Hero id="spc_wanderer_battania_5" faction="Kingdom.battania" />-->
    <Traits>
      <!--<Trait id="IsTemplate" value="1" />-->
      <Trait id="WandererEquipment" value="1" />
      <Trait id="ArcherFIghtingSkills" value="3" />
      <Trait id="WoodsScoutSkills" value="3" />
      <Trait id="Honor" value="1" />
      <Trait id="Mercy" value="1" />
      <Trait id="Calculating" value="-1" />
    </Traits>
    <Equipments>
      <EquipmentSet id="cla_npc_wanderer_equipment_celt_template" civilian="true" />
      <EquipmentSet id="cla_npc_wanderer_equipment_celt_template" />
    </Equipments>
  </NPCCharacter>
  <!--talkative bandit, of the hills -->
  <NPCCharacter id="cla_spc_wanderer_celt_6" name="{=nqE62lQW}{FIRSTNAME} Blacktooth" voice="ironic" age="22" default_group="Infantry" is_template="true" is_hero="false" culture="Culture.battania" occupation="Wanderer">
    <face>
      <face_key_template value="BodyProperty.cla_fighter_celt" />
      <hair_tags>
        <hair_tag name="Ponytail" />
        <hair_tag name="LongAndBushy" />
        <hair_tag name="TiedAcrossBack" />
        <hair_tag name="SlickedLong" />
        <hair_tag name="PartedAndCombedBack" />
        <hair_tag name="Tousled" />
        <hair_tag name="Short" />
        <hair_tag name="HighPonytail" />
        <hair_tag name="ShortAndThin" />
        <hair_tag name="SlickedShort" />
        <hair_tag name="Bandit Hair 1" />
        <hair_tag name="Bandit Hair 2" />
        <hair_tag name="Bandit Hair 3" />
      </hair_tags>
      <beard_tags>
        <beard_tag name="MustacheAndPatch" />
        <beard_tag name="MediumMustache" />
        <beard_tag name="LightGoatee" />
        <beard_tag name="BushyGoatee" />
        <beard_tag name="DroopingMustacheAndBeard" />
        <beard_tag name="WaxedMustache" />
        <beard_tag name="DroopyMustache" />
        <beard_tag name="WaxedBeardWithShavedCheeks" />
        <beard_tag name="BeardWithShavedCheeks" />
        <beard_tag name="HeavyShortBeard" />
        <beard_tag name="PointedShortBeard" />
        <beard_tag name="LongBeard" />
        <beard_tag name="HeavyLongBeard" />
        <beard_tag name="LongScragglyBeard" />
        <beard_tag name="cla_CeltMustache" />
        <beard_tag name="cla_HangingMustache" />
        <beard_tag name="cla_CurlyBeard" />
        <beard_tag name="cla_CurlyBeard_2" />
        <beard_tag name="cla_TrimmedGoatee" />
        <beard_tag name="cla_ShortMustache" />
        <beard_tag name="cla_VikingBeard" />
      </beard_tags>
    </face>
    <!--<Hero id="spc_wanderer_battania_6" faction="Kingdom.battania" />-->
    <Traits>
      <!--<Trait id="IsTemplate" value="1" />-->
      <Trait id="PeltastFightingSkills" value="3" />
      <Trait id="HillScoutSkills" value="3" />
      <Trait id="WandererEquipment" value="1" />
      <Trait id="RogueSkills" value="2" />
      <Trait id="Mercy" value="-1" />
      <Trait id="Honor" value="-1" />
      <Trait id="Generosity" value="-1" />
    </Traits>
    <Equipments>
      <EquipmentSet id="cla_npc_wanderer_equipment_celt_template" civilian="true" />
      <EquipmentSet id="cla_npc_wanderer_equipment_celt_template" />
    </Equipments>
  </NPCCharacter>
  <!--female, the wanderer. killed a chief's son who pestered her -->
  <NPCCharacter id="cla_spc_wanderer_celt_7" name="{=c5Kjcxsa}{FIRSTNAME} the Wanderer" voice="ironic" age="21" is_female="true" default_group="Infantry" is_template="true" is_hero="false" culture="Culture.battania" occupation="Wanderer">
    <face>
      <face_key_template value="BodyProperty.cla_celt_townswoman" />
    </face>
    <!--<Hero id="spc_wanderer_battania_7" faction="Kingdom.battania" />-->
    <Traits>
      <!--<Trait id="IsTemplate" value="1" />-->
      <Trait id="WandererEquipment" value="1" />
      <Trait id="HopliteFightingSkills" value="3" />
      <Trait id="HillScoutSkills" value="3" />
      <Trait id="Valor" value="1" />
      <Trait id="Calculating" value="1" />
      <!--<Trait id="RuralClanIsNemesis" value="1" />-->
    </Traits>
    <Equipments>
      <EquipmentSet id="cla_npc_wanderer_equipment_celt_template" civilian="true" />
      <EquipmentSet id="cla_npc_wanderer_equipment_celt_template" />
    </Equipments>
  </NPCCharacter>
  <!-- The accursed, believed to be bad luck -->
  <NPCCharacter id="cla_spc_wanderer_celt_8" name="{=KTObbG71}{FIRSTNAME} the Wronged" voice="curt" age="26" is_female="true" default_group="Infantry" is_template="true" is_hero="false" culture="Culture.battania" occupation="Wanderer">
    <face>
      <face_key_template value="BodyProperty.cla_celt_townswoman" />
    </face>
    <!--<Hero id="spc_wanderer_battania_8" faction="Kingdom.battania" />-->
    <Traits>
      <!--<Trait id="IsTemplate" value="1" />-->
      <Trait id="WandererEquipment" value="1" />
      <Trait id="PeltastFightingSkills" value="4" />
      <Trait id="Valor" value="1" />
      <Trait id="Honor" value="1" />
      <Trait id="Mercy" value="1" />
    </Traits>
    <Equipments>
      <EquipmentSet id="cla_npc_wanderer_equipment_celt_template" civilian="true" />
      <EquipmentSet id="cla_npc_wanderer_equipment_celt_template" />
    </Equipments>
  </NPCCharacter>
  <!-- 'Cowthief' - caught up in feud, raided cattle as revenge -->
  <NPCCharacter id="cla_spc_wanderer_celt_9" name="{=KnTl4ESh}{FIRSTNAME} Cowthief" voice="ironic" age="22" is_female="false" default_group="Infantry" is_template="true" is_hero="false" culture="Culture.battania" occupation="Wanderer">
    <face>
      <face_key_template value="BodyProperty.cla_celt_townswoman" />
    </face>
    <!--<Hero id="spc_wanderer_battania_9" faction="Kingdom.battania" />-->
    <Traits>
      <!--<Trait id="IsTemplate" value="1" />-->
      <Trait id="WandererEquipment" value="1" />
      <Trait id="ArcherFIghtingSkills" value="3" />
      <Trait id="HillScoutSkills" value="3" />
      <Trait id="Valor" value="1" />
      <Trait id="Generosity" value="1" />
      <Trait id="Mercy" value="-1" />
    </Traits>
    <Equipments>
      <EquipmentSet id="cla_npc_wanderer_equipment_celt_template" civilian="true" />
      <EquipmentSet id="cla_npc_wanderer_equipment_celt_template" />
    </Equipments>
  </NPCCharacter>

<!-- Urban Characters -->
  <NPCCharacter id="cla_spc_notable_celt_merchant_1" name="{=!}Cautious Batannia merchant" voice="curt" is_template="true" default_group="Infantry" is_hero="false" culture="Culture.battania" occupation="Merchant">
    <face>
      <face_key_template value="BodyProperty.cla_celt_villager" />
      <hair_tags>
        <hair_tag name="Ponytail" />
        <hair_tag name="LongAndBushy" />
        <hair_tag name="TiedAcrossBack" />
        <hair_tag name="SlickedLong" />
        <hair_tag name="PartedAndCombedBack" />
        <hair_tag name="Tousled" />
        <hair_tag name="Short" />
        <hair_tag name="HighPonytail" />
        <hair_tag name="ShortAndThin" />
        <hair_tag name="SlickedShort" />
        <hair_tag name="Bandit Hair 1" />
        <hair_tag name="Bandit Hair 2" />
        <hair_tag name="Bandit Hair 3" />
      </hair_tags>
      <beard_tags>
        <beard_tag name="MustacheAndPatch" />
        <beard_tag name="MediumMustache" />
        <beard_tag name="LightGoatee" />
        <beard_tag name="BushyGoatee" />
        <beard_tag name="DroopingMustacheAndBeard" />
        <beard_tag name="WaxedMustache" />
        <beard_tag name="DroopyMustache" />
        <beard_tag name="WaxedBeardWithShavedCheeks" />
        <beard_tag name="BeardWithShavedCheeks" />
        <beard_tag name="HeavyShortBeard" />
        <beard_tag name="PointedShortBeard" />
        <beard_tag name="LongBeard" />
        <beard_tag name="HeavyLongBeard" />
        <beard_tag name="LongScragglyBeard" />
        <beard_tag name="cla_CeltMustache" />
        <beard_tag name="cla_HangingMustache" />
        <beard_tag name="cla_CurlyBeard" />
        <beard_tag name="cla_CurlyBeard_2" />
        <beard_tag name="cla_TrimmedGoatee" />
        <beard_tag name="cla_ShortMustache" />
        <beard_tag name="cla_VikingBeard" />
      </beard_tags>
    </face>
    <!--<Hero id="spc_notable_battania_merchant_1" faction="Kingdom.battania" />-->
    <skills></skills>
    <Traits>
      <Trait id="WandererEquipment" value="1" />
      <Trait id="Valor" value="-1" />
      <Trait id="Calculating" value="1" />
    </Traits>
    <Equipments>
      <EquipmentSet id="cla_celt_male_wealthy_template" />
      <EquipmentSet id="cla_celt_male_wealthy_template" civilian="true" />
    </Equipments>
  </NPCCharacter>
  <NPCCharacter id="cla_spc_notable_celt_0b" name="{=!}{FIRSTNAME} the Measurer" voice="ironic" is_template="true" default_group="Infantry" is_hero="false" culture="Culture.battania" occupation="Merchant">
    <face>
      <face_key_template value="BodyProperty.cla_celt_villager" />
      <hair_tags>
        <hair_tag name="Ponytail" />
        <hair_tag name="LongAndBushy" />
        <hair_tag name="TiedAcrossBack" />
        <hair_tag name="SlickedLong" />
        <hair_tag name="PartedAndCombedBack" />
        <hair_tag name="Tousled" />
        <hair_tag name="Short" />
        <hair_tag name="HighPonytail" />
        <hair_tag name="ShortAndThin" />
        <hair_tag name="SlickedShort" />
        <hair_tag name="Bandit Hair 1" />
        <hair_tag name="Bandit Hair 2" />
        <hair_tag name="Bandit Hair 3" />
      </hair_tags>
      <beard_tags>
        <beard_tag name="MustacheAndPatch" />
        <beard_tag name="MediumMustache" />
        <beard_tag name="LightGoatee" />
        <beard_tag name="BushyGoatee" />
        <beard_tag name="DroopingMustacheAndBeard" />
        <beard_tag name="WaxedMustache" />
        <beard_tag name="DroopyMustache" />
        <beard_tag name="WaxedBeardWithShavedCheeks" />
        <beard_tag name="BeardWithShavedCheeks" />
        <beard_tag name="HeavyShortBeard" />
        <beard_tag name="PointedShortBeard" />
        <beard_tag name="LongBeard" />
        <beard_tag name="HeavyLongBeard" />
        <beard_tag name="LongScragglyBeard" />
        <beard_tag name="cla_CeltMustache" />
        <beard_tag name="cla_HangingMustache" />
        <beard_tag name="cla_CurlyBeard" />
        <beard_tag name="cla_CurlyBeard_2" />
        <beard_tag name="cla_TrimmedGoatee" />
        <beard_tag name="cla_ShortMustache" />
        <beard_tag name="cla_VikingBeard" />
      </beard_tags>
    </face>
    <!--<Hero id="spc_notable_battania_0b" faction="Kingdom.battania" />-->
    <skills></skills>
    <Traits>
      <!-- Add skill groups -->
      <Trait id="Commander" value="1" />
      <Trait id="Valor" value="-1" />
      <Trait id="Calculating" value="1" />
    </Traits>
    <Equipments>
      <EquipmentSet id="cla_celt_male_wealthy_template" />
      <EquipmentSet id="cla_celt_male_wealthy_template" civilian="true" />
    </Equipments>
  </NPCCharacter>
  <NPCCharacter id="cla_spc_notable_celt_0c" name="{=!}{FIRSTNAME} the Swiftspeaker" voice="earnest" is_template="true" default_group="Infantry" is_hero="false" culture="Culture.battania" occupation="Merchant">
    <face>
      <face_key_template value="BodyProperty.cla_celt_villager" />
      <hair_tags>
        <hair_tag name="Ponytail" />
        <hair_tag name="LongAndBushy" />
        <hair_tag name="TiedAcrossBack" />
        <hair_tag name="SlickedLong" />
        <hair_tag name="PartedAndCombedBack" />
        <hair_tag name="Tousled" />
        <hair_tag name="Short" />
        <hair_tag name="HighPonytail" />
        <hair_tag name="ShortAndThin" />
        <hair_tag name="SlickedShort" />
        <hair_tag name="Bandit Hair 1" />
        <hair_tag name="Bandit Hair 2" />
        <hair_tag name="Bandit Hair 3" />
      </hair_tags>
      <beard_tags>
        <beard_tag name="MustacheAndPatch" />
        <beard_tag name="MediumMustache" />
        <beard_tag name="LightGoatee" />
        <beard_tag name="BushyGoatee" />
        <beard_tag name="DroopingMustacheAndBeard" />
        <beard_tag name="WaxedMustache" />
        <beard_tag name="DroopyMustache" />
        <beard_tag name="WaxedBeardWithShavedCheeks" />
        <beard_tag name="BeardWithShavedCheeks" />
        <beard_tag name="HeavyShortBeard" />
        <beard_tag name="PointedShortBeard" />
        <beard_tag name="LongBeard" />
        <beard_tag name="HeavyLongBeard" />
        <beard_tag name="LongScragglyBeard" />
        <beard_tag name="cla_CeltMustache" />
        <beard_tag name="cla_HangingMustache" />
        <beard_tag name="cla_CurlyBeard" />
        <beard_tag name="cla_CurlyBeard_2" />
        <beard_tag name="cla_TrimmedGoatee" />
        <beard_tag name="cla_ShortMustache" />
        <beard_tag name="cla_VikingBeard" />
      </beard_tags>
    </face>
    <!--<Hero id="spc_notable_battania_0c" faction="Kingdom.battania" />-->
    <skills></skills>
    <Traits>
      <!-- Add skill groups -->
      <Trait id="Commander" value="1" />
      <Trait id="Honor" value="-1" />
      <Trait id="Calculating" value="1" />
    </Traits>
    <Equipments>
      <EquipmentSet id="cla_celt_male_wealthy_template" />
      <EquipmentSet id="cla_celt_male_wealthy_template" civilian="true" />
    </Equipments>
  </NPCCharacter>
  <NPCCharacter id="cla_spc_notable_celt_0d" name="{=!}{FIRSTNAME} the Woolseller" voice="curt" is_template="true" default_group="Infantry" is_hero="false" culture="Culture.battania" occupation="Merchant">
    <face>
      <face_key_template value="BodyProperty.cla_celt_villager" />
      <hair_tags>
        <hair_tag name="Ponytail" />
        <hair_tag name="LongAndBushy" />
        <hair_tag name="TiedAcrossBack" />
        <hair_tag name="SlickedLong" />
        <hair_tag name="PartedAndCombedBack" />
        <hair_tag name="Tousled" />
        <hair_tag name="Short" />
        <hair_tag name="HighPonytail" />
        <hair_tag name="ShortAndThin" />
        <hair_tag name="SlickedShort" />
        <hair_tag name="Bandit Hair 1" />
        <hair_tag name="Bandit Hair 2" />
        <hair_tag name="Bandit Hair 3" />
      </hair_tags>
      <beard_tags>
        <beard_tag name="MustacheAndPatch" />
        <beard_tag name="MediumMustache" />
        <beard_tag name="LightGoatee" />
        <beard_tag name="BushyGoatee" />
        <beard_tag name="DroopingMustacheAndBeard" />
        <beard_tag name="WaxedMustache" />
        <beard_tag name="DroopyMustache" />
        <beard_tag name="WaxedBeardWithShavedCheeks" />
        <beard_tag name="BeardWithShavedCheeks" />
        <beard_tag name="HeavyShortBeard" />
        <beard_tag name="PointedShortBeard" />
        <beard_tag name="LongBeard" />
        <beard_tag name="HeavyLongBeard" />
        <beard_tag name="LongScragglyBeard" />
        <beard_tag name="cla_CeltMustache" />
        <beard_tag name="cla_HangingMustache" />
        <beard_tag name="cla_CurlyBeard" />
        <beard_tag name="cla_CurlyBeard_2" />
        <beard_tag name="cla_TrimmedGoatee" />
        <beard_tag name="cla_ShortMustache" />
        <beard_tag name="cla_VikingBeard" />
      </beard_tags>
    </face>
    <!--<Hero id="spc_notable_battania_0d" faction="Kingdom.battania" />-->
    <skills></skills>
    <Traits>
      <!-- Add skill groups -->
      <Trait id="Commander" value="1" />
      <Trait id="Generosity" value="-1" />
      <Trait id="Calculating" value="1" />
    </Traits>
    <Equipments>
      <EquipmentSet id="cla_celt_male_wealthy_template" />
      <EquipmentSet id="cla_celt_male_wealthy_template" civilian="true" />
    </Equipments>
  </NPCCharacter>
  <NPCCharacter id="cla_spc_notable_celt_0e" name="{=!}{FIRSTNAME} the Appraiser" voice="softspoken" is_template="true" default_group="Infantry" is_hero="false" culture="Culture.battania" occupation="Merchant">
    <face>
      <face_key_template value="BodyProperty.cla_celt_villager" />
      <hair_tags>
        <hair_tag name="Ponytail" />
        <hair_tag name="LongAndBushy" />
        <hair_tag name="TiedAcrossBack" />
        <hair_tag name="SlickedLong" />
        <hair_tag name="PartedAndCombedBack" />
        <hair_tag name="Tousled" />
        <hair_tag name="Short" />
        <hair_tag name="HighPonytail" />
        <hair_tag name="ShortAndThin" />
        <hair_tag name="SlickedShort" />
        <hair_tag name="Bandit Hair 1" />
        <hair_tag name="Bandit Hair 2" />
        <hair_tag name="Bandit Hair 3" />
      </hair_tags>
      <beard_tags>
        <beard_tag name="MustacheAndPatch" />
        <beard_tag name="MediumMustache" />
        <beard_tag name="LightGoatee" />
        <beard_tag name="BushyGoatee" />
        <beard_tag name="DroopingMustacheAndBeard" />
        <beard_tag name="WaxedMustache" />
        <beard_tag name="DroopyMustache" />
        <beard_tag name="WaxedBeardWithShavedCheeks" />
        <beard_tag name="BeardWithShavedCheeks" />
        <beard_tag name="HeavyShortBeard" />
        <beard_tag name="PointedShortBeard" />
        <beard_tag name="LongBeard" />
        <beard_tag name="HeavyLongBeard" />
        <beard_tag name="LongScragglyBeard" />
        <beard_tag name="cla_CeltMustache" />
        <beard_tag name="cla_HangingMustache" />
        <beard_tag name="cla_CurlyBeard" />
        <beard_tag name="cla_CurlyBeard_2" />
        <beard_tag name="cla_TrimmedGoatee" />
        <beard_tag name="cla_ShortMustache" />
        <beard_tag name="cla_VikingBeard" />
      </beard_tags>
    </face>
    <!--<Hero id="spc_notable_battania_0e" faction="Kingdom.battania" />-->
    <skills></skills>
    <Traits>
      <!-- Add skill groups -->
      <Trait id="Commander" value="1" />
      <Trait id="Generosity" value="-1" />
      <Trait id="Honor" value="1" />
    </Traits>
    <Equipments>
      <EquipmentSet id="cla_celt_male_wealthy_template" />
      <EquipmentSet id="cla_celt_male_wealthy_template" civilian="true" />
    </Equipments>
  </NPCCharacter>
  <NPCCharacter id="cla_spc_notable_celt_1" name="{=!}{FIRSTNAME} the Orphan" voice="ironic" is_template="true" is_female="true" default_group="Infantry" is_hero="false" culture="Culture.battania" occupation="Merchant">
    <face>
      <face_key_template value="BodyProperty.cla_celt_townswoman" />
    </face>
    <!--<Hero id="spc_notable_battania_1" faction="Kingdom.battania" />-->
    <skills></skills>
    <Traits>
      <!-- Add skill groups -->
      <Trait id="Valor" value="-1" />
      <Trait id="Calculating" value="1" />
    </Traits>
    <Equipments>
      <EquipmentSet id="cla_celt_male_wealthy_template" />
      <EquipmentSet id="cla_celt_male_wealthy_template" civilian="true" />
    </Equipments>
  </NPCCharacter>
  <NPCCharacter id="cla_spc_notable_celt_1b" name="{=!}{FIRSTNAME} the Freedwoman" voice="softspoken" is_template="true" is_female="true" default_group="Infantry" is_hero="false" culture="Culture.battania" occupation="Merchant">
    <face>
      <face_key_template value="BodyProperty.cla_celt_townswoman" />
    </face>
    <!--<Hero id="spc_notable_battania_1b" faction="Kingdom.battania" />-->
    <skills></skills>
    <Traits>
      <!-- Add skill groups -->
      <Trait id="Commander" value="1" />
      <Trait id="Valor" value="-1" />
      <Trait id="Calculating" value="1" />
    </Traits>
    <Equipments>
      <EquipmentSet id="cla_celt_male_wealthy_template" />
      <EquipmentSet id="cla_celt_male_wealthy_template" civilian="true" />
    </Equipments>
  </NPCCharacter>
  <NPCCharacter id="cla_spc_notable_celt_2" name="{=!}Battanian mystic" voice="curt" is_template="true" default_group="Infantry" is_hero="false" culture="Culture.battania" occupation="Preacher">
    <face>
      <face_key_template value="BodyProperty.cla_celt_villager" />
      <hair_tags>
        <hair_tag name="Ponytail" />
        <hair_tag name="LongAndBushy" />
        <hair_tag name="TiedAcrossBack" />
        <hair_tag name="SlickedLong" />
        <hair_tag name="PartedAndCombedBack" />
        <hair_tag name="Tousled" />
        <hair_tag name="Short" />
        <hair_tag name="HighPonytail" />
        <hair_tag name="ShortAndThin" />
        <hair_tag name="SlickedShort" />
        <hair_tag name="Bandit Hair 1" />
        <hair_tag name="Bandit Hair 2" />
        <hair_tag name="Bandit Hair 3" />
      </hair_tags>
      <beard_tags>
        <beard_tag name="MustacheAndPatch" />
        <beard_tag name="MediumMustache" />
        <beard_tag name="LightGoatee" />
        <beard_tag name="BushyGoatee" />
        <beard_tag name="DroopingMustacheAndBeard" />
        <beard_tag name="WaxedMustache" />
        <beard_tag name="DroopyMustache" />
        <beard_tag name="WaxedBeardWithShavedCheeks" />
        <beard_tag name="BeardWithShavedCheeks" />
        <beard_tag name="HeavyShortBeard" />
        <beard_tag name="PointedShortBeard" />
        <beard_tag name="LongBeard" />
        <beard_tag name="HeavyLongBeard" />
        <beard_tag name="LongScragglyBeard" />
        <beard_tag name="cla_CeltMustache" />
        <beard_tag name="cla_HangingMustache" />
        <beard_tag name="cla_CurlyBeard" />
        <beard_tag name="cla_CurlyBeard_2" />
        <beard_tag name="cla_TrimmedGoatee" />
        <beard_tag name="cla_ShortMustache" />
        <beard_tag name="cla_VikingBeard" />
      </beard_tags>
    </face>
    <!--<Hero id="spc_notable_battania_2" faction="Kingdom.battania" />-->
    <skills></skills>
    <Traits>
      <!-- Add skill groups -->
      <Trait id="Honor" value="1" />
    </Traits>
    <Equipments>
      <EquipmentSet id="cla_celt_male_wealthy_template" />
      <EquipmentSet id="cla_celt_male_wealthy_template" civilian="true" />
    </Equipments>
  </NPCCharacter>
  <NPCCharacter id="cla_spc_notable_celt_3" name="{=!}Female preacher" voice="curt" is_template="true" default_group="Infantry" is_female="true" culture="Culture.battania" occupation="Preacher">
    <face>
      <face_key_template value="BodyProperty.cla_celt_townswoman" />
    </face>
    <!--<Hero id="spc_notable_battania_3" faction="Kingdom.battania" />-->
    <skills></skills>
    <Traits>
      <!-- Add skill groups -->
      <Trait id="Honor" value="1" />
    </Traits>
    <Equipments>
      <EquipmentSet id="cla_celt_male_wealthy_template" />
      <EquipmentSet id="cla_celt_male_wealthy_template" civilian="true" />
    </Equipments>
  </NPCCharacter>
  <NPCCharacter id="cla_spc_notable_celt_4" name="{=!}Standard male gang leader" voice="ironic" is_template="true" default_group="Infantry" is_hero="false" culture="Culture.battania" occupation="GangLeader">
    <face>
      <face_key_template value="BodyProperty.cla_fighter_celt" />
      <hair_tags>
        <hair_tag name="Ponytail" />
        <hair_tag name="LongAndBushy" />
        <hair_tag name="TiedAcrossBack" />
        <hair_tag name="SlickedLong" />
        <hair_tag name="PartedAndCombedBack" />
        <hair_tag name="Tousled" />
        <hair_tag name="Short" />
        <hair_tag name="HighPonytail" />
        <hair_tag name="ShortAndThin" />
        <hair_tag name="SlickedShort" />
        <hair_tag name="Bandit Hair 1" />
        <hair_tag name="Bandit Hair 2" />
        <hair_tag name="Bandit Hair 3" />
      </hair_tags>
      <beard_tags>
        <beard_tag name="MustacheAndPatch" />
        <beard_tag name="MediumMustache" />
        <beard_tag name="LightGoatee" />
        <beard_tag name="BushyGoatee" />
        <beard_tag name="DroopingMustacheAndBeard" />
        <beard_tag name="WaxedMustache" />
        <beard_tag name="DroopyMustache" />
        <beard_tag name="WaxedBeardWithShavedCheeks" />
        <beard_tag name="BeardWithShavedCheeks" />
        <beard_tag name="HeavyShortBeard" />
        <beard_tag name="PointedShortBeard" />
        <beard_tag name="LongBeard" />
        <beard_tag name="HeavyLongBeard" />
        <beard_tag name="LongScragglyBeard" />
        <beard_tag name="cla_CeltMustache" />
        <beard_tag name="cla_HangingMustache" />
        <beard_tag name="cla_CurlyBeard" />
        <beard_tag name="cla_CurlyBeard_2" />
        <beard_tag name="cla_TrimmedGoatee" />
        <beard_tag name="cla_ShortMustache" />
        <beard_tag name="cla_VikingBeard" />
      </beard_tags>
    </face>
    <!--<Hero id="spc_notable_battania_4" faction="Kingdom.battania" />-->
    <skills></skills>
    <Traits>
      <!-- Add skill groups -->
      <Trait id="Valor" value="1" />
      <Trait id="Mercy" value="-1" />
    </Traits>
    <Equipments>
      <EquipmentSet id="cla_celt_male_wealthy_template" />
      <EquipmentSet id="cla_celt_male_wealthy_template" civilian="true" />
    </Equipments>
  </NPCCharacter>
  <NPCCharacter id="cla_spc_notable_celt_5" name="{=!}Female gang leader" voice="ironic" is_template="true" default_group="Infantry" is_female="true" culture="Culture.battania" occupation="GangLeader">
    <face>
      <face_key_template value="BodyProperty.cla_celt_townswoman" />
    </face>
    <!--<Hero id="spc_notable_battania_5" faction="Kingdom.battania" />-->
    <skills></skills>
    <Traits>
      <!-- Add skill groups -->
      <Trait id="Valor" value="1" />
      <Trait id="Mercy" value="-1" />
    </Traits>
    <Equipments>
      <EquipmentSet id="cla_celt_male_wealthy_template" />
      <EquipmentSet id="cla_celt_male_wealthy_template" civilian="true" />
    </Equipments>
  </NPCCharacter>
  <NPCCharacter id="cla_spc_celt_rural_notable_1" name="{=!}Battania rural notable Fergus" voice="ironic" is_template="true" default_group="Infantry" is_hero="false" culture="Culture.battania" occupation="RuralNotable">
    <face>
      <face_key_template value="BodyProperty.cla_celt_villager" />
      <hair_tags>
        <hair_tag name="Ponytail" />
        <hair_tag name="LongAndBushy" />
        <hair_tag name="TiedAcrossBack" />
        <hair_tag name="SlickedLong" />
        <hair_tag name="PartedAndCombedBack" />
        <hair_tag name="Tousled" />
        <hair_tag name="Short" />
        <hair_tag name="HighPonytail" />
        <hair_tag name="ShortAndThin" />
        <hair_tag name="SlickedShort" />
        <hair_tag name="Bandit Hair 1" />
        <hair_tag name="Bandit Hair 2" />
        <hair_tag name="Bandit Hair 3" />
      </hair_tags>
      <beard_tags>
        <beard_tag name="MustacheAndPatch" />
        <beard_tag name="MediumMustache" />
        <beard_tag name="LightGoatee" />
        <beard_tag name="BushyGoatee" />
        <beard_tag name="DroopingMustacheAndBeard" />
        <beard_tag name="WaxedMustache" />
        <beard_tag name="DroopyMustache" />
        <beard_tag name="WaxedBeardWithShavedCheeks" />
        <beard_tag name="BeardWithShavedCheeks" />
        <beard_tag name="HeavyShortBeard" />
        <beard_tag name="PointedShortBeard" />
        <beard_tag name="LongBeard" />
        <beard_tag name="HeavyLongBeard" />
        <beard_tag name="LongScragglyBeard" />
        <beard_tag name="cla_CeltMustache" />
        <beard_tag name="cla_HangingMustache" />
        <beard_tag name="cla_CurlyBeard" />
        <beard_tag name="cla_CurlyBeard_2" />
        <beard_tag name="cla_TrimmedGoatee" />
        <beard_tag name="cla_ShortMustache" />
        <beard_tag name="cla_VikingBeard" />
      </beard_tags>
    </face>
    <!--<Hero id="spc_notable_rural_notable_1" faction="Kingdom.battania" />-->
    <Traits>
      <Trait id="WandererEquipment" value="1" />
      <Trait id="Calculating" value="1" />
    </Traits>
    <Equipments>
      <EquipmentSet id="cla_celt_male_wealthy_template" />
      <EquipmentSet id="cla_celt_male_wealthy_template" civilian="true" />
    </Equipments>
  </NPCCharacter>
  <NPCCharacter id="cla_spc_celt_rural_notable_2" name="{=!}Battania proud rural notable" voice="earnest" is_template="true" default_group="Infantry" is_hero="false" culture="Culture.battania" occupation="RuralNotable">
    <face>
      <face_key_template value="BodyProperty.cla_celt_villager" />
      <hair_tags>
        <hair_tag name="Ponytail" />
        <hair_tag name="LongAndBushy" />
        <hair_tag name="TiedAcrossBack" />
        <hair_tag name="SlickedLong" />
        <hair_tag name="PartedAndCombedBack" />
        <hair_tag name="Tousled" />
        <hair_tag name="Short" />
        <hair_tag name="HighPonytail" />
        <hair_tag name="ShortAndThin" />
        <hair_tag name="SlickedShort" />
        <hair_tag name="Bandit Hair 1" />
        <hair_tag name="Bandit Hair 2" />
        <hair_tag name="Bandit Hair 3" />
      </hair_tags>
      <beard_tags>
        <beard_tag name="MustacheAndPatch" />
        <beard_tag name="MediumMustache" />
        <beard_tag name="LightGoatee" />
        <beard_tag name="BushyGoatee" />
        <beard_tag name="DroopingMustacheAndBeard" />
        <beard_tag name="WaxedMustache" />
        <beard_tag name="DroopyMustache" />
        <beard_tag name="WaxedBeardWithShavedCheeks" />
        <beard_tag name="BeardWithShavedCheeks" />
        <beard_tag name="HeavyShortBeard" />
        <beard_tag name="PointedShortBeard" />
        <beard_tag name="LongBeard" />
        <beard_tag name="HeavyLongBeard" />
        <beard_tag name="LongScragglyBeard" />
        <beard_tag name="cla_CeltMustache" />
        <beard_tag name="cla_HangingMustache" />
        <beard_tag name="cla_CurlyBeard" />
        <beard_tag name="cla_CurlyBeard_2" />
        <beard_tag name="cla_TrimmedGoatee" />
        <beard_tag name="cla_ShortMustache" />
        <beard_tag name="cla_VikingBeard" />
      </beard_tags>
    </face>
    <!--<Hero id="spc_battania_rural_notable_2" faction="Kingdom.battania" />-->
    <Traits>
      <Trait id="WandererEquipment" value="1" />
      <Trait id="Valor" value="1" />
      <Trait id="Calculating" value="-1" />
    </Traits>
    <Equipments>
      <EquipmentSet id="cla_celt_male_wealthy_template" />
      <EquipmentSet id="cla_celt_male_wealthy_template" civilian="true" />
    </Equipments>
  </NPCCharacter>
  <NPCCharacter id="cla_spc_celt_artisan_1" name="{=!}battania rebellious artisan" voice="earnest" is_template="true" default_group="Infantry" is_hero="false" culture="Culture.battania" occupation="Artisan">
    <face>
      <face_key_template value="BodyProperty.cla_celt_villager" />
      <hair_tags>
        <hair_tag name="Ponytail" />
        <hair_tag name="LongAndBushy" />
        <hair_tag name="TiedAcrossBack" />
        <hair_tag name="SlickedLong" />
        <hair_tag name="PartedAndCombedBack" />
        <hair_tag name="Tousled" />
        <hair_tag name="Short" />
        <hair_tag name="HighPonytail" />
        <hair_tag name="ShortAndThin" />
        <hair_tag name="SlickedShort" />
        <hair_tag name="Bandit Hair 1" />
        <hair_tag name="Bandit Hair 2" />
        <hair_tag name="Bandit Hair 3" />
      </hair_tags>
      <beard_tags>
        <beard_tag name="MustacheAndPatch" />
        <beard_tag name="MediumMustache" />
        <beard_tag name="LightGoatee" />
        <beard_tag name="BushyGoatee" />
        <beard_tag name="DroopingMustacheAndBeard" />
        <beard_tag name="WaxedMustache" />
        <beard_tag name="DroopyMustache" />
        <beard_tag name="WaxedBeardWithShavedCheeks" />
        <beard_tag name="BeardWithShavedCheeks" />
        <beard_tag name="HeavyShortBeard" />
        <beard_tag name="PointedShortBeard" />
        <beard_tag name="LongBeard" />
        <beard_tag name="HeavyLongBeard" />
        <beard_tag name="LongScragglyBeard" />
        <beard_tag name="cla_CeltMustache" />
        <beard_tag name="cla_HangingMustache" />
        <beard_tag name="cla_CurlyBeard" />
        <beard_tag name="cla_CurlyBeard_2" />
        <beard_tag name="cla_TrimmedGoatee" />
        <beard_tag name="cla_ShortMustache" />
        <beard_tag name="cla_VikingBeard" />
      </beard_tags>
    </face>
    <!--<Hero id="spc_notable_battania_4" faction="Kingdom.battania" />-->
    <skills></skills>
    <Traits>
      <Trait id="Valor" value="1" />
      <Trait id="Calculating" value="-1" />
    </Traits>
    <Equipments>
      <EquipmentSet id="cla_celt_male_wealthy_template" />
      <EquipmentSet id="cla_celt_male_wealthy_template" civilian="true" />
    </Equipments>
  </NPCCharacter>
  <NPCCharacter id="cla_spc_celt_artisan_2" name="{=!}battania conservative artisan" voice="curt" is_template="true" default_group="Infantry" is_hero="false" culture="Culture.battania" occupation="Artisan">
    <face>
      <face_key_template value="BodyProperty.cla_celt_villager" />
      <hair_tags>
        <hair_tag name="Ponytail" />
        <hair_tag name="LongAndBushy" />
        <hair_tag name="TiedAcrossBack" />
        <hair_tag name="SlickedLong" />
        <hair_tag name="PartedAndCombedBack" />
        <hair_tag name="Tousled" />
        <hair_tag name="Short" />
        <hair_tag name="HighPonytail" />
        <hair_tag name="ShortAndThin" />
        <hair_tag name="SlickedShort" />
        <hair_tag name="Bandit Hair 1" />
        <hair_tag name="Bandit Hair 2" />
        <hair_tag name="Bandit Hair 3" />
      </hair_tags>
      <beard_tags>
        <beard_tag name="MustacheAndPatch" />
        <beard_tag name="MediumMustache" />
        <beard_tag name="LightGoatee" />
        <beard_tag name="BushyGoatee" />
        <beard_tag name="DroopingMustacheAndBeard" />
        <beard_tag name="WaxedMustache" />
        <beard_tag name="DroopyMustache" />
        <beard_tag name="WaxedBeardWithShavedCheeks" />
        <beard_tag name="BeardWithShavedCheeks" />
        <beard_tag name="HeavyShortBeard" />
        <beard_tag name="PointedShortBeard" />
        <beard_tag name="LongBeard" />
        <beard_tag name="HeavyLongBeard" />
        <beard_tag name="LongScragglyBeard" />
        <beard_tag name="cla_CeltMustache" />
        <beard_tag name="cla_HangingMustache" />
        <beard_tag name="cla_CurlyBeard" />
        <beard_tag name="cla_CurlyBeard_2" />
        <beard_tag name="cla_TrimmedGoatee" />
        <beard_tag name="cla_ShortMustache" />
        <beard_tag name="cla_VikingBeard" />
      </beard_tags>
    </face>
    <!--<Hero id="spc_notable_battania_4" faction="Kingdom.battania" />-->
    <skills></skills>
    <Traits>
      <Trait id="Valor" value="-1" />
      <Trait id="Generosity" value="1" />
    </Traits>
    <Equipments>
      <EquipmentSet id="cla_celt_male_wealthy_template" />
      <EquipmentSet id="cla_celt_male_wealthy_template" civilian="true" />
    </Equipments>
  </NPCCharacter>
  <NPCCharacter id="cla_spc_celt_artisan_3" name="{=!}battania devious artisan" voice="ironic" is_template="true" default_group="Infantry" is_hero="false" culture="Culture.battania" occupation="Artisan">
    <face>
      <face_key_template value="BodyProperty.cla_celt_villager" />
      <hair_tags>
        <hair_tag name="Ponytail" />
        <hair_tag name="LongAndBushy" />
        <hair_tag name="TiedAcrossBack" />
        <hair_tag name="SlickedLong" />
        <hair_tag name="PartedAndCombedBack" />
        <hair_tag name="Tousled" />
        <hair_tag name="Short" />
        <hair_tag name="HighPonytail" />
        <hair_tag name="ShortAndThin" />
        <hair_tag name="SlickedShort" />
        <hair_tag name="Bandit Hair 1" />
        <hair_tag name="Bandit Hair 2" />
        <hair_tag name="Bandit Hair 3" />
      </hair_tags>
      <beard_tags>
        <beard_tag name="MustacheAndPatch" />
        <beard_tag name="MediumMustache" />
        <beard_tag name="LightGoatee" />
        <beard_tag name="BushyGoatee" />
        <beard_tag name="DroopingMustacheAndBeard" />
        <beard_tag name="WaxedMustache" />
        <beard_tag name="DroopyMustache" />
        <beard_tag name="WaxedBeardWithShavedCheeks" />
        <beard_tag name="BeardWithShavedCheeks" />
        <beard_tag name="HeavyShortBeard" />
        <beard_tag name="PointedShortBeard" />
        <beard_tag name="LongBeard" />
        <beard_tag name="HeavyLongBeard" />
        <beard_tag name="LongScragglyBeard" />
        <beard_tag name="cla_CeltMustache" />
        <beard_tag name="cla_HangingMustache" />
        <beard_tag name="cla_CurlyBeard" />
        <beard_tag name="cla_CurlyBeard_2" />
        <beard_tag name="cla_TrimmedGoatee" />
        <beard_tag name="cla_ShortMustache" />
        <beard_tag name="cla_VikingBeard" />
      </beard_tags>
    </face>
    <!--<Hero id="spc_notable_battania_4" faction="Kingdom.battania" />-->
    <skills></skills>
    <Traits>
      <Trait id="Calculating" value="1" />
      <Trait id="Honor" value="-1" />
    </Traits>
    <Equipments>
      <EquipmentSet id="cla_celt_male_wealthy_template" />
      <EquipmentSet id="cla_celt_male_wealthy_template" civilian="true" />
    </Equipments>
  </NPCCharacter>
  <NPCCharacter id="cla_spc_celt_headman_1" name="{=!}battania rebellious headman" voice="earnest" is_template="true" default_group="Infantry" is_hero="false" culture="Culture.battania" occupation="Headman">
    <face>
      <face_key_template value="BodyProperty.cla_celt_villager" />
      <hair_tags>
        <hair_tag name="Ponytail" />
        <hair_tag name="LongAndBushy" />
        <hair_tag name="TiedAcrossBack" />
        <hair_tag name="SlickedLong" />
        <hair_tag name="PartedAndCombedBack" />
        <hair_tag name="Tousled" />
        <hair_tag name="Short" />
        <hair_tag name="HighPonytail" />
        <hair_tag name="ShortAndThin" />
        <hair_tag name="SlickedShort" />
        <hair_tag name="Bandit Hair 1" />
        <hair_tag name="Bandit Hair 2" />
        <hair_tag name="Bandit Hair 3" />
      </hair_tags>
      <beard_tags>
        <beard_tag name="MustacheAndPatch" />
        <beard_tag name="MediumMustache" />
        <beard_tag name="LightGoatee" />
        <beard_tag name="BushyGoatee" />
        <beard_tag name="DroopingMustacheAndBeard" />
        <beard_tag name="WaxedMustache" />
        <beard_tag name="DroopyMustache" />
        <beard_tag name="WaxedBeardWithShavedCheeks" />
        <beard_tag name="BeardWithShavedCheeks" />
        <beard_tag name="HeavyShortBeard" />
        <beard_tag name="PointedShortBeard" />
        <beard_tag name="LongBeard" />
        <beard_tag name="HeavyLongBeard" />
        <beard_tag name="LongScragglyBeard" />
        <beard_tag name="cla_CeltMustache" />
        <beard_tag name="cla_HangingMustache" />
        <beard_tag name="cla_CurlyBeard" />
        <beard_tag name="cla_CurlyBeard_2" />
        <beard_tag name="cla_TrimmedGoatee" />
        <beard_tag name="cla_ShortMustache" />
        <beard_tag name="cla_VikingBeard" />
      </beard_tags>
    </face>
    <!--<Hero id="spc_notable_battania_4" faction="Kingdom.battania" />-->
    <skills></skills>
    <Traits>
      <Trait id="Valor" value="1" />
      <Trait id="Calculating" value="-1" />
    </Traits>
    <Equipments>
      <EquipmentSet id="cla_celt_male_wealthy_template" />
      <EquipmentSet id="cla_celt_male_wealthy_template" civilian="true" />
    </Equipments>
  </NPCCharacter>
  <NPCCharacter id="cla_spc_celt_headman_2" name="{=!}battania conservative headman" voice="curt" is_template="true" default_group="Infantry" is_hero="false" culture="Culture.battania" occupation="Headman">
    <face>
      <face_key_template value="BodyProperty.cla_celt_villager" />
      <hair_tags>
        <hair_tag name="Ponytail" />
        <hair_tag name="LongAndBushy" />
        <hair_tag name="TiedAcrossBack" />
        <hair_tag name="SlickedLong" />
        <hair_tag name="PartedAndCombedBack" />
        <hair_tag name="Tousled" />
        <hair_tag name="Short" />
        <hair_tag name="HighPonytail" />
        <hair_tag name="ShortAndThin" />
        <hair_tag name="SlickedShort" />
        <hair_tag name="Bandit Hair 1" />
        <hair_tag name="Bandit Hair 2" />
        <hair_tag name="Bandit Hair 3" />
      </hair_tags>
      <beard_tags>
        <beard_tag name="MustacheAndPatch" />
        <beard_tag name="MediumMustache" />
        <beard_tag name="LightGoatee" />
        <beard_tag name="BushyGoatee" />
        <beard_tag name="DroopingMustacheAndBeard" />
        <beard_tag name="WaxedMustache" />
        <beard_tag name="DroopyMustache" />
        <beard_tag name="WaxedBeardWithShavedCheeks" />
        <beard_tag name="BeardWithShavedCheeks" />
        <beard_tag name="HeavyShortBeard" />
        <beard_tag name="PointedShortBeard" />
        <beard_tag name="LongBeard" />
        <beard_tag name="HeavyLongBeard" />
        <beard_tag name="LongScragglyBeard" />
        <beard_tag name="cla_CeltMustache" />
        <beard_tag name="cla_HangingMustache" />
        <beard_tag name="cla_CurlyBeard" />
        <beard_tag name="cla_CurlyBeard_2" />
        <beard_tag name="cla_TrimmedGoatee" />
        <beard_tag name="cla_ShortMustache" />
        <beard_tag name="cla_VikingBeard" />
      </beard_tags>
    </face>
    <!--<Hero id="spc_notable_battania_4" faction="Kingdom.battania" />-->
    <skills></skills>
    <Traits>
      <Trait id="Valor" value="-1" />
      <Trait id="Generosity" value="1" />
    </Traits>
    <Equipments>
      <EquipmentSet id="cla_celt_male_wealthy_template" />
      <EquipmentSet id="cla_celt_male_wealthy_template" civilian="true" />
    </Equipments>
  </NPCCharacter>
  <NPCCharacter id="cla_spc_celt_headman_3" name="{=!}battania devious headman" voice="ironic" is_template="true" default_group="Infantry" is_hero="false" culture="Culture.battania" occupation="Headman">
    <face>
      <face_key_template value="BodyProperty.cla_celt_villager" />
      <hair_tags>
        <hair_tag name="Ponytail" />
        <hair_tag name="LongAndBushy" />
        <hair_tag name="TiedAcrossBack" />
        <hair_tag name="SlickedLong" />
        <hair_tag name="PartedAndCombedBack" />
        <hair_tag name="Tousled" />
        <hair_tag name="Short" />
        <hair_tag name="HighPonytail" />
        <hair_tag name="ShortAndThin" />
        <hair_tag name="SlickedShort" />
        <hair_tag name="Bandit Hair 1" />
        <hair_tag name="Bandit Hair 2" />
        <hair_tag name="Bandit Hair 3" />
      </hair_tags>
      <beard_tags>
        <beard_tag name="MustacheAndPatch" />
        <beard_tag name="MediumMustache" />
        <beard_tag name="LightGoatee" />
        <beard_tag name="BushyGoatee" />
        <beard_tag name="DroopingMustacheAndBeard" />
        <beard_tag name="WaxedMustache" />
        <beard_tag name="DroopyMustache" />
        <beard_tag name="WaxedBeardWithShavedCheeks" />
        <beard_tag name="BeardWithShavedCheeks" />
        <beard_tag name="HeavyShortBeard" />
        <beard_tag name="PointedShortBeard" />
        <beard_tag name="LongBeard" />
        <beard_tag name="HeavyLongBeard" />
        <beard_tag name="LongScragglyBeard" />
        <beard_tag name="cla_CeltMustache" />
        <beard_tag name="cla_HangingMustache" />
        <beard_tag name="cla_CurlyBeard" />
        <beard_tag name="cla_CurlyBeard_2" />
        <beard_tag name="cla_TrimmedGoatee" />
        <beard_tag name="cla_ShortMustache" />
        <beard_tag name="cla_VikingBeard" />
      </beard_tags>
    </face>
    <!--<Hero id="spc_notable_battania_4" faction="Kingdom.battania" />-->
    <skills></skills>
    <Traits>
      <Trait id="Calculating" value="1" />
      <Trait id="Honor" value="-1" />
    </Traits>
    <Equipments>
      <EquipmentSet id="cla_celt_male_wealthy_template" />
      <EquipmentSet id="cla_celt_male_wealthy_template" civilian="true" />
    </Equipments>
  </NPCCharacter>

</NPCCharacters>