<?xml version="1.0" encoding="utf-8"?>
<NPCCharacters>
<!-- Troops -->
  <NPCCharacter id="cla_germ_militia_archer"
                default_group="Ranged"
                level="11"
                name="{=cla_germ_militia_archer}Thiudiskaz Tribal Archer"
                occupation="Soldier"
                culture="Culture.sturgia"
                skill_template="SkillSet.cla_skills_level11">
    <face>
      <face_key_template value="BodyProperty.cla_fighter_germanic" />
    </face>
    <upgrade_targets></upgrade_targets>
    <Equipments>
      <EquipmentSet id="cla_germ_militia_archer_template" />
      <EquipmentSet id="cla_germ_militia_archer_template" civilian="true" />
    </Equipments>
  </NPCCharacter>
  <NPCCharacter id="cla_germ_militia_veteran_archer"
                default_group="Ranged"
                level="16"
                name="{=cla_germ_militia_veteran_archer}Thiudiskaz Tribal Veteran Archer"
                occupation="Soldier"
                culture="Culture.sturgia"
                skill_template="SkillSet.cla_skills_level16">
    <face>
      <face_key_template value="BodyProperty.cla_fighter_germanic" />
    </face>
    <upgrade_targets></upgrade_targets>
    <Equipments>
      <EquipmentSet id="cla_germ_militia_veteran_archer_template" />
      <EquipmentSet id="cla_germ_militia_veteran_archer_template" civilian="true" />
    </Equipments>
  </NPCCharacter>
  <NPCCharacter id="cla_germ_militia_spearman"
                default_group="Infantry"
                level="11"
                name="{=cla_germ_militia_spearman}Thiudiskaz Tribal Spearman"
                occupation="Soldier"
                culture="Culture.sturgia"
                skill_template="SkillSet.cla_skills_level11">
    <face>
      <face_key_template value="BodyProperty.cla_fighter_germanic" />
    </face>
    <upgrade_targets></upgrade_targets>
    <Equipments>
      <EquipmentSet id="cla_germ_militia_spearman_template" />
      <EquipmentSet id="cla_germ_militia_spearman_template" civilian="true" />
    </Equipments>
  </NPCCharacter>
  <NPCCharacter id="cla_germ_militia_veteran_spearman"
                default_group="Infantry"
                level="16"
                name="{=cla_germ_militia_veteran_spearman}Thiudiskaz Tribal Veteran Spearman"
                occupation="Soldier"
                culture="Culture.sturgia"
                skill_template="SkillSet.cla_skills_level16">
    <face>
      <face_key_template value="BodyProperty.cla_fighter_germanic" />
    </face>
    <upgrade_targets></upgrade_targets>
    <Equipments>
      <EquipmentSet id="cla_germ_militia_veteran_spearman_template" />
      <EquipmentSet id="cla_germ_militia_veteran_spearman_template" civilian="true" />
    </Equipments>
  </NPCCharacter>
  <NPCCharacter id="cla_caravan_master_germ"
                default_group="Infantry"
                level="26"
                name="{=cla_caravan_master_germ}Thiudiskaz Caravan Master"
                occupation="CaravanGuard"
                culture="Culture.sturgia"
                skill_template="SkillSet.cla_skills_level26">
    <face>
      <face_key_template value="BodyProperty.cla_fighter_germanic" />
    </face>
    <upgrade_targets></upgrade_targets>
    <Equipments>
      <EquipmentSet id="cla_caravan_master_germ_template" />
      <EquipmentSet id="cla_caravan_master_germ_template" civilian="true" />
    </Equipments>
  </NPCCharacter>
  <NPCCharacter id="cla_caravan_guard_germ"
                default_group="Cavalry"
                level="16"
                name="{=cla_caravan_guard_germ}Thiudiskaz Caravan Guard"
                upgrade_requires="ItemCategory.horse"
                occupation="CaravanGuard"
                culture="Culture.sturgia"
                skill_template="SkillSet.cla_skills_level16">
    <face>
      <face_key_template value="BodyProperty.cla_fighter_germanic" />
    </face>
    <upgrade_targets></upgrade_targets>
    <Equipments>
      <EquipmentSet id="cla_caravan_guard_germ_template" />
      <EquipmentSet id="cla_caravan_guard_germ_template" civilian="true" />
    </Equipments>
  </NPCCharacter>
  <NPCCharacter id="cla_veteran_caravan_guard_germ"
                default_group="Cavalry"
                level="21"
                name="{=cla_veteran_caravan_guard_germ}Thiudiskaz Veteran Caravan Guard"
                upgrade_requires="ItemCategory.war_horse"
                occupation="CaravanGuard"
                culture="Culture.sturgia"
                skill_template="SkillSet.cla_skills_level21">
    <face>
      <face_key_template value="BodyProperty.cla_fighter_germanic" />
    </face>
    <upgrade_targets></upgrade_targets>
    <Equipments>
      <EquipmentSet id="cla_veteran_caravan_guard_germ_template" />
      <EquipmentSet id="cla_veteran_caravan_guard_germ_template" civilian="true" />
    </Equipments>
  </NPCCharacter>
  <NPCCharacter id="cla_armed_trader_germ"
                default_group="Ranged"
                level="16"
                name="{=cla_armed_trader_germ}Thiudiskaz Armed Trader"
                occupation="CaravanGuard"
                is_basic_troop="true"
                culture="Culture.sturgia"
                skill_template="SkillSet.cla_skills_level16">
    <face>
      <face_key_template value="BodyProperty.cla_fighter_germanic" />
    </face>
    <upgrade_targets></upgrade_targets>
    <Equipments>
      <EquipmentSet id="cla_germ_militia_archer_template" />
      <EquipmentSet id="cla_germ_militia_archer_template" civilian="true" />
    </Equipments>
  </NPCCharacter>

<!-- NPCs -->
  <NPCCharacter id="cla_germ_tournament_master"
                default_group="Infantry"
                is_hero="false"
                occupation="ArenaMaster"
                culture="Culture.sturgia"
                name="{=IHKXNP9H}Tournament Master"
                skill_template="SkillSet.cla_skills_level6">
    <face>
      <face_key_template value="BodyProperty.cla_villager_germanic" />
    </face>
    <skills></skills>
    <Equipments>
      <EquipmentSet id="cla_germ_male_wealthy_template" />
      <EquipmentSet id="cla_germ_male_wealthy_template" civilian="true" />
    </Equipments>
  </NPCCharacter>

  <NPCCharacter id="cla_germ_duel_preset"
                default_group="Infantry"
                level="1"
                occupation="Townsfolk"
                culture="Culture.sturgia"
                name="{=cla_germ_duel_preset}Thiudiskaz preset"
                skill_template="SkillSet.cla_skills_level6">
    <face>
<BodyProperties version="4" age="22" weight="0.3" build="0.4"  key="000200020E88038101600000001161511007711000001000211111018E9101000077700307111101000000000000000000000000000000000000000000E80005"  />
<BodyPropertiesMax version="4" age="50" weight="0.7" build="1"  key="0002C808DA883549FF9FEBFFF7E7EEFEF9F18EFF7F44DF15FEEFEFEE97FE757E00DFB0030DEEEFEE00000000000000000000000000000000000000000DB09105"  />
    </face>
    <skills>
    </skills>
    <upgrade_targets></upgrade_targets>
    <Equipments>
      <EquipmentSet id="cla_germ_duel_preset_template" />
      <EquipmentSet id="cla_germ_male_template" civilian="true" />
    </Equipments>
  </NPCCharacter>

  <NPCCharacter id="cla_germ_prison_guard"
                default_group="Infantry"
                level="16"
                culture="Culture.sturgia"
                occupation="PrisonGuard"
                name="{=XgjXfmM1}Prison Guard"
                skill_template="SkillSet.cla_skills_level16">
    <face>
      <face_key_template value="BodyProperty.cla_fighter_germanic" />
    </face>
    <upgrade_targets></upgrade_targets>
    <Equipments>
      <EquipmentSet id="cla_germ_prison_guard_template" />
      <EquipmentSet id="cla_germ_prison_guard_template" civilian="true" />
    </Equipments>
  </NPCCharacter>

  <NPCCharacter id="cla_germ_guard"
                default_group="Infantry"
                level="21"
                occupation="Soldier"
                culture="Culture.sturgia"
                name="{=guardnoun}Guard"
                skill_template="SkillSet.cla_skills_level21"
                is_hidden_encyclopedia="true">
    <face>
      <face_key_template value="BodyProperty.cla_fighter_germanic" />
    </face>
    <Traits></Traits>
    <upgrade_targets></upgrade_targets>
    <Equipments>
      <EquipmentSet id="cla_germ_prison_guard_template" />
      <EquipmentSet id="cla_germ_prison_guard_template" civilian="true" />
    </Equipments>
  </NPCCharacter>

  <NPCCharacter id="cla_germ_blacksmith"
                default_group="Infantry"
                is_hero="false"
                occupation="Blacksmith"
                culture="Culture.sturgia"
                name="{=bNnQt4jN}Blacksmith"
                skill_template="SkillSet.cla_skills_level6">
    <face>
      <face_key_template value="BodyProperty.cla_villager_germanic" />
    </face>
    <Equipments>
      <EquipmentSet id="cla_germ_male_wealthy_template" />
      <EquipmentSet id="cla_germ_male_wealthy_template" civilian="true" />
    </Equipments>
  </NPCCharacter>
  <NPCCharacter id="cla_germ_weaponsmith"
                default_group="Infantry"
                is_hero="false"
                occupation="Weaponsmith"
                culture="Culture.sturgia"
                name="{=UaN2lfwi}Weaponsmith"
                skill_template="SkillSet.cla_skills_level6">
    <face>
      <face_key_template value="BodyProperty.cla_villager_germanic" />
    </face>
    <skills></skills>
    <Equipments>
      <EquipmentSet id="cla_germ_male_wealthy_template" />
      <EquipmentSet id="cla_germ_male_wealthy_template" civilian="true" />
    </Equipments>
  </NPCCharacter>

  <NPCCharacter id="cla_germ_townswoman"
                default_group="Infantry"
                is_female="true"
                level="1"
                name="{=cla_germ_townswoman}Thiudiskaz Townswoman"
                occupation="Townsfolk"
                culture="Culture.sturgia"
                skill_template="SkillSet.cla_skills_level6">
    <face>
      <face_key_template value="BodyProperty.townswoman_sturgia" />
    </face>
    <skills></skills>
    <Equipments>
      <EquipmentSet id="cla_germ_female_template" />
      <EquipmentSet id="cla_germ_female_template" civilian="true" />
    </Equipments>
  </NPCCharacter>
  <NPCCharacter id="cla_germ_townswoman_infant"
                name="{=9Di0NfG2}Infant"
                age="3"
                is_female="true"
                default_group="Infantry"
                is_hero="false"
                occupation="Townsfolk"
                culture="Culture.sturgia"
                skill_template="SkillSet.cla_skills_level6">
    <face>
      <face_key_template value="BodyProperty.townswoman_sturgia" />
    </face>
    <Equipments>
      <EquipmentSet id="cla_germ_female_template" />
      <EquipmentSet id="cla_germ_female_template" civilian="true" />
    </Equipments>
  </NPCCharacter>
  <NPCCharacter id="cla_germ_townswoman_child"
                name="{=pOCOS8um}Child"
                age="6"
                is_female="true"
                default_group="Infantry"
                is_hero="false"
                occupation="Townsfolk"
                culture="Culture.sturgia"
                skill_template="SkillSet.cla_skills_level6">
    <face>
      <face_key_template value="BodyProperty.townswoman_sturgia" />
    </face>
    <Equipments>
      <EquipmentSet id="cla_germ_female_template" />
      <EquipmentSet id="cla_germ_female_template" civilian="true" />
    </Equipments>
  </NPCCharacter>
  <NPCCharacter id="cla_germ_townswoman_teenager"
                name="{=o077j2j5}Teenager"
                age="14"
                is_female="true"
                default_group="Infantry"
                is_hero="false"
                occupation="Townsfolk"
                culture="Culture.sturgia"
                skill_template="SkillSet.cla_skills_level6">
    <face>
      <face_key_template value="BodyProperty.townswoman_sturgia" />
    </face>
    <Equipments>
      <EquipmentSet id="cla_germ_female_template" />
      <EquipmentSet id="cla_germ_female_template" civilian="true" />
    </Equipments>
  </NPCCharacter>

  <NPCCharacter id="cla_germ_village_woman"
                default_group="Infantry"
                is_female="true"
                level="1"
                name="{=cla_germ_village_woman}Thiudiskaz Peasant"
                occupation="Villager"
                culture="Culture.sturgia"
                skill_template="SkillSet.cla_skills_level6">
    <face>
      <face_key_template value="BodyProperty.townswoman_sturgia" />
    </face>
    <skills></skills>
    <Equipments>
      <EquipmentSet id="cla_germ_female_template" />
      <EquipmentSet id="cla_germ_female_template" civilian="true" />
    </Equipments>
  </NPCCharacter>
  <NPCCharacter id="cla_germ_village_woman_infant"
                name="{=9Di0NfG2}Infant"
                age="3"
                is_female="true"
                default_group="Infantry"
                is_hero="false"
                occupation="Villager"
                culture="Culture.sturgia"
                skill_template="SkillSet.cla_skills_level6">
    <face>
      <face_key_template value="BodyProperty.townswoman_sturgia" />
    </face>
    <Equipments>
      <EquipmentSet id="cla_germ_female_template" />
      <EquipmentSet id="cla_germ_female_template" civilian="true" />
    </Equipments>
  </NPCCharacter>
  <NPCCharacter id="cla_germ_village_woman_child"
                name="{=pOCOS8um}Child"
                age="6"
                is_female="true"
                default_group="Infantry"
                is_hero="false"
                occupation="Villager"
                culture="Culture.sturgia"
                skill_template="SkillSet.cla_skills_level6">
    <face>
      <face_key_template value="BodyProperty.townswoman_sturgia" />
    </face>
    <Equipments>
      <EquipmentSet id="cla_germ_female_template" />
      <EquipmentSet id="cla_germ_female_template" civilian="true" />
    </Equipments>
  </NPCCharacter>
  <NPCCharacter id="cla_germ_village_woman_teenager"
                name="{=o077j2j5}Teenager"
                age="14"
                is_female="true"
                default_group="Infantry"
                is_hero="false"
                occupation="Villager"
                culture="Culture.sturgia"
                skill_template="SkillSet.cla_skills_level6">
    <face>
      <face_key_template value="BodyProperty.townswoman_sturgia" />
    </face>
    <Equipments>
      <EquipmentSet id="cla_germ_female_template" />
      <EquipmentSet id="cla_germ_female_template" civilian="true" />
    </Equipments>
  </NPCCharacter>

  <NPCCharacter id="cla_germ_villager"
                default_group="Infantry"
                level="1"
                name="{=cla_germ_villager}Thiudiskaz Tribesman"
                occupation="Villager"
                culture="Culture.sturgia"
                skill_template="SkillSet.cla_skills_level6">
    <face>
      <face_key_template value="BodyProperty.cla_villager_germanic" />
    </face>
    <skills></skills>
    <upgrade_targets>
      <upgrade_target id="NPCCharacter.cla_germ_infantry_1" />
    </upgrade_targets>
    <Equipments>
      <EquipmentSet id="cla_germ_male_template" />
      <EquipmentSet id="cla_germ_male_template" civilian="true" />
    </Equipments>
  </NPCCharacter>
  <NPCCharacter id="cla_germ_villager_infant"
                name="{=9Di0NfG2}Infant"
                age="3"
                is_female="false"
                default_group="Infantry"
                is_hero="false"
                occupation="Villager"
                culture="Culture.sturgia"
                skill_template="SkillSet.cla_skills_level6">
    <face>
      <face_key_template value="BodyProperty.cla_villager_germanic" />
    </face>
    <Equipments>
      <EquipmentSet id="cla_germ_male_template" />
      <EquipmentSet id="cla_germ_male_template" civilian="true" />
    </Equipments>
  </NPCCharacter>
  <NPCCharacter id="cla_germ_villager_child"
                name="{=pOCOS8um}Child"
                age="6"
                is_female="false"
                default_group="Infantry"
                is_hero="false"
                occupation="Villager"
                culture="Culture.sturgia"
                skill_template="SkillSet.cla_skills_level6">
    <face>
      <face_key_template value="BodyProperty.cla_villager_germanic" />
    </face>
    <Equipments>
      <EquipmentSet id="cla_germ_male_template" />
      <EquipmentSet id="cla_germ_male_template" civilian="true" />
    </Equipments>
  </NPCCharacter>
  <NPCCharacter id="cla_germ_villager_teenager"
                name="{=o077j2j5}Teenager"
                age="14"
                is_female="false"
                default_group="Infantry"
                is_hero="false"
                occupation="Villager"
                culture="Culture.sturgia"
                skill_template="SkillSet.cla_skills_level6">
    <face>
      <face_key_template value="BodyProperty.cla_villager_germanic" />
    </face>
    <Equipments>
      <EquipmentSet id="cla_germ_male_template" />
      <EquipmentSet id="cla_germ_male_template" civilian="true" />
    </Equipments>
  </NPCCharacter>

  <NPCCharacter id="cla_germ_townsman"
                default_group="Infantry"
                name="{=muu5cofb}Townsman"
                occupation="Townsfolk"
                culture="Culture.sturgia"
                skill_template="SkillSet.cla_skills_level6">
    <face>
      <face_key_template value="BodyProperty.cla_villager_germanic" />
    </face>
    <skills></skills>
    <Equipments>
      <EquipmentSet id="cla_germ_male_template" />
      <EquipmentSet id="cla_germ_male_template" civilian="true" />
    </Equipments>
  </NPCCharacter>
  <NPCCharacter id="cla_germ_townsman_infant"
                name="{=9Di0NfG2}Infant"
                age="3"
                is_female="false"
                default_group="Infantry"
                is_hero="false"
                occupation="Townsfolk"
                culture="Culture.sturgia"
                skill_template="SkillSet.cla_skills_level6">
    <face>
      <face_key_template value="BodyProperty.cla_villager_germanic" />
    </face>
    <Equipments>
      <EquipmentSet id="cla_germ_male_template" />
      <EquipmentSet id="cla_germ_male_template" civilian="true" />
    </Equipments>
  </NPCCharacter>
  <NPCCharacter id="cla_germ_townsman_child"
                name="{=pOCOS8um}Child"
                age="6"
                is_female="false"
                default_group="Infantry"
                is_hero="false"
                occupation="Townsfolk"
                culture="Culture.sturgia"
                skill_template="SkillSet.cla_skills_level6">
    <face>
      <face_key_template value="BodyProperty.cla_villager_germanic" />
    </face>
    <Equipments>
      <EquipmentSet id="cla_germ_male_template" />
      <EquipmentSet id="cla_germ_male_template" civilian="true" />
    </Equipments>
  </NPCCharacter>
  <NPCCharacter id="cla_germ_townsman_teenager"
                name="{=o077j2j5}Teenager"
                age="14"
                is_female="false"
                default_group="Infantry"
                is_hero="false"
                occupation="Townsfolk"
                culture="Culture.sturgia"
                skill_template="SkillSet.cla_skills_level6">
    <face>
      <face_key_template value="BodyProperty.cla_villager_germanic" />
    </face>
    <Equipments>
      <EquipmentSet id="cla_germ_male_template" />
      <EquipmentSet id="cla_germ_male_template" civilian="true" />
    </Equipments>
  </NPCCharacter>

  <NPCCharacter id="cla_germ_ransom_broker"
                default_group="Infantry"
                is_hero="false"
                name="{=W2WXkiAh}Ransom Broker"
                occupation="RansomBroker"
                culture="Culture.sturgia"
                skill_template="SkillSet.cla_skills_level6">
    <face>
      <face_key_template value="BodyProperty.cla_villager_germanic" />
    </face>
    <skills></skills>
    <Equipments>
      <EquipmentSet id="cla_germ_male_wealthy_template" />
      <EquipmentSet id="cla_germ_male_wealthy_template" civilian="true" />
    </Equipments>
  </NPCCharacter>

  <NPCCharacter id="cla_germ_gangleader_bodyguard"
                default_group="Infantry"
                name="{=LNNXiPyV}Gang Leader Bodyguard"
                occupation="Townsfolk"
                culture="Culture.sturgia"
                skill_template="SkillSet.cla_skills_level16"
                level="16">
    <face>
      <face_key_template value="BodyProperty.cla_fighter_germanic" />
    </face>
    <skills></skills>
    <Equipments>
      <EquipmentSet id="cla_germ_gangleader_bodyguard_template" />
      <EquipmentSet id="cla_germ_gangleader_bodyguard_template" civilian="true" />
    </Equipments>
  </NPCCharacter>

<!-- Notary -->
  <NPCCharacter id="cla_germ_merchant_notary"
                default_group="Infantry"
                name="{=reoVAtrE}Merchant Notary"
                occupation="Townsfolk"
                culture="Culture.sturgia"
                skill_template="SkillSet.cla_skills_level6">
    <face>
      <face_key_template value="BodyProperty.cla_villager_germanic" />
    </face>
    <skills></skills>
    <Equipments>
      <EquipmentSet id="cla_germ_male_template" />
      <EquipmentSet id="cla_germ_male_template" civilian="true" />
    </Equipments>
  </NPCCharacter>

  <NPCCharacter id="cla_germ_artisan_notary"
                default_group="Infantry"
                name="{=ECxiXTbF}Artisan Notary"
                occupation="Townsfolk"
                culture="Culture.sturgia"
                skill_template="SkillSet.cla_skills_level6">
    <face>
      <face_key_template value="BodyProperty.cla_villager_germanic" />
    </face>
    <skills></skills>
    <Equipments>
      <EquipmentSet id="cla_germ_male_template" />
      <EquipmentSet id="cla_germ_male_template" civilian="true" />
    </Equipments>
  </NPCCharacter>

  <NPCCharacter id="cla_germ_preacher_notary"
                default_group="Infantry"
                name="{=bLMGbLF8}Preacher Notary"
                occupation="Townsfolk"
                culture="Culture.sturgia"
                skill_template="SkillSet.cla_skills_level6">
    <face>
      <face_key_template value="BodyProperty.cla_villager_germanic" />
    </face>
    <skills></skills>
    <Equipments>
      <EquipmentSet id="cla_germ_male_template" />
      <EquipmentSet id="cla_germ_male_template" civilian="true" />
    </Equipments>
  </NPCCharacter>

  <NPCCharacter id="cla_germ_rural_notable_notary"
                default_group="Infantry"
                name="{=AlmaRAib}Rural Notable Notary"
                occupation="Townsfolk"
                culture="Culture.sturgia"
                skill_template="SkillSet.cla_skills_level6">
    <face>
      <face_key_template value="BodyProperty.cla_villager_germanic" />
    </face>
    <skills></skills>
    <Equipments>
      <EquipmentSet id="cla_germ_male_template" />
      <EquipmentSet id="cla_germ_male_template" civilian="true" />
    </Equipments>
  </NPCCharacter>

  <NPCCharacter id="cla_germ_shop_worker"
                default_group="Infantry"
                name="{=275LD0Gh}Shop Worker"
                occupation="ShopWorker"
                culture="Culture.sturgia"
                skill_template="SkillSet.cla_skills_level6">
    <face>
      <face_key_template value="BodyProperty.cla_villager_germanic" />
    </face>
    <skills></skills>
    <Equipments>
      <EquipmentSet id="cla_germ_male_template" />
      <EquipmentSet id="cla_germ_male_template" civilian="true" />
    </Equipments>
  </NPCCharacter>

  <NPCCharacter id="cla_germ_tavernkeeper"
                default_group="Infantry"
                is_hero="false"
                name="{=CsjtWt1g}Tavern Keeper"
                occupation="Tavernkeeper"
                culture="Culture.sturgia"
                skill_template="SkillSet.cla_skills_level6">
    <face>
      <face_key_template value="BodyProperty.cla_villager_germanic" />
    </face>
    <skills></skills>
    <Equipments>
      <EquipmentSet id="cla_germ_male_template" />
      <EquipmentSet id="cla_germ_male_template" civilian="true" />
    </Equipments>
  </NPCCharacter>

  <NPCCharacter id="cla_germ_taverngamehost"
                default_group="Infantry"
                is_hero="false"
                name="{=twCIejxn}Game Host"
                occupation="TavernGameHost"
                culture="Culture.sturgia"
                skill_template="SkillSet.cla_skills_level6">
    <face>
      <face_key_template value="BodyProperty.cla_villager_germanic" />
    </face>
    <skills></skills>
    <Equipments>
      <EquipmentSet id="cla_germ_male_wealthy_template" />
      <EquipmentSet id="cla_germ_male_wealthy_template" civilian="true" />
    </Equipments>
  </NPCCharacter>

  <NPCCharacter id="cla_germ_musician"
                default_group="Infantry"
                is_hero="false"
                name="{=zfCoeglY}Musician"
                occupation="Musician"
                culture="Culture.sturgia"
                skill_template="SkillSet.cla_skills_level6">
    <face>
      <face_key_template value="BodyProperty.cla_villager_germanic" />
    </face>
    <skills></skills>
    <Equipments>
      <EquipmentSet id="cla_germ_male_template" />
      <EquipmentSet id="cla_germ_male_template" civilian="true" />
    </Equipments>
  </NPCCharacter>

  <NPCCharacter id="cla_germ_tavern_wench"
                default_group="Infantry"
                name="{=z6RMWTaA}Tavern Maid"
                is_female="true"
                is_hero="false"
                occupation="TavernWench"
                culture="Culture.sturgia"
                skill_template="SkillSet.cla_skills_level6">
    <face>
      <face_key_template value="BodyProperty.townswoman_sturgia" />
    </face>
    <skills></skills>
    <Equipments>
      <EquipmentSet id="cla_germ_female_template" />
      <EquipmentSet id="cla_germ_female_template" civilian="true" />
    </Equipments>
  </NPCCharacter>

  <NPCCharacter id="cla_germ_armorer"
                default_group="Infantry"
                is_hero="false"
                occupation="Armorer"
                culture="Culture.sturgia"
                name="{=jx8ohENz}Armorer"
                skill_template="SkillSet.cla_skills_level6">
    <face>
      <face_key_template value="BodyProperty.cla_villager_germanic" />
    </face>
    <Equipments>
      <EquipmentSet id="cla_germ_male_wealthy_template" />
      <EquipmentSet id="cla_germ_male_wealthy_template" civilian="true" />
    </Equipments>
  </NPCCharacter>

  <NPCCharacter id="cla_germ_horseMerchant"
                default_group="Infantry"
                is_hero="false"
                occupation="HorseTrader"
                culture="Culture.sturgia"
                name="{=79ElOr2x}Horse Trader"
                skill_template="SkillSet.cla_skills_level6">
    <face>
      <face_key_template value="BodyProperty.cla_villager_germanic" />
    </face>
    <Equipments>
      <EquipmentSet id="cla_germ_male_wealthy_template" />
      <EquipmentSet id="cla_germ_male_wealthy_template" civilian="true" />
    </Equipments>
  </NPCCharacter>

  <NPCCharacter id="cla_germ_barber"
                default_group="Infantry"
                is_hero="false"
                occupation="Townsfolk"
                culture="Culture.sturgia"
                name="{=WH7EGGIg}Barber"
                skill_template="SkillSet.cla_skills_level6">
    <face>
      <face_key_template value="BodyProperty.cla_villager_germanic" />
    </face>
    <Equipments>
      <EquipmentSet id="cla_germ_male_template" />
      <EquipmentSet id="cla_germ_male_template" civilian="true" />
    </Equipments>
  </NPCCharacter>

  <NPCCharacter id="cla_germ_merchant"
                default_group="Infantry"
                is_hero="true"
                occupation="GoodsTrader"
                culture="Culture.sturgia"
                name="{=thbcgVVO}Trader"
                skill_template="SkillSet.cla_skills_level6">
    <face>
      <face_key_template value="BodyProperty.cla_villager_germanic" />
    </face>
    <Equipments>
      <EquipmentSet id="cla_germ_male_wealthy_template" />
      <EquipmentSet id="cla_germ_male_wealthy_template" civilian="true" />
    </Equipments>
  </NPCCharacter>

  <NPCCharacter id="cla_germ_beggar"
                default_group="Infantry"
                name="{=HZRKBDyB}Beggar"
                occupation="Townsfolk"
                culture="Culture.sturgia"
                skill_template="SkillSet.cla_skills_level6">
    <face>
      <face_key_template value="BodyProperty.cla_villager_germanic" />
    </face>
    <Equipments>
      <EquipmentSet id="cla_germ_male_template" />
      <EquipmentSet id="cla_germ_male_template" civilian="true" />
    </Equipments>
  </NPCCharacter>

  <NPCCharacter id="cla_germ_female_beggar"
                default_group="Infantry"
                is_female="true"
                level="1"
                name="{=HZRKBDyB}Slave"
                occupation="Townsfolk"
                culture="Culture.sturgia"
                skill_template="SkillSet.cla_skills_level6">
    <face>
      <face_key_template value="BodyProperty.townswoman_sturgia" />
    </face>
    <Equipments>
      <EquipmentSet id="cla_germ_female_template" />
      <EquipmentSet id="cla_germ_female_template" civilian="true" />
    </Equipments>
  </NPCCharacter>

  <NPCCharacter id="cla_germ_female_dancer"
                default_group="Infantry"
                name="{=X3KYysuv}Dancer"
                is_female="true"
                is_hero="false"
                occupation="Townsfolk"
                culture="Culture.sturgia"
                skill_template="SkillSet.cla_skills_level6">
    <face>
      <face_key_template value="BodyProperty.townswoman_sturgia" />
    </face>
    <Equipments>
      <EquipmentSet id="cla_germ_female_template" />
      <EquipmentSet id="cla_germ_female_template" civilian="true" />
    </Equipments>
  </NPCCharacter>

  <NPCCharacter id="cla_germ_gear_practice_dummy"
                default_group="Infantry"
                is_hero="false"
                occupation="Special"
                culture="Culture.sturgia"
                name="{=!}Empire Gear Dummy"
                skill_template="SkillSet.cla_skills_level6">
    <face>
      <face_key_template value="BodyProperty.cla_villager_germanic" />
    </face>
    <Equipments>
      <EquipmentSet id="cla_germ_gear_practice_dummy_template" />
      <EquipmentSet id="cla_germ_gear_practice_dummy_template" civilian="true" />
    </Equipments>
  </NPCCharacter>

  <NPCCharacter id="cla_germ_weapon_practice_stage_1"
                default_group="Infantry"
                is_hero="false"
                occupation="Special"
                culture="Culture.sturgia"
                name="{=!}Thiudiskaz Weapon Dummy"
                skill_template="SkillSet.cla_skills_level6">
    <face>
      <face_key_template value="BodyProperty.guard" />
    </face>
    <Equipments>
      <EquipmentSet id="cla_germ_weapon_practice_stage_1_template" />
      <EquipmentSet id="cla_germ_male_template" civilian="true" />
    </Equipments>
  </NPCCharacter>
  <NPCCharacter id="cla_germ_weapon_practice_stage_2"
                default_group="Infantry"
                is_hero="false"
                occupation="Special"
                culture="Culture.sturgia"
                name="{=!}Thiudiskaz Weapon Dummy"
                skill_template="SkillSet.cla_skills_level6">
    <face>
      <face_key_template value="BodyProperty.guard" />
    </face>
    <skills></skills>
    <Equipments>
      <EquipmentSet id="cla_dacia_weapon_practice_stage_1_template" />
      <EquipmentSet id="cla_germ_male_template" civilian="true" />
    </Equipments>
  </NPCCharacter>
  <NPCCharacter id="cla_germ_weapon_practice_stage_3"
                default_group="Infantry"
                is_hero="false"
                occupation="Special"
                culture="Culture.sturgia"
                name="{=!}Thiudiskaz Weapon Dummy"
                skill_template="SkillSet.cla_skills_level6">
    <face>
      <face_key_template value="BodyProperty.guard" />
    </face>
    <skills></skills>
    <Equipments>
      <EquipmentSet id="cla_dacia_weapon_practice_stage_1_template" />
      <EquipmentSet id="cla_germ_male_template" civilian="true" />
    </Equipments>
  </NPCCharacter>

  <NPCCharacter id="cla_germ_gear_dummy"
                default_group="Infantry"
                is_hero="false"
                occupation="Special"
                culture="Culture.sturgia"
                name="{=!}Thiudiskaz Gear Dummy"
                skill_template="SkillSet.cla_skills_level6">
    <face>
      <face_key_template value="BodyProperty.guard" />
    </face>
    <skills></skills>
    <Equipments>
      <EquipmentSet id="cla_germ_gear_dummy_template" />
      <EquipmentSet id="cla_germ_male_template" civilian="true" />
    </Equipments>
  </NPCCharacter>


<!-- Tournaments -->
  <NPCCharacter id="cla_tournament_template_germ_one_participant_set_v1"
                default_group="Infantry"
                level="6"
                name="{=!}cla_tournament_template_germ_one_participant_set_v1"
                culture="Culture.sturgia"
                skill_template="SkillSet.cla_skills_level6">
    <face>
      <face_key_template value="BodyProperty.cla_fighter_germanic" />
    </face>
    <upgrade_targets></upgrade_targets>
    <Equipments>
      <EquipmentSet id="cla_tournament_template_germ_one_participant_set_v1_template" />
      <EquipmentSet id="cla_germ_male_template" civilian="true" />
    </Equipments>
  </NPCCharacter>
  <NPCCharacter id="cla_tournament_template_germ_one_participant_set_v2"
                default_group="Infantry"
                level="6"
                name="{=!}cla_tournament_template_germ_one_participant_set_v2"
                culture="Culture.sturgia"
                skill_template="SkillSet.cla_skills_level6">
    <face>
      <face_key_template value="BodyProperty.cla_fighter_germanic" />
    </face>
    <upgrade_targets></upgrade_targets>
    <Equipments>
      <EquipmentSet id="cla_tournament_template_germ_one_participant_set_v2_template" />
      <EquipmentSet id="cla_germ_male_template" civilian="true" />
    </Equipments>
  </NPCCharacter>
  <NPCCharacter id="cla_tournament_template_germ_two_participant_set_v1"
                default_group="Infantry"
                level="6"
                name="{=!}cla_tournament_template_germ_two_participant_set_v1"
                culture="Culture.sturgia"
                skill_template="SkillSet.cla_skills_level6">
    <face>
      <face_key_template value="BodyProperty.cla_fighter_germanic" />
    </face>
    <upgrade_targets></upgrade_targets>
    <Equipments>
      <EquipmentSet id="cla_tournament_template_germ_two_participant_set_v1_template" />
      <EquipmentSet id="cla_germ_male_template" civilian="true" />
    </Equipments>
  </NPCCharacter>
  <NPCCharacter id="cla_tournament_template_germ_two_participant_set_v2"
                default_group="Infantry"
                level="6"
                name="{=!}cla_tournament_template_germ_two_participant_set_v2"
                culture="Culture.sturgia"
                skill_template="SkillSet.cla_skills_level6">
    <face>
      <face_key_template value="BodyProperty.cla_fighter_germanic" />
    </face>
    <upgrade_targets></upgrade_targets>
    <Equipments>
      <EquipmentSet id="cla_tournament_template_germ_two_participant_set_v2_template" />
      <EquipmentSet id="cla_germ_male_template" civilian="true" />
    </Equipments>
  </NPCCharacter>
  <NPCCharacter id="cla_tournament_template_germ_two_participant_set_v3"
                default_group="Infantry"
                level="6"
                name="{=!}cla_tournament_template_germ_two_participant_set_v3"
                culture="Culture.sturgia"
                skill_template="SkillSet.cla_skills_level6">
    <face>
      <face_key_template value="BodyProperty.cla_fighter_germanic" />
    </face>
    <upgrade_targets></upgrade_targets>
    <Equipments>
      <EquipmentSet id="cla_tournament_template_germ_two_participant_set_v3_template" />
      <EquipmentSet id="cla_germ_male_template" civilian="true" />
    </Equipments>
  </NPCCharacter>
  <NPCCharacter id="cla_tournament_template_germ_two_participant_set_v4"
                default_group="Infantry"
                level="6"
                name="{=!}cla_tournament_template_germ_two_participant_set_v4"
                culture="Culture.sturgia"
                skill_template="SkillSet.cla_skills_level6">
    <face>
      <face_key_template value="BodyProperty.cla_fighter_germanic" />
    </face>
    <upgrade_targets></upgrade_targets>
    <Equipments>
      <EquipmentSet id="cla_tournament_template_germ_two_participant_set_v4_template" />
      <EquipmentSet id="cla_germ_male_template" civilian="true" />
    </Equipments>
  </NPCCharacter>
  <NPCCharacter id="cla_tournament_template_germ_two_participant_set_v5"
                default_group="Infantry"
                level="6"
                name="{=!}cla_tournament_template_germ_two_participant_set_v5"
                culture="Culture.sturgia"
                skill_template="SkillSet.cla_skills_level6">
    <face>
      <face_key_template value="BodyProperty.cla_fighter_germanic" />
    </face>
    <upgrade_targets></upgrade_targets>
    <Equipments>
      <EquipmentSet id="cla_tournament_template_germ_two_participant_set_v5_template" />
      <EquipmentSet id="cla_germ_male_template" civilian="true" />
    </Equipments>
  </NPCCharacter>
  <NPCCharacter id="cla_tournament_template_germ_four_participant_set_v1"
                default_group="Infantry"
                level="6"
                name="{=!}cla_tournament_template_germ_four_participant_set_v1"
                culture="Culture.sturgia"
                skill_template="SkillSet.cla_skills_level6">
    <face>
      <face_key_template value="BodyProperty.cla_fighter_germanic" />
    </face>
    <upgrade_targets></upgrade_targets>
    <Equipments>
      <EquipmentSet id="cla_tournament_template_germ_four_participant_set_v1_template" />
      <EquipmentSet id="cla_germ_male_template" civilian="true" />
    </Equipments>
  </NPCCharacter>
  <NPCCharacter id="cla_tournament_template_germ_four_participant_set_v2"
                default_group="Infantry"
                level="6"
                name="{=!}cla_tournament_template_germ_four_participant_set_v2"
                culture="Culture.sturgia"
                skill_template="SkillSet.cla_skills_level6">
    <face>
      <face_key_template value="BodyProperty.cla_fighter_germanic" />
    </face>
    <upgrade_targets></upgrade_targets>
    <Equipments>
      <EquipmentSet id="cla_tournament_template_germ_four_participant_set_v2_template" />
      <EquipmentSet id="cla_germ_male_template" civilian="true" />
    </Equipments>
  </NPCCharacter>
  <NPCCharacter id="cla_tournament_template_germ_four_participant_set_v3"
                default_group="Infantry"
                level="6"
                name="{=!}cla_tournament_template_germ_four_participant_set_v3"
                culture="Culture.sturgia"
                skill_template="SkillSet.cla_skills_level6">
    <face>
      <face_key_template value="BodyProperty.cla_fighter_germanic" />
    </face>
    <upgrade_targets></upgrade_targets>
    <Equipments>
      <EquipmentSet id="cla_tournament_template_germ_four_participant_set_v3_template" />
      <EquipmentSet id="cla_germ_male_template" civilian="true" />
    </Equipments>
  </NPCCharacter>
</NPCCharacters>