﻿<?xml version="1.0" encoding="utf-8"?>
<NPCCharacters>
  <NPCCharacter id="looter" default_group="Infantry" name="{=cla_looter}Barbarus" level="6" occupation="Bandit" culture="Culture.looters" skill_template="SkillSet.cla_skills_level6">
    <face>
      <face_key_template value="BodyProperty.cla_fighter_germanic" />
    </face>
    <upgrade_targets>
      <upgrade_target id="NPCCharacter.cla_rome_auxilia_infantry_spear_2" />
    </upgrade_targets>
    <Equipments>
      <EquipmentSet id="cla_looter_1_template" />
      <EquipmentSet id="cla_looter_1_template" civilian="true" />
    </Equipments>
  </NPCCharacter>
<!-- Sea Raiders -->
  <NPCCharacter id="sea_raiders_bandit" default_group="Infantry" name="{=sea_raiders_bandit}Thiudiskaz Raider" level="11" occupation="Bandit" culture="Culture.sea_raiders" skill_template="SkillSet.cla_skills_level11">
    <face>
      <face_key_template value="BodyProperty.cla_fighter_germanic" />
    </face>
    <upgrade_targets>
      <upgrade_target id="NPCCharacter.sea_raiders_raider" />
      <upgrade_target id="NPCCharacter.cla_germ_infantry_3" />
    </upgrade_targets>
    <Equipments>
      <EquipmentSet id="cla_germanic_raider_2_template" />
      <EquipmentSet id="cla_germanic_raider_2_template" civilian="true" />
    </Equipments>
  </NPCCharacter>
  <NPCCharacter id="sea_raiders_raider" default_group="Infantry" name="{=sea_raiders_raider}Thiudiskaz Raider Warrior" level="16" occupation="Bandit" culture="Culture.sea_raiders" skill_template="SkillSet.cla_skills_level16">
    <face>
      <face_key_template value="BodyProperty.cla_fighter_germanic" />
    </face>
    <upgrade_targets>
      <upgrade_target id="NPCCharacter.sea_raiders_chief" />
      <upgrade_target id="NPCCharacter.cla_germ_infantry_heavy_4" />
    </upgrade_targets>
    <Equipments>
      <EquipmentSet id="cla_germanic_raider_3_template" />
      <EquipmentSet id="cla_germanic_raider_3_template" civilian="true" />
    </Equipments>
  </NPCCharacter>
  <NPCCharacter id="sea_raiders_chief" default_group="Infantry" name="{=sea_raiders_chief}Thiudiskaz Raider Chief" level="21" occupation="Bandit" culture="Culture.sea_raiders" skill_template="SkillSet.cla_skills_level21">
    <face>
      <face_key_template value="BodyProperty.cla_fighter_germanic" />
    </face>
    <upgrade_targets>
      <upgrade_target id="NPCCharacter.cla_germ_infantry_heavy_5" />
    </upgrade_targets>
    <Equipments>
      <EquipmentSet id="cla_germanic_raider_chief_4_template" />
      <EquipmentSet id="cla_germanic_raider_chief_4_template" civilian="true" />
    </Equipments>
  </NPCCharacter>
  <NPCCharacter id="sea_raiders_boss" default_group="Infantry" name="{=sea_raiders_boss}Thiudiskaz Raider Boss" level="26" occupation="Bandit" culture="Culture.sea_raiders" skill_template="SkillSet.cla_skills_level26">
    <face>
      <face_key_template value="BodyProperty.cla_fighter_germanic" />
    </face>
    <upgrade_targets></upgrade_targets>
    <Equipments>
      <EquipmentSet id="cla_germanic_raider_boss_5_template" />
      <EquipmentSet id="cla_germanic_raider_boss_5_template" civilian="true" />
    </Equipments>
  </NPCCharacter>

<!-- Dacian Bandits -->
  <NPCCharacter id="mountain_bandits_bandit" default_group="Infantry" name="{=mountain_bandits_bandit}Dacian Bandit" level="11" occupation="Bandit" culture="Culture.mountain_bandits" skill_template="SkillSet.cla_skills_level11">
    <face>
      <face_key_template value="BodyProperty.cla_dacia_villager" />
    </face>
    <upgrade_targets>
      <upgrade_target id="NPCCharacter.mountain_bandits_raider" />
      <upgrade_target id="NPCCharacter.cla_dacia_infantry_3" />
    </upgrade_targets>
    <Equipments>
      <EquipmentSet id="cla_dacian_bandit_2_template" />
      <EquipmentSet id="cla_dacian_bandit_2_template" civilian="true" />
    </Equipments>
  </NPCCharacter>
  <NPCCharacter id="mountain_bandits_raider" default_group="Infantry" name="{=mountain_bandits_raider}Dacian Brigand" level="16" occupation="Bandit" culture="Culture.mountain_bandits" skill_template="SkillSet.cla_skills_level16">
    <face>
      <face_key_template value="BodyProperty.cla_dacia_villager" />
    </face>
    <upgrade_targets>
      <upgrade_target id="NPCCharacter.mountain_bandits_chief" />
    </upgrade_targets>
    <Equipments>
      <EquipmentSet id="cla_dacian_bandit_3_template" />
      <EquipmentSet id="cla_dacian_bandit_3_template" civilian="true" />
    </Equipments>
  </NPCCharacter>
  <NPCCharacter id="mountain_bandits_chief" default_group="Infantry" name="{=mountain_bandits_chief}Dacian Raider" level="21" occupation="Bandit" culture="Culture.mountain_bandits" skill_template="SkillSet.cla_skills_level21">
    <face>
      <face_key_template value="BodyProperty.cla_dacia_villager" />
    </face>
    <upgrade_targets>
      <upgrade_target id="NPCCharacter.cla_dacia_elite_infantry_5" />
    </upgrade_targets>
    <Equipments>
      <EquipmentSet id="cla_dacian_bandit_4_template" />
      <EquipmentSet id="cla_dacian_bandit_4_template" civilian="true" />
    </Equipments>
  </NPCCharacter>
  <NPCCharacter id="mountain_bandits_boss" default_group="Infantry" name="{=mountain_bandits_boss}Dacian Raider Chief" level="26" occupation="Bandit" culture="Culture.mountain_bandits" skill_template="SkillSet.cla_skills_level26">
    <face>
      <face_key_template value="BodyProperty.cla_dacia_villager" />
    </face>
    <upgrade_targets></upgrade_targets>
    <Equipments>
      <EquipmentSet id="cla_dacian_bandit_boss_template" />
      <EquipmentSet id="cla_dacian_bandit_boss_template" civilian="true" />
    </Equipments>
  </NPCCharacter>

<!-- Celtic Bandits -->
  <NPCCharacter id="forest_bandits_bandit" default_group="Infantry" name="{=forest_bandits_bandit}Briton Bandit" level="11" occupation="Bandit" culture="Culture.forest_bandits" skill_template="SkillSet.cla_skills_level11">
    <face>
      <face_key_template value="BodyProperty.cla_celt_villager" />
      <hair_tags>
        <hair_tag name="Ponytail" />
        <hair_tag name="LongAndBushy" />
        <hair_tag name="TiedAcrossBack" />
        <hair_tag name="SlickedLong" />
        <hair_tag name="PartedAndCombedBack" />
        <hair_tag name="Tousled" />
        <hair_tag name="Short" />
        <hair_tag name="HighPonytail" />
        <hair_tag name="ShortAndThin" />
        <hair_tag name="SlickedShort" />
        <hair_tag name="Bandit Hair 1" />
        <hair_tag name="Bandit Hair 2" />
        <hair_tag name="Bandit Hair 3" />
      </hair_tags>
      <beard_tags>
        <beard_tag name="MustacheAndPatch" />
        <beard_tag name="MediumMustache" />
        <beard_tag name="LightGoatee" />
        <beard_tag name="BushyGoatee" />
        <beard_tag name="DroopingMustacheAndBeard" />
        <beard_tag name="TiedBeardShavenCheeks" />
        <beard_tag name="WaxedMustache" />
        <beard_tag name="DroopyMustache" />
        <beard_tag name="WaxedBeardWithShavedCheeks" />
        <beard_tag name="BeardWithShavedCheeks" />
        <beard_tag name="HeavyShortBeard" />
        <beard_tag name="PointedShortBeard" />
        <beard_tag name="LongBeard" />
        <beard_tag name="HeavyLongBeard" />
        <beard_tag name="LongScragglyBeard" />
        <beard_tag name="cla_CeltMustache" />
        <beard_tag name="cla_HangingMustache" />
        <beard_tag name="cla_CurlyBeard" />
        <beard_tag name="cla_CurlyBeard_2" />
        <beard_tag name="cla_TrimmedGoatee" />
        <beard_tag name="cla_ShortMustache" />
        <beard_tag name="cla_VikingBeard" />
      </beard_tags>
    </face>
    <upgrade_targets>
      <upgrade_target id="NPCCharacter.forest_bandits_raider" />
      <upgrade_target id="NPCCharacter.cla_celt_infantry_3" />
    </upgrade_targets>
    <Equipments>
      <EquipmentSet id="cla_celt_bandit_2_template" />
      <EquipmentSet id="cla_celt_bandit_2_template" civilian="true" />
    </Equipments>
  </NPCCharacter>
  <NPCCharacter id="forest_bandits_raider" default_group="Infantry" name="{=forest_bandits_raider}Briton Brigand" level="16" occupation="Bandit" culture="Culture.forest_bandits" skill_template="SkillSet.cla_skills_level16">
    <face>
      <face_key_template value="BodyProperty.cla_celt_villager" />
      <hair_tags>
        <hair_tag name="Ponytail" />
        <hair_tag name="LongAndBushy" />
        <hair_tag name="TiedAcrossBack" />
        <hair_tag name="SlickedLong" />
        <hair_tag name="PartedAndCombedBack" />
        <hair_tag name="Tousled" />
        <hair_tag name="Short" />
        <hair_tag name="HighPonytail" />
        <hair_tag name="ShortAndThin" />
        <hair_tag name="SlickedShort" />
        <hair_tag name="Bandit Hair 1" />
        <hair_tag name="Bandit Hair 2" />
        <hair_tag name="Bandit Hair 3" />
      </hair_tags>
      <beard_tags>
        <beard_tag name="MustacheAndPatch" />
        <beard_tag name="MediumMustache" />
        <beard_tag name="LightGoatee" />
        <beard_tag name="BushyGoatee" />
        <beard_tag name="DroopingMustacheAndBeard" />
        <beard_tag name="TiedBeardShavenCheeks" />
        <beard_tag name="WaxedMustache" />
        <beard_tag name="DroopyMustache" />
        <beard_tag name="WaxedBeardWithShavedCheeks" />
        <beard_tag name="BeardWithShavedCheeks" />
        <beard_tag name="HeavyShortBeard" />
        <beard_tag name="PointedShortBeard" />
        <beard_tag name="LongBeard" />
        <beard_tag name="HeavyLongBeard" />
        <beard_tag name="LongScragglyBeard" />
        <beard_tag name="cla_CeltMustache" />
        <beard_tag name="cla_HangingMustache" />
        <beard_tag name="cla_CurlyBeard" />
        <beard_tag name="cla_CurlyBeard_2" />
        <beard_tag name="cla_TrimmedGoatee" />
        <beard_tag name="cla_ShortMustache" />
        <beard_tag name="cla_VikingBeard" />
      </beard_tags>
    </face>
    <upgrade_targets>
      <upgrade_target id="NPCCharacter.forest_bandits_chief" />
      <upgrade_target id="NPCCharacter.cla_celt_infantry_heavy_4" />
    </upgrade_targets>
    <Equipments>
      <EquipmentSet id="cla_celt_bandit_3_template" />
      <EquipmentSet id="cla_celt_bandit_3_template" civilian="true" />
    </Equipments>
  </NPCCharacter>
  <NPCCharacter id="forest_bandits_chief" default_group="Infantry" name="{=forest_bandits_chief}Briton Raider" level="21" occupation="Bandit" culture="Culture.forest_bandits" skill_template="SkillSet.cla_skills_level21">
    <face>
      <face_key_template value="BodyProperty.cla_celt_villager" />
      <hair_tags>
        <hair_tag name="Ponytail" />
        <hair_tag name="LongAndBushy" />
        <hair_tag name="TiedAcrossBack" />
        <hair_tag name="SlickedLong" />
        <hair_tag name="PartedAndCombedBack" />
        <hair_tag name="Tousled" />
        <hair_tag name="Short" />
        <hair_tag name="HighPonytail" />
        <hair_tag name="ShortAndThin" />
        <hair_tag name="SlickedShort" />
        <hair_tag name="Bandit Hair 1" />
        <hair_tag name="Bandit Hair 2" />
        <hair_tag name="Bandit Hair 3" />
      </hair_tags>
      <beard_tags>
        <beard_tag name="MustacheAndPatch" />
        <beard_tag name="MediumMustache" />
        <beard_tag name="LightGoatee" />
        <beard_tag name="BushyGoatee" />
        <beard_tag name="DroopingMustacheAndBeard" />
        <beard_tag name="TiedBeardShavenCheeks" />
        <beard_tag name="WaxedMustache" />
        <beard_tag name="DroopyMustache" />
        <beard_tag name="WaxedBeardWithShavedCheeks" />
        <beard_tag name="BeardWithShavedCheeks" />
        <beard_tag name="HeavyShortBeard" />
        <beard_tag name="PointedShortBeard" />
        <beard_tag name="LongBeard" />
        <beard_tag name="HeavyLongBeard" />
        <beard_tag name="LongScragglyBeard" />
        <beard_tag name="cla_CeltMustache" />
        <beard_tag name="cla_HangingMustache" />
        <beard_tag name="cla_CurlyBeard" />
        <beard_tag name="cla_CurlyBeard_2" />
        <beard_tag name="cla_TrimmedGoatee" />
        <beard_tag name="cla_ShortMustache" />
        <beard_tag name="cla_VikingBeard" />
      </beard_tags>
    </face>
    <upgrade_targets>
      <upgrade_target id="NPCCharacter.cla_celt_elite_cavalry_5" />
    </upgrade_targets>
    <Equipments>
      <EquipmentSet id="cla_celt_bandit_4_template" />
      <EquipmentSet id="cla_celt_bandit_4_template" civilian="true" />
    </Equipments>
  </NPCCharacter>
  <NPCCharacter id="forest_bandits_boss" default_group="Ranged" name="{=forest_bandits_boss}Briton Raider Chief" level="26" occupation="Bandit" culture="Culture.forest_bandits" skill_template="SkillSet.cla_skills_level26">
    <face>
      <face_key_template value="BodyProperty.cla_celt_villager" />
      <hair_tags>
        <hair_tag name="Ponytail" />
        <hair_tag name="LongAndBushy" />
        <hair_tag name="TiedAcrossBack" />
        <hair_tag name="SlickedLong" />
        <hair_tag name="PartedAndCombedBack" />
        <hair_tag name="Tousled" />
        <hair_tag name="Short" />
        <hair_tag name="HighPonytail" />
        <hair_tag name="ShortAndThin" />
        <hair_tag name="SlickedShort" />
        <hair_tag name="Bandit Hair 1" />
        <hair_tag name="Bandit Hair 2" />
        <hair_tag name="Bandit Hair 3" />
      </hair_tags>
      <beard_tags>
        <beard_tag name="MustacheAndPatch" />
        <beard_tag name="MediumMustache" />
        <beard_tag name="LightGoatee" />
        <beard_tag name="BushyGoatee" />
        <beard_tag name="DroopingMustacheAndBeard" />
        <beard_tag name="TiedBeardShavenCheeks" />
        <beard_tag name="WaxedMustache" />
        <beard_tag name="DroopyMustache" />
        <beard_tag name="WaxedBeardWithShavedCheeks" />
        <beard_tag name="BeardWithShavedCheeks" />
        <beard_tag name="HeavyShortBeard" />
        <beard_tag name="PointedShortBeard" />
        <beard_tag name="LongBeard" />
        <beard_tag name="HeavyLongBeard" />
        <beard_tag name="LongScragglyBeard" />
        <beard_tag name="cla_CeltMustache" />
        <beard_tag name="cla_HangingMustache" />
        <beard_tag name="cla_CurlyBeard" />
        <beard_tag name="cla_CurlyBeard_2" />
        <beard_tag name="cla_TrimmedGoatee" />
        <beard_tag name="cla_ShortMustache" />
        <beard_tag name="cla_VikingBeard" />
      </beard_tags>
    </face>
    <upgrade_targets></upgrade_targets>
    <Equipments>
      <EquipmentSet id="cla_celt_bandit_boss_template" />
      <EquipmentSet id="cla_celt_bandit_boss_template" civilian="true" />
    </Equipments>
  </NPCCharacter>

<!-- Libian Bandits -->
  <NPCCharacter id="desert_bandits_bandit" default_group="Infantry" name="{=desert_bandits_bandit}Libyan Bandit" level="11" occupation="Bandit" culture="Culture.desert_bandits" skill_template="SkillSet.cla_skills_level11">
    <face>
      <face_key_template value="BodyProperty.cla_villager_nahasi" />
    </face>
    <upgrade_targets>
      <upgrade_target id="NPCCharacter.desert_bandits_raider" />
      <upgrade_target id="NPCCharacter.cla_carthage_slinger_libyan_3" />
    </upgrade_targets>
    <Equipments>
      <EquipmentSet id="cla_libyan_bandit_2_template" />
      <EquipmentSet id="cla_libyan_bandit_2_template" civilian="true" />
    </Equipments>
  </NPCCharacter>
  <NPCCharacter id="desert_bandits_raider" default_group="Infantry" name="{=desert_bandits_raider}Libyan Brigand" level="16" occupation="Bandit" culture="Culture.desert_bandits" skill_template="SkillSet.cla_skills_level16">
    <face>
      <face_key_template value="BodyProperty.cla_villager_nahasi" />
    </face>
    <upgrade_targets>
      <upgrade_target id="NPCCharacter.desert_bandits_chief" />
    </upgrade_targets>
    <Equipments>
      <EquipmentSet id="cla_libyan_bandit_3_template" />
      <EquipmentSet id="cla_libyan_bandit_3_template" civilian="true" />
    </Equipments>
  </NPCCharacter>
  <NPCCharacter id="desert_bandits_chief" default_group="Cavalry" name="{=desert_bandits_chief}Libyan Raider" upgrade_requires="ItemCategory.war_horse" level="21" occupation="Bandit" culture="Culture.desert_bandits" skill_template="SkillSet.cla_skills_level21">
    <face>
      <face_key_template value="BodyProperty.cla_villager_nahasi" />
    </face>
    <upgrade_targets>
    </upgrade_targets>
    <Equipments>
      <EquipmentSet id="cla_libyan_bandit_4_template" />
      <EquipmentSet id="cla_libyan_bandit_4_template" civilian="true" />
    </Equipments>
  </NPCCharacter>
  <NPCCharacter id="desert_bandits_boss" default_group="Cavalry" name="{=desert_bandits_boss}Libyan Bandit Chief" level="26" upgrade_requires="ItemCategory.war_horse" occupation="Bandit" culture="Culture.desert_bandits" skill_template="SkillSet.cla_skills_level26">
    <face>
      <face_key_template value="BodyProperty.cla_villager_nahasi" />
    </face>
    <upgrade_targets></upgrade_targets>
    <Equipments>
      <EquipmentSet id="cla_libyan_bandit_boss" />
      <EquipmentSet id="cla_libyan_bandit_boss" civilian="true" />
    </Equipments>
  </NPCCharacter>

<!-- Scythian Bandits -->
  <NPCCharacter id="steppe_bandits_bandit" default_group="Cavalry" name="{=steppe_bandits_bandit}Steppe Bandit" level="11" occupation="Bandit" culture="Culture.steppe_bandits" skill_template="SkillSet.cla_skills_level11">
    <face>
      <face_key_template value="BodyProperty.cla_villager_scythia" />
    </face>
    <upgrade_targets>
      <upgrade_target id="NPCCharacter.steppe_bandits_raider" />
      <upgrade_target id="NPCCharacter.cla_scythia_cavalry_ranged_3" />
    </upgrade_targets>
    <Equipments>
      <EquipmentSet id="cla_scythian_bandit_2_template" />
      <EquipmentSet id="cla_scythian_bandit_2_template" civilian="true" />
    </Equipments>
  </NPCCharacter>
  <NPCCharacter id="steppe_bandits_raider" default_group="HorseArcher" name="{=steppe_bandits_raider}Steppe Brigand" level="16" occupation="Bandit" culture="Culture.steppe_bandits" skill_template="SkillSet.cla_skills_level16">
    <face>
      <face_key_template value="BodyProperty.cla_villager_scythia" />
    </face>
    <upgrade_targets>
      <upgrade_target id="NPCCharacter.steppe_bandits_chief" />
      <upgrade_target id="NPCCharacter.cla_scythia_cavalry_4" />
    </upgrade_targets>
    <Equipments>
      <EquipmentSet id="cla_scythian_bandit_3_template" />
      <EquipmentSet id="cla_scythian_bandit_3_template" civilian="true" />
    </Equipments>
  </NPCCharacter>
  <NPCCharacter id="steppe_bandits_chief" default_group="HorseArcher" name="{=steppe_bandits_chief}Steppe Raider" upgrade_requires="ItemCategory.war_horse" level="21" occupation="Bandit" culture="Culture.steppe_bandits" skill_template="SkillSet.cla_skills_level21">
    <face>
      <face_key_template value="BodyProperty.cla_villager_scythia" />
    </face>
    <upgrade_targets>
      <upgrade_target id="NPCCharacter.cla_scythia_cavalry_elite_5" />
    </upgrade_targets>
    <Equipments>
      <EquipmentSet id="cla_scythian_bandit_4_template" />
      <EquipmentSet id="cla_scythian_bandit_4_template" civilian="true" />
    </Equipments>
  </NPCCharacter>
  <NPCCharacter id="steppe_bandits_boss" default_group="HorseArcher" name="{=steppe_bandits_boss}Steppe Bandit Chief" upgrade_requires="ItemCategory.war_horse" level="26" occupation="Bandit" culture="Culture.steppe_bandits" skill_template="SkillSet.cla_skills_level26">
    <face>
      <face_key_template value="BodyProperty.cla_villager_scythia" />
    </face>
    <upgrade_targets></upgrade_targets>
    <Equipments>
      <EquipmentSet id="cla_scythian_bandit_boss_template" />
      <EquipmentSet id="cla_scythian_bandit_boss_template" civilian="true" />
    </Equipments>
  </NPCCharacter>
</NPCCharacters>