<?xml version="1.0" encoding="utf-8"?>
<partyTemplates>
    <MBPartyTemplate id="cla_kingdom_hero_party_dacia_template" >
    <stacks>
      <PartyTemplateStack min_value="20" max_value="20" troop="NPCCharacter.cla_dacia_recruit" />
      <PartyTemplateStack min_value="8" max_value="8" troop="NPCCharacter.cla_dacia_infantry_2" />
      <PartyTemplateStack min_value="7" max_value="7" troop="NPCCharacter.cla_dacia_infantry_3" />
      <PartyTemplateStack min_value="7" max_value="7" troop="NPCCharacter.cla_dacia_infantry_falx_2" />
      <PartyTemplateStack min_value="3" max_value="3" troop="NPCCharacter.cla_dacia_cavalry_3" />
      <PartyTemplateStack min_value="11" max_value="11" troop="NPCCharacter.cla_dacia_ranged_2" />
      <PartyTemplateStack min_value="4" max_value="4" troop="NPCCharacter.cla_dacia_ranged_3" />
     <PartyTemplateStack min_value="3" max_value="3" troop="NPCCharacter.cla_dacia_ranged_horse_3" />
      <PartyTemplateStack min_value="3" max_value="5" troop="NPCCharacter.cla_dacia_elite_infantry_3" />
      <PartyTemplateStack min_value="1" max_value="2" troop="NPCCharacter.cla_dacia_elite_infantry_4" />
      <PartyTemplateStack min_value="1" max_value="2" troop="NPCCharacter.cla_dacia_elite_infantry_5" />
    </stacks>
  </MBPartyTemplate>

  <MBPartyTemplate id="cla_caravan_template_dacia" >
    <stacks>
      <PartyTemplateStack  min_value="8" max_value="8" troop="NPCCharacter.cla_armed_trader_dacia" />
      <PartyTemplateStack min_value="4" max_value="4" troop="NPCCharacter.cla_caravan_guard_dacia" />
      <PartyTemplateStack min_value="2" max_value="2" troop="NPCCharacter.cla_veteran_caravan_guard_dacia" />
    </stacks>
  </MBPartyTemplate>

  <MBPartyTemplate id="cla_elite_caravan_template_dacia" >
    <stacks>
      <PartyTemplateStack min_value="8" max_value="10" troop="NPCCharacter.cla_armed_trader_dacia" />
      <PartyTemplateStack min_value="7" max_value="7" troop="NPCCharacter.cla_caravan_guard_dacia" />
      <PartyTemplateStack min_value="8" max_value="8" troop="NPCCharacter.cla_veteran_caravan_guard_dacia" />
      <PartyTemplateStack min_value="2" max_value="2" troop="NPCCharacter.cla_caravan_master_dacia" />
    </stacks>
  </MBPartyTemplate>

  <MBPartyTemplate id="cla_militia_dacia_template" >
      <stacks>
        <PartyTemplateStack min_value="1" max_value="1" troop="NPCCharacter.cla_dacia_militia_spearman" />
        <PartyTemplateStack min_value="1" max_value="1" troop="NPCCharacter.cla_dacia_militia_archer" />
      </stacks>
  </MBPartyTemplate>

  <MBPartyTemplate id="cla_rebels_dacia_template" >
    <stacks>
      <PartyTemplateStack min_value="1" max_value="1" troop="NPCCharacter.cla_dacia_recruit" />
    </stacks>
  </MBPartyTemplate>
  
    <MBPartyTemplate id="cla_villager_dacia_template" >
      <stacks>
        <PartyTemplateStack min_value="15" max_value="30" troop="NPCCharacter.cla_dacia_villager" />
      </stacks>
    </MBPartyTemplate>

  <MBPartyTemplate id="cla_vassal_reward_troops_dacia" >
    <stacks>
      <PartyTemplateStack min_value="2" max_value="2" troop="NPCCharacter.cla_dacia_elite_infantry_5" />
      <PartyTemplateStack min_value="5" max_value="5" troop="NPCCharacter.cla_dacia_elite_infantry_3" />
    </stacks>
  </MBPartyTemplate>

</partyTemplates>