<?xml version="1.0" encoding="utf-8"?>
<partyTemplates>

  <MBPartyTemplate id="cla_scythia_kingdom_hero_party_template" >
    <stacks>
      <PartyTemplateStack min_value="20" max_value="20" troop="NPCCharacter.cla_scythia_infantry_1" />
      <PartyTemplateStack min_value="4" max_value="4" troop="NPCCharacter.cla_scythia_infantry_2" />
      <PartyTemplateStack min_value="2" max_value="2" troop="NPCCharacter.cla_scythia_infantry_3" />
      <PartyTemplateStack min_value="10" max_value="10" troop="NPCCharacter.cla_scythia_ranged_2" />
      <PartyTemplateStack min_value="4" max_value="4" troop="NPCCharacter.cla_scythia_ranged_3" />
      <PartyTemplateStack min_value="2" max_value="2" troop="NPCCharacter.cla_scythia_ranged_4" />
      <PartyTemplateStack min_value="10" max_value="10" troop="NPCCharacter.cla_scythia_cavalry_2" />
      <PartyTemplateStack min_value="2" max_value="2" troop="NPCCharacter.cla_scythia_cavalry_3" />
      <PartyTemplateStack min_value="1" max_value="1" troop="NPCCharacter.cla_scythia_cavalry_4" />
      <PartyTemplateStack min_value="10" max_value="10" troop="NPCCharacter.cla_scythia_cavalry_ranged_3" />
      <PartyTemplateStack min_value="4" max_value="4" troop="NPCCharacter.cla_scythia_cavalry_ranged_4" />
      <PartyTemplateStack min_value="8" max_value="8" troop="NPCCharacter.cla_scythia_cavalry_ranged_2_f" />
      <PartyTemplateStack min_value="4" max_value="4" troop="NPCCharacter.cla_scythia_cavalry_ranged_3_f" />
      <PartyTemplateStack min_value="1" max_value="1" troop="NPCCharacter.cla_scythia_cavalry_ranged_4_f" />
      <PartyTemplateStack min_value="4" max_value="4" troop="NPCCharacter.cla_scythia_cavalry_elite_4" />
      <PartyTemplateStack min_value="1" max_value="1" troop="NPCCharacter.cla_scythia_cavalry_elite_5" />
    </stacks>
  </MBPartyTemplate>


  <MBPartyTemplate id="cla_scythia_caravan_template" >
    <stacks>
      <PartyTemplateStack  min_value="8" max_value="8" troop="NPCCharacter.cla_scythia_armed_trader" />
      <PartyTemplateStack min_value="4" max_value="4" troop="NPCCharacter.cla_scythia_caravan_guard" />
      <PartyTemplateStack min_value="2" max_value="2" troop="NPCCharacter.cla_scythia_veteran_caravan_guard" />
    </stacks>
  </MBPartyTemplate>

  <MBPartyTemplate id="char_creation_caravan_template_khuzait" >
    <stacks>
      <PartyTemplateStack min_value="6" max_value="6" troop="NPCCharacter.cla_scythia_armed_trader" />
      <PartyTemplateStack min_value="5" max_value="5" troop="NPCCharacter.cla_scythia_caravan_guard" />
      <PartyTemplateStack min_value="4" max_value="4" troop="NPCCharacter.cla_scythia_veteran_caravan_guard" />
      <PartyTemplateStack min_value="5" max_value="5" troop="NPCCharacter.cla_scythia_caravan_master" />
    </stacks>
  </MBPartyTemplate>


  <MBPartyTemplate id="cla_scythia_elite_caravan_template" >
    <stacks>
      <PartyTemplateStack min_value="8" max_value="10" troop="NPCCharacter.cla_scythia_armed_trader" />
      <PartyTemplateStack min_value="7" max_value="7" troop="NPCCharacter.cla_scythia_caravan_guard" />
      <PartyTemplateStack min_value="8" max_value="8" troop="NPCCharacter.cla_scythia_veteran_caravan_guard" />
      <PartyTemplateStack min_value="2" max_value="2" troop="NPCCharacter.cla_scythia_caravan_master" />
    </stacks>
  </MBPartyTemplate>

  <MBPartyTemplate id="cla_scythia_militia_template" >
      <stacks>
        <PartyTemplateStack min_value="1" max_value="1" troop="NPCCharacter.cla_scythia_militia_spearman" />
        <PartyTemplateStack min_value="1" max_value="1" troop="NPCCharacter.cla_scythia_militia_archer" />
      </stacks>
  </MBPartyTemplate>

  <MBPartyTemplate id="cla_scythia_rebels_template" >
    <stacks>
      <PartyTemplateStack min_value="1" max_value="1" troop="NPCCharacter.cla_scythia_infantry_1" />
      <PartyTemplateStack min_value="1" max_value="1" troop="NPCCharacter.cla_scythia_cavalry_2" />
    </stacks>
  </MBPartyTemplate>
  
    <MBPartyTemplate id="cla_scythia_villager_template" >
      <stacks>
        <PartyTemplateStack min_value="15" max_value="30" troop="NPCCharacter.cla_scythia_villager" />
      </stacks>
    </MBPartyTemplate>

  <MBPartyTemplate id="cla_scythia_vassal_reward_troops" >
    <stacks>
      <PartyTemplateStack min_value="5" max_value="5" troop="NPCCharacter.cla_scythia_cavalry_elite_4" />
      <PartyTemplateStack min_value="5" max_value="5" troop="NPCCharacter.cla_scythia_cavalry_ranged_2_f" />
    </stacks>
  </MBPartyTemplate>
</partyTemplates>