<?xml version="1.0" encoding="utf-8"?>
<partyTemplates>
    <MBPartyTemplate id="cla_rome_kingdom_hero_party_template" >
    <stacks>
      <PartyTemplateStack min_value="10" max_value="10" troop="NPCCharacter.cla_rome_auxilia_recruit" />
      <PartyTemplateStack min_value="4" max_value="4" troop="NPCCharacter.cla_rome_auxilia_infantry_spear_2" />
      <PartyTemplateStack min_value="2" max_value="2" troop="NPCCharacter.cla_rome_auxilia_infantry_spear_3" />
      <PartyTemplateStack min_value="5" max_value="6" troop="NPCCharacter.cla_rome_auxilia_cavalry_2" />
      <PartyTemplateStack min_value="4" max_value="4" troop="NPCCharacter.cla_rome_auxilia_cavalry_3" />
      <PartyTemplateStack min_value="4" max_value="4" troop="NPCCharacter.cla_rome_auxilia_archer_2" />
      <PartyTemplateStack min_value="1" max_value="1" troop="NPCCharacter.cla_rome_auxilia_archer_3" />
      <PartyTemplateStack min_value="10" max_value="10" troop="NPCCharacter.cla_rome_infantry_2" />
      <PartyTemplateStack min_value="5" max_value="7" troop="NPCCharacter.cla_rome_infantry_3" />
      <PartyTemplateStack min_value="2" max_value="2" troop="NPCCharacter.cla_rome_infantry_4" />
      <PartyTemplateStack min_value="2" max_value="2" troop="NPCCharacter.cla_rome_infantry_evocatus_4" />
    </stacks>
  </MBPartyTemplate>

  <MBPartyTemplate id="cla_rome_caravan_template" >
    <stacks>
      <PartyTemplateStack  min_value="8" max_value="8" troop="NPCCharacter.cla_rome_armed_trader" />
      <PartyTemplateStack min_value="4" max_value="4" troop="NPCCharacter.cla_rome_caravan_guard" />
      <PartyTemplateStack min_value="2" max_value="2" troop="NPCCharacter.cla_rome_veteran_caravan_guard" />
    </stacks>
  </MBPartyTemplate>

  <MBPartyTemplate id="char_creation_caravan_template_empire" >
    <stacks>
      <PartyTemplateStack min_value="8" max_value="10" troop="NPCCharacter.cla_rome_armed_trader" />
      <PartyTemplateStack min_value="7" max_value="7" troop="NPCCharacter.cla_rome_caravan_guard" />
      <PartyTemplateStack min_value="8" max_value="8" troop="NPCCharacter.cla_rome_veteran_caravan_guard" />
      <PartyTemplateStack min_value="2" max_value="2" troop="NPCCharacter.cla_rome_caravan_master" />
    </stacks>
  </MBPartyTemplate>


  <MBPartyTemplate id="cla_rome_elite_caravan_template" >
    <stacks>
      <PartyTemplateStack min_value="8" max_value="10" troop="NPCCharacter.cla_rome_armed_trader" />
      <PartyTemplateStack min_value="7" max_value="7" troop="NPCCharacter.cla_rome_caravan_guard" />
      <PartyTemplateStack min_value="8" max_value="8" troop="NPCCharacter.cla_rome_veteran_caravan_guard" />
      <PartyTemplateStack min_value="2" max_value="2" troop="NPCCharacter.cla_rome_caravan_master" />
    </stacks>
  </MBPartyTemplate>

  <MBPartyTemplate id="cla_rome_militia_template" >
      <stacks>
        <PartyTemplateStack min_value="1" max_value="1" troop="NPCCharacter.cla_rome_militia_spearman" />
        <PartyTemplateStack min_value="1" max_value="1" troop="NPCCharacter.cla_rome_militia_archer" />
      </stacks>
  </MBPartyTemplate>

  <MBPartyTemplate id="cla_rome_rebels_template" >
    <stacks>
      <PartyTemplateStack min_value="1" max_value="1" troop="NPCCharacter.cla_rome_auxilia_recruit" />
    </stacks>
  </MBPartyTemplate>
  
    <MBPartyTemplate id="cla_rome_villager_template" >
      <stacks>
        <PartyTemplateStack min_value="15" max_value="30" troop="NPCCharacter.cla_rome_villager" />
      </stacks>
    </MBPartyTemplate>

  <MBPartyTemplate id="cla_rome_vassal_reward_troops" >
    <stacks>
      <PartyTemplateStack min_value="10" max_value="10" troop="NPCCharacter.cla_rome_infantry_4" />
    </stacks>
  </MBPartyTemplate>
</partyTemplates>