<?xml version="1.0" encoding="utf-8"?>
<partyTemplates>
    <MBPartyTemplate id="cla_carthage_kingdom_hero_party_template" >
    <stacks>
      <PartyTemplateStack min_value="2" max_value="3" troop="NPCCharacter.cla_iberian_caetrati_2" />
      <PartyTemplateStack min_value="2" max_value="2" troop="NPCCharacter.cla_iberian_caetrati_3" />
      <PartyTemplateStack min_value="1" max_value="1" troop="NPCCharacter.cla_iberian_caetrati_4" />
      <PartyTemplateStack min_value="2" max_value="2" troop="NPCCharacter.cla_iberian_scutari_3" />
      <PartyTemplateStack min_value="2" max_value="2" troop="NPCCharacter.cla_iberian_scutari_4" />
      <PartyTemplateStack min_value="3" max_value="3" troop="NPCCharacter.cla_carthage_numidian_skirmisher_1" />
      <PartyTemplateStack min_value="2" max_value="2" troop="NPCCharacter.cla_carthage_numidian_skirmisher_2" />
      <PartyTemplateStack min_value="2" max_value="2" troop="NPCCharacter.cla_carthage_numidian_skirmisher_3" />
      <PartyTemplateStack min_value="10" max_value="10" troop="NPCCharacter.cla_carthage_numidian_archer_2" />
      <PartyTemplateStack min_value="4" max_value="4" troop="NPCCharacter.cla_carthage_numidian_archer_3" />
      <PartyTemplateStack min_value="4" max_value="4" troop="NPCCharacter.cla_carthage_numidian_skirmisher_cav_3" />
      <PartyTemplateStack min_value="6" max_value="8" troop="NPCCharacter.cla_carthage_lancer_cav_libyan_2" />
      <PartyTemplateStack min_value="4" max_value="4" troop="NPCCharacter.cla_carthage_machairaphoroi_libyan_1" />
      <PartyTemplateStack min_value="3" max_value="3" troop="NPCCharacter.cla_carthage_machairaphoroi_libyan_2" />
      <PartyTemplateStack min_value="2" max_value="2" troop="NPCCharacter.cla_carthage_machairaphoroi_libyan_3" />
      <PartyTemplateStack min_value="5" max_value="6" troop="NPCCharacter.cla_carthage_slinger_libyan_2" />
      <PartyTemplateStack min_value="4" max_value="4" troop="NPCCharacter.cla_carthage_slinger_libyan_3" />
      <PartyTemplateStack min_value="4" max_value="4" troop="NPCCharacter.cla_carthage_hoplite_phoenician_2" />
      <PartyTemplateStack min_value="2" max_value="2" troop="NPCCharacter.cla_carthage_hoplite_phoenician_3" />
      <PartyTemplateStack min_value="1" max_value="2" troop="NPCCharacter.cla_carthage_hoplite_phoenician_4" />
      <PartyTemplateStack min_value="2" max_value="2" troop="NPCCharacter.cla_carthage_thureophoroi_phoenician_3" />
      <PartyTemplateStack min_value="1" max_value="2" troop="NPCCharacter.cla_carthage_thureophoroi_phoenician_4" />
      <PartyTemplateStack min_value="1" max_value="3" troop="NPCCharacter.cla_carthage_sacred_phoenician_3" />
      <PartyTemplateStack min_value="1" max_value="2" troop="NPCCharacter.cla_carthage_sacred_phoenician_4" />
      <PartyTemplateStack min_value="1" max_value="1" troop="NPCCharacter.cla_carthage_sacred_phoenician_5" />
    </stacks>
  </MBPartyTemplate>

  <MBPartyTemplate id="cla_carthage_caravan_template" >
    <stacks>
      <PartyTemplateStack  min_value="8" max_value="8" troop="NPCCharacter.cla_carthage_armed_trader" />
      <PartyTemplateStack min_value="4" max_value="4" troop="NPCCharacter.cla_carthage_caravan_guard" />
      <PartyTemplateStack min_value="2" max_value="2" troop="NPCCharacter.cla_carthage_veteran_caravan_guard" />
    </stacks>
  </MBPartyTemplate>

  <MBPartyTemplate id="char_creation_caravan_template_aserai" >
    <stacks>
      <PartyTemplateStack min_value="8" max_value="10" troop="NPCCharacter.cla_carthage_armed_trader" />
      <PartyTemplateStack min_value="7" max_value="7" troop="NPCCharacter.cla_carthage_caravan_guard" />
      <PartyTemplateStack min_value="8" max_value="8" troop="NPCCharacter.cla_carthage_veteran_caravan_guard" />
      <PartyTemplateStack min_value="2" max_value="2" troop="NPCCharacter.cla_carthage_caravan_master" />
    </stacks>
  </MBPartyTemplate>

  <MBPartyTemplate id="cla_carthage_elite_caravan_template" >
    <stacks>
      <PartyTemplateStack min_value="8" max_value="10" troop="NPCCharacter.cla_carthage_armed_trader" />
      <PartyTemplateStack min_value="7" max_value="7" troop="NPCCharacter.cla_carthage_caravan_guard" />
      <PartyTemplateStack min_value="8" max_value="8" troop="NPCCharacter.cla_carthage_veteran_caravan_guard" />
      <PartyTemplateStack min_value="2" max_value="2" troop="NPCCharacter.cla_carthage_caravan_master" />
    </stacks>
  </MBPartyTemplate>

  <MBPartyTemplate id="cla_carthage_militia_template" >
      <stacks>
        <PartyTemplateStack min_value="1" max_value="1" troop="NPCCharacter.cla_carthage_militia_spearman" />
        <PartyTemplateStack min_value="1" max_value="1" troop="NPCCharacter.cla_carthage_militia_archer" />
      </stacks>
  </MBPartyTemplate>

  <MBPartyTemplate id="cla_carthage_rebels_template" >
      <stacks>
        <PartyTemplateStack min_value="1" max_value="1" troop="NPCCharacter.cla_carthage_machairaphoroi_libyan_1" />
      </stacks>
  </MBPartyTemplate>

  <MBPartyTemplate id="cla_carthage_vassal_reward_troops" >
    <stacks>
      <PartyTemplateStack min_value="10" max_value="10" troop="NPCCharacter.cla_carthage_hoplite_phoenician_4" />
    </stacks>
  </MBPartyTemplate>
</partyTemplates>