<?xml version="1.0" encoding="utf-8"?>
<partyTemplates>
	<MBPartyTemplate
		id="cla_villager_germ_template">
		<stacks>
			<PartyTemplateStack
				min_value="15"
				max_value="30"
				troop="NPCCharacter.cla_germ_villager" />
		</stacks>
	</MBPartyTemplate>
	<MBPartyTemplate
		id="cla_rebels_germ_template">
		<stacks>
			<PartyTemplateStack
				min_value="1"
				max_value="1"
				troop="NPCCharacter.cla_germ_infantry_1" />
		</stacks>
	</MBPartyTemplate>
	<MBPartyTemplate
		id="cla_caravan_template_germ">
		<stacks>
			<PartyTemplateStack
				min_value="8"
				max_value="8"
				troop="NPCCharacter.cla_armed_trader_germ" />
			<PartyTemplateStack
				min_value="4"
				max_value="4"
				troop="NPCCharacter.cla_caravan_guard_germ" />
			<PartyTemplateStack
				min_value="2"
				max_value="2"
				troop="NPCCharacter.cla_veteran_caravan_guard_germ" />
		</stacks>
	</MBPartyTemplate>
	<MBPartyTemplate
		id="cla_elite_caravan_template_germ">
		<stacks>
			<PartyTemplateStack
				min_value="8"
				max_value="8"
				troop="NPCCharacter.cla_armed_trader_germ" />
			<PartyTemplateStack
				min_value="7"
				max_value="7"
				troop="NPCCharacter.cla_caravan_guard_germ" />
			<PartyTemplateStack
				min_value="8"
				max_value="8"
				troop="NPCCharacter.cla_veteran_caravan_guard_germ" />
			<PartyTemplateStack
				min_value="2"
				max_value="2"
				troop="NPCCharacter.cla_caravan_master_germ" />
		</stacks>
	</MBPartyTemplate>
	<MBPartyTemplate
		id="cla_militia_germ_template">
		<stacks>
			<PartyTemplateStack
				min_value="1"
				max_value="1"
				troop="NPCCharacter.cla_germ_militia_spearman" />
			<PartyTemplateStack
				min_value="1"
				max_value="1"
				troop="NPCCharacter.cla_germ_militia_archer" />
		</stacks>
	</MBPartyTemplate>
	<MBPartyTemplate
		id="cla_kingdom_hero_party_germ_template">
		<stacks>
			<PartyTemplateStack
				min_value="30"
				max_value="30"
				troop="NPCCharacter.cla_germ_infantry_1" />
			<PartyTemplateStack
				min_value="8"
				max_value="8"
				troop="NPCCharacter.cla_germ_infantry_2" />
			<PartyTemplateStack
				min_value="4"
				max_value="4"
				troop="NPCCharacter.cla_germ_infantry_3" />
			<PartyTemplateStack
				min_value="2"
				max_value="2"
				troop="NPCCharacter.cla_germ_cavalry_light_2" />
			<PartyTemplateStack
				min_value="1"
				max_value="1"
				troop="NPCCharacter.cla_germ_cavalry_light_3" />
			<PartyTemplateStack
				min_value="5"
				max_value="5"
				troop="NPCCharacter.cla_germ_ranged_2" />
			<PartyTemplateStack
				min_value="2"
				max_value="2"
				troop="NPCCharacter.cla_germ_ranged_3" />
			<PartyTemplateStack
				min_value="2"
				max_value="4"
				troop="NPCCharacter.cla_germ_infantry_heavy_3" />
		</stacks>
	</MBPartyTemplate>
	<MBPartyTemplate
		id="cla_vassal_reward_troops_germ">
		<stacks>
			<PartyTemplateStack
				min_value="10"
				max_value="10"
				troop="NPCCharacter.cla_germ_infantry_heavy_3" />
		</stacks>
	</MBPartyTemplate>

</partyTemplates>