<?xml version="1.0" encoding="utf-8"?>
<partyTemplates>
    <MBPartyTemplate id="cla_celt_kingdom_hero_party_template" >
    <stacks>
      <PartyTemplateStack min_value="20" max_value="20" troop="NPCCharacter.cla_celt_recruit" />
      <PartyTemplateStack min_value="8" max_value="8" troop="NPCCharacter.cla_celt_infantry_2" />
      <PartyTemplateStack min_value="4" max_value="4" troop="NPCCharacter.cla_celt_infantry_3" />
      <PartyTemplateStack min_value="2" max_value="2" troop="NPCCharacter.cla_celt_mounted_cav_2" />
      <PartyTemplateStack min_value="2" max_value="2" troop="NPCCharacter.cla_celt_mounted_cav_3" />
      <PartyTemplateStack min_value="15" max_value="15" troop="NPCCharacter.cla_celt_slinger_2" />
      <PartyTemplateStack min_value="4" max_value="4" troop="NPCCharacter.cla_celt_slinger_3" />
      <PartyTemplateStack min_value="4" max_value="4" troop="NPCCharacter.cla_celt_ranged_3" />
      <PartyTemplateStack min_value="4" max_value="4" troop="NPCCharacter.cla_celt_infantry_heavy_3" />
      <PartyTemplateStack min_value="2" max_value="2" troop="NPCCharacter.cla_celt_infantry_heavy_4" />
      <PartyTemplateStack min_value="2" max_value="2" troop="NPCCharacter.cla_celt_elite_cavalry_4" />
      <PartyTemplateStack min_value="1" max_value="1" troop="NPCCharacter.cla_celt_elite_cavalry_5" />
    </stacks>
  </MBPartyTemplate>

  <MBPartyTemplate id="cla_celt_caravan_template" >
    <stacks>
      <PartyTemplateStack  min_value="8" max_value="8" troop="NPCCharacter.cla_celt_armed_trader" />
      <PartyTemplateStack min_value="4" max_value="4" troop="NPCCharacter.cla_celt_caravan_guard" />
      <PartyTemplateStack min_value="2" max_value="2" troop="NPCCharacter.cla_celt_veteran_caravan_guard" />
    </stacks>
  </MBPartyTemplate>

  <MBPartyTemplate id="cla_celt_elite_caravan_template" >
    <stacks>
      <PartyTemplateStack min_value="8" max_value="10" troop="NPCCharacter.cla_celt_armed_trader" />
      <PartyTemplateStack min_value="7" max_value="7" troop="NPCCharacter.cla_celt_caravan_guard" />
      <PartyTemplateStack min_value="8" max_value="8" troop="NPCCharacter.cla_celt_veteran_caravan_guard" />
      <PartyTemplateStack min_value="2" max_value="2" troop="NPCCharacter.cla_celt_caravan_master" />
    </stacks>
  </MBPartyTemplate>

  <MBPartyTemplate id="cla_celt_militia_template" >
      <stacks>
        <PartyTemplateStack min_value="1" max_value="1" troop="NPCCharacter.cla_celt_militia_spearman" />
        <PartyTemplateStack min_value="1" max_value="1" troop="NPCCharacter.cla_celt_militia_archer" />
      </stacks>
  </MBPartyTemplate>

  <MBPartyTemplate id="cla_celt_rebels_template" >
    <stacks>
      <PartyTemplateStack min_value="1" max_value="1" troop="NPCCharacter.cla_celt_recruit" />
    </stacks>
  </MBPartyTemplate>
  
    <MBPartyTemplate id="cla_celt_villager_template" >
      <stacks>
        <PartyTemplateStack min_value="15" max_value="30" troop="NPCCharacter.cla_celt_villager" />
      </stacks>
    </MBPartyTemplate>

  <MBPartyTemplate id="cla_celt_vassal_reward_troops" >
    <stacks>
      <PartyTemplateStack min_value="5" max_value="5" troop="NPCCharacter.cla_celt_infantry_heavy_3" />
      <PartyTemplateStack min_value="5" max_value="5" troop="NPCCharacter.cla_celt_elite_cavalry_3" />
    </stacks>
  </MBPartyTemplate>

</partyTemplates>